latitude,longitude,elevation_m,slope_deg,FAOSOIL,DOMSOI,admin_division_name,country_name,country_code,location_accuracy_km,rainfall_1d,rainfall_3d,rainfall_7d,rainfall_14d,max_rainfall_7d,event_date,landslide_occurred,landslide_trigger,event_title,event_description
25.6623,94.1072,1382.0,9.350342558119696,Ao76-2/3c,Ao,Nagaland,India,IN,1.0,18.1,33.800000000000004,94.2,266.7,23.8,2014-08-25,0,none,Synthetic negative example,No recorded landslide at this location on 2014-08-25
25.6623,94.1072,1382.0,9.350342558119696,Ao76-2/3c,Ao,Nagaland,India,IN,1.0,7.8,103.3,198.0,290.3,75.0,2017-06-03,0,none,Synthetic negative example,No recorded landslide at this location on 2017-06-03
25.6623,94.1072,1382.0,9.350342558119696,Ao76-2/3c,Ao,Nagaland,India,IN,1.0,22.7,76.1,119.3,205.2,39.7,2010-09-15,0,none,Synthetic negative example,No recorded landslide at this location on 2010-09-15
25.5114,90.215,306.0,8.213794389737659,Nd2-2b,Nd,Meghalaya,India,IN,1.0,1.8,21.2,53.5,118.0,29.9,2022-09-25,0,none,Synthetic negative example,No recorded landslide at this location on 2022-09-25
25.5114,90.215,306.0,8.213794389737659,Nd2-2b,Nd,Meghalaya,India,IN,1.0,16.5,68.4,115.5,139.0,40.4,2016-07-19,0,none,Synthetic negative example,No recorded landslide at this location on 2016-07-19
25.5114,90.215,306.0,8.213794389737659,Nd2-2b,Nd,Meghalaya,India,IN,1.0,0.1,4.1,51.1,122.2,18.4,2016-08-05,0,none,Synthetic negative example,No recorded landslide at this location on 2016-08-05
24.808,93.117,39.0,5.900698486822301,Gd25-2a,Gd,Assam,India,IN,1.0,44.9,110.3,162.1,236.1,48.3,2017-06-01,0,none,Synthetic negative example,No recorded landslide at this location on 2017-06-01
24.808,93.117,39.0,5.900698486822301,Gd25-2a,Gd,Assam,India,IN,1.0,4.7,22.6,27.8,71.4,11.9,2016-06-06,0,none,Synthetic negative example,No recorded landslide at this location on 2016-06-06
24.808,93.117,39.0,5.900698486822301,Gd25-2a,Gd,Assam,India,IN,1.0,6.9,78.0,238.0,380.6,102.9,2016-06-19,0,none,Synthetic negative example,No recorded landslide at this location on 2016-06-19
23.7365,92.7146,1024.0,35.93984192404095,Bd61-2c,Bd,Mizoram,India,IN,1.0,2.8,18.0,33.9,151.7,13.1,2017-09-07,0,none,Synthetic negative example,No recorded landslide at this location on 2017-09-07
23.7365,92.7146,1024.0,35.93984192404095,Bd61-2c,Bd,Mizoram,India,IN,1.0,26.7,35.1,65.3,97.9,26.7,2021-06-06,0,none,Synthetic negative example,No recorded landslide at this location on 2021-06-06
23.7365,92.7146,1024.0,35.93984192404095,Bd61-2c,Bd,Mizoram,India,IN,1.0,5.8,19.2,46.7,78.1,13.6,2013-07-21,0,none,Synthetic negative example,No recorded landslide at this location on 2013-07-21
27.3765,88.7628,3756.0,12.964867886244122,I-Bh-U-c,I,Sikkim,India,IN,1.0,45.3,77.89999999999999,139.9,253.9,45.3,2012-08-20,0,none,Synthetic negative example,No recorded landslide at this location on 2012-08-20
27.3765,88.7628,3756.0,12.964867886244122,I-Bh-U-c,I,Sikkim,India,IN,1.0,122.0,158.3,259.1,526.4,122.0,2020-07-09,0,none,Synthetic negative example,No recorded landslide at this location on 2020-07-09
27.3765,88.7628,3756.0,12.964867886244122,I-Bh-U-c,I,Sikkim,India,IN,1.0,23.5,50.900000000000006,135.3,263.1,29.3,2021-06-16,0,none,Synthetic negative example,No recorded landslide at this location on 2021-06-16
23.74182634,92.7141905,930.0,14.76547201733368,Bd61-2c,Bd,Mizoram,India,IN,1.0,1.7,10.4,42.199999999999996,138.4,24.4,2014-09-13,0,none,Synthetic negative example,No recorded landslide at this location on 2014-09-13
23.74182634,92.7141905,930.0,14.76547201733368,Bd61-2c,Bd,Mizoram,India,IN,1.0,26.4,74.8,111.7,131.8,26.4,2019-07-09,0,none,Synthetic negative example,No recorded landslide at this location on 2019-07-09
23.74182634,92.7141905,930.0,14.76547201733368,Bd61-2c,Bd,Mizoram,India,IN,1.0,1.3,39.0,53.1,212.0,19.0,2013-08-28,0,none,Synthetic negative example,No recorded landslide at this location on 2013-08-28
25.48,94.1383,1699.0,16.072160878428527,Ao76-2/3c,Ao,Manipur,India,IN,1.0,13.8,20.400000000000002,47.7,109.0,16.3,2019-08-15,0,none,Synthetic negative example,No recorded landslide at this location on 2019-08-15
25.48,94.1383,1699.0,16.072160878428527,Ao76-2/3c,Ao,Manipur,India,IN,1.0,0.9,7.7,35.4,55.800000000000004,13.3,2021-09-23,0,none,Synthetic negative example,No recorded landslide at this location on 2021-09-23
25.48,94.1383,1699.0,16.072160878428527,Ao76-2/3c,Ao,Manipur,India,IN,1.0,0.6,8.1,101.9,300.3,35.9,2019-07-17,0,none,Synthetic negative example,No recorded landslide at this location on 2019-07-17
23.72988966,92.71495623,980.0,23.342694612103696,Bd61-2c,Bd,Mizoram,India,IN,1.0,1.7,4.8,23.8,115.2,16.1,2010-06-09,0,none,Synthetic negative example,No recorded landslide at this location on 2010-06-09
23.72988966,92.71495623,980.0,23.342694612103696,Bd61-2c,Bd,Mizoram,India,IN,1.0,5.1,19.6,72.1,165.6,20.1,2023-08-05,0,none,Synthetic negative example,No recorded landslide at this location on 2023-08-05
23.72988966,92.71495623,980.0,23.342694612103696,Bd61-2c,Bd,Mizoram,India,IN,1.0,1.5,11.3,54.7,75.9,25.0,2019-06-11,0,none,Synthetic negative example,No recorded landslide at this location on 2019-06-11
27.8458,95.2253,131.0,0.926369172997235,Ao79-a,Ao,Arunachal Pradesh,India,IN,1.0,2.3,2.9,9.6,87.0,4.3,2016-08-22,0,none,Synthetic negative example,No recorded landslide at this location on 2016-08-22
27.8458,95.2253,131.0,0.926369172997235,Ao79-a,Ao,Arunachal Pradesh,India,IN,1.0,30.8,71.2,112.3,179.1,30.8,2021-06-04,0,none,Synthetic negative example,No recorded landslide at this location on 2021-06-04
27.8458,95.2253,131.0,0.926369172997235,Ao79-a,Ao,Arunachal Pradesh,India,IN,1.0,28.6,80.1,148.0,413.9,41.1,2022-06-25,0,none,Synthetic negative example,No recorded landslide at this location on 2022-06-25
26.1666,91.7042,235.0,17.151823509523624,Ao79-a,Ao,Assam,India,IN,1.0,5.8,47.9,134.6,201.6,63.3,2021-07-10,0,none,Synthetic negative example,No recorded landslide at this location on 2021-07-10
26.1666,91.7042,235.0,17.151823509523624,Ao79-a,Ao,Assam,India,IN,1.0,2.9,15.799999999999999,74.6,165.1,40.3,2021-09-20,0,none,Synthetic negative example,No recorded landslide at this location on 2021-09-20
26.1666,91.7042,235.0,17.151823509523624,Ao79-a,Ao,Assam,India,IN,1.0,3.5,43.0,82.6,94.5,24.9,2016-09-01,0,none,Synthetic negative example,No recorded landslide at this location on 2016-09-01
26.1314,91.7548,74.0,7.148839105606214,Nd2-2b,Nd,Assam,India,IN,1.0,49.6,148.7,217.0,458.5,52.3,2023-06-19,0,none,Synthetic negative example,No recorded landslide at this location on 2023-06-19
26.1314,91.7548,74.0,7.148839105606214,Nd2-2b,Nd,Assam,India,IN,1.0,24.6,85.1,165.9,390.5,46.9,2012-08-06,0,none,Synthetic negative example,No recorded landslide at this location on 2012-08-06
26.1314,91.7548,74.0,7.148839105606214,Nd2-2b,Nd,Assam,India,IN,1.0,18.7,30.099999999999998,79.1,258.0,19.6,2012-09-02,0,none,Synthetic negative example,No recorded landslide at this location on 2012-09-02
24.8669,92.3576,20.0,2.0413777681804106,Ge53-3a,Ge,Assam,India,IN,1.0,18.7,37.2,97.7,277.6,34.5,2011-07-07,0,none,Synthetic negative example,No recorded landslide at this location on 2011-07-07
24.8669,92.3576,20.0,2.0413777681804106,Ge53-3a,Ge,Assam,India,IN,1.0,11.5,20.1,157.4,269.1,78.4,2011-07-06,0,none,Synthetic negative example,No recorded landslide at this location on 2011-07-06
24.8669,92.3576,20.0,2.0413777681804106,Ge53-3a,Ge,Assam,India,IN,1.0,2.5,8.8,51.0,200.6,17.1,2019-06-13,0,none,Synthetic negative example,No recorded landslide at this location on 2019-06-13
23.75406693,92.74128531,959.0,22.717560039379222,Bd61-2c,Bd,Mizoram,India,IN,1.0,1.2,60.199999999999996,148.5,201.0,58.4,2017-06-05,0,none,Synthetic negative example,No recorded landslide at this location on 2017-06-05
23.75406693,92.74128531,959.0,22.717560039379222,Bd61-2c,Bd,Mizoram,India,IN,1.0,2.8,5.6,120.3,164.8,53.7,2013-06-27,0,none,Synthetic negative example,No recorded landslide at this location on 2013-06-27
23.75406693,92.74128531,959.0,22.717560039379222,Bd61-2c,Bd,Mizoram,India,IN,1.0,2.9,15.2,80.39999999999999,202.5,31.4,2013-07-03,0,none,Synthetic negative example,No recorded landslide at this location on 2013-07-03
26.1984,94.8158,1884.0,32.421818019787125,Ao76-2/3c,Ao,Nagaland,India,IN,1.0,4.3,22.4,39.6,80.7,15.3,2023-09-23,0,none,Synthetic negative example,No recorded landslide at this location on 2023-09-23
26.1984,94.8158,1884.0,32.421818019787125,Ao76-2/3c,Ao,Nagaland,India,IN,1.0,10.1,27.7,44.1,128.3,11.2,2014-09-15,0,none,Synthetic negative example,No recorded landslide at this location on 2014-09-15
26.1984,94.8158,1884.0,32.421818019787125,Ao76-2/3c,Ao,Nagaland,India,IN,1.0,2.8,24.099999999999998,69.5,140.2,20.3,2013-09-12,0,none,Synthetic negative example,No recorded landslide at this location on 2013-09-12
24.5202,92.7239,40.0,0.0,Gd25-2a,Gd,Assam,India,IN,1.0,8.8,24.6,233.5,318.6,104.2,2016-06-16,0,none,Synthetic negative example,No recorded landslide at this location on 2016-06-16
24.5202,92.7239,40.0,0.0,Gd25-2a,Gd,Assam,India,IN,1.0,18.2,52.099999999999994,105.6,195.8,24.6,2017-08-22,0,none,Synthetic negative example,No recorded landslide at this location on 2017-08-22
24.5202,92.7239,40.0,0.0,Gd25-2a,Gd,Assam,India,IN,1.0,11.5,36.3,138.0,263.9,44.8,2014-06-27,0,none,Synthetic negative example,No recorded landslide at this location on 2014-06-27
26.1147,94.3864,350.0,5.226876247386835,Ao76-2/3c,Ao,Nagaland,India,IN,1.0,8.2,41.4,70.3,137.7,25.2,2010-07-27,0,none,Synthetic negative example,No recorded landslide at this location on 2010-07-27
26.1147,94.3864,350.0,5.226876247386835,Ao76-2/3c,Ao,Nagaland,India,IN,1.0,21.7,49.0,136.4,208.6,36.7,2017-08-06,0,none,Synthetic negative example,No recorded landslide at this location on 2017-08-06
26.1147,94.3864,350.0,5.226876247386835,Ao76-2/3c,Ao,Nagaland,India,IN,1.0,22.0,83.5,138.8,215.9,38.2,2016-07-10,0,none,Synthetic negative example,No recorded landslide at this location on 2016-07-10
26.149,91.7351,52.0,1.852254273911334,Ao79-a,Ao,Assam,India,IN,1.0,7.7,27.6,58.6,200.9,15.0,2010-08-27,0,none,Synthetic negative example,No recorded landslide at this location on 2010-08-27
26.149,91.7351,52.0,1.852254273911334,Ao79-a,Ao,Assam,India,IN,1.0,24.6,80.9,107.3,179.6,47.3,2017-08-03,0,none,Synthetic negative example,No recorded landslide at this location on 2017-08-03
26.149,91.7351,52.0,1.852254273911334,Ao79-a,Ao,Assam,India,IN,1.0,11.3,51.0,199.0,302.4,88.1,2016-07-07,0,none,Synthetic negative example,No recorded landslide at this location on 2016-07-07
26.1699,94.4922,1161.0,42.54038516410769,Ao76-2/3c,Ao,Nagaland,India,IN,1.0,0.8,6.1,49.4,154.9,19.6,2020-08-03,0,none,Synthetic negative example,No recorded landslide at this location on 2020-08-03
26.1699,94.4922,1161.0,42.54038516410769,Ao76-2/3c,Ao,Nagaland,India,IN,1.0,19.2,35.1,108.60000000000001,219.9,44.6,2023-06-17,0,none,Synthetic negative example,No recorded landslide at this location on 2023-06-17
26.1699,94.4922,1161.0,42.54038516410769,Ao76-2/3c,Ao,Nagaland,India,IN,1.0,12.9,49.9,88.8,101.6,21.9,2019-06-09,0,none,Synthetic negative example,No recorded landslide at this location on 2019-06-09
25.8702,94.7844,1140.0,7.675353195263384,Ao76-2/3c,Ao,Nagaland,India,IN,1.0,0.9,2.9,24.200000000000003,270.1,10.8,2018-06-20,0,none,Synthetic negative example,No recorded landslide at this location on 2018-06-20
25.8702,94.7844,1140.0,7.675353195263384,Ao76-2/3c,Ao,Nagaland,India,IN,1.0,25.1,25.700000000000003,74.8,141.5,31.7,2020-09-21,0,none,Synthetic negative example,No recorded landslide at this location on 2020-09-21
25.8702,94.7844,1140.0,7.675353195263384,Ao76-2/3c,Ao,Nagaland,India,IN,1.0,0.0,1.5999999999999999,6.8999999999999995,17.099999999999998,2.8,2023-09-28,0,none,Synthetic negative example,No recorded landslide at this location on 2023-09-28
28.0822,96.5316,582.0,31.735828847521173,I-Af-Bd-2c,I,Arunachal Pradesh,India,IN,1.0,77.3,109.1,175.0,372.1,77.3,2010-08-01,0,none,Synthetic negative example,No recorded landslide at this location on 2010-08-01
28.0822,96.5316,582.0,31.735828847521173,I-Af-Bd-2c,I,Arunachal Pradesh,India,IN,1.0,3.3,29.200000000000003,50.4,223.8,17.6,2017-06-15,0,none,Synthetic negative example,No recorded landslide at this location on 2017-06-15
28.0822,96.5316,582.0,31.735828847521173,I-Af-Bd-2c,I,Arunachal Pradesh,India,IN,1.0,2.8,6.3,64.7,168.2,23.9,2016-08-26,0,none,Synthetic negative example,No recorded landslide at this location on 2016-08-26
25.682,94.1076,1439.0,4.9508487656938565,Ao76-2/3c,Ao,Nagaland,India,IN,1.0,11.5,71.9,119.4,242.4,42.3,2010-07-21,0,none,Synthetic negative example,No recorded landslide at this location on 2010-07-21
25.682,94.1076,1439.0,4.9508487656938565,Ao76-2/3c,Ao,Nagaland,India,IN,1.0,54.6,89.9,96.9,151.1,54.6,2022-07-19,0,none,Synthetic negative example,No recorded landslide at this location on 2022-07-19
25.682,94.1076,1439.0,4.9508487656938565,Ao76-2/3c,Ao,Nagaland,India,IN,1.0,5.1,21.7,35.5,158.4,8.9,2016-07-23,0,none,Synthetic negative example,No recorded landslide at this location on 2016-07-23
25.16,93.686,1016.0,36.10655674778545,Bh16-2/3c,Bh,Manipur,India,IN,1.0,15.5,40.7,84.5,115.3,21.6,2013-06-09,0,none,Synthetic negative example,No recorded landslide at this location on 2013-06-09
25.16,93.686,1016.0,36.10655674778545,Bh16-2/3c,Bh,Manipur,India,IN,1.0,0.3,1.2,37.4,118.7,27.7,2022-07-14,0,none,Synthetic negative example,No recorded landslide at this location on 2022-07-14
25.16,93.686,1016.0,36.10655674778545,Bh16-2/3c,Bh,Manipur,India,IN,1.0,0.0,37.4,78.9,148.0,31.7,2021-07-15,0,none,Synthetic negative example,No recorded landslide at this location on 2021-07-15
26.1965,91.763,93.0,2.7771727466475022,Ao79-a,Ao,Assam,India,IN,1.0,36.7,60.400000000000006,133.3,234.1,36.7,2010-08-05,0,none,Synthetic negative example,No recorded landslide at this location on 2010-08-05
26.1965,91.763,93.0,2.7771727466475022,Ao79-a,Ao,Assam,India,IN,1.0,51.9,61.3,181.7,204.2,68.7,2017-06-16,0,none,Synthetic negative example,No recorded landslide at this location on 2017-06-16
26.1965,91.763,93.0,2.7771727466475022,Ao79-a,Ao,Assam,India,IN,1.0,0.2,30.0,60.9,216.0,18.7,2012-09-04,0,none,Synthetic negative example,No recorded landslide at this location on 2012-09-04
27.8997,93.3497,867.0,6.540767028653907,Ao80-2bc,Ao,Arunachal Pradesh,India,IN,1.0,12.3,70.3,198.7,268.0,47.8,2020-06-08,0,none,Synthetic negative example,No recorded landslide at this location on 2020-06-08
27.8997,93.3497,867.0,6.540767028653907,Ao80-2bc,Ao,Arunachal Pradesh,India,IN,1.0,31.8,90.0,164.0,198.1,36.2,2018-06-17,0,none,Synthetic negative example,No recorded landslide at this location on 2018-06-17
27.8997,93.3497,867.0,6.540767028653907,Ao80-2bc,Ao,Arunachal Pradesh,India,IN,1.0,35.1,78.7,120.9,251.7,35.1,2016-06-17,0,none,Synthetic negative example,No recorded landslide at this location on 2016-06-17
26.1768,91.7702,83.0,30.11204693140904,Ao79-a,Ao,Assam,India,IN,1.0,4.7,42.6,217.1,292.5,91.5,2011-09-12,0,none,Synthetic negative example,No recorded landslide at this location on 2011-09-12
26.1768,91.7702,83.0,30.11204693140904,Ao79-a,Ao,Assam,India,IN,1.0,6.8,32.6,198.9,414.40000000000003,102.4,2014-08-20,0,none,Synthetic negative example,No recorded landslide at this location on 2014-08-20
26.1768,91.7702,83.0,30.11204693140904,Ao79-a,Ao,Assam,India,IN,1.0,11.3,34.4,149.2,300.3,59.9,2012-08-25,0,none,Synthetic negative example,No recorded landslide at this location on 2012-08-25
26.2083,94.5438,1477.0,7.149705606575251,Ao76-2/3c,Ao,Nagaland,India,IN,1.0,13.3,50.2,63.2,88.7,28.7,2023-09-10,0,none,Synthetic negative example,No recorded landslide at this location on 2023-09-10
26.2083,94.5438,1477.0,7.149705606575251,Ao76-2/3c,Ao,Nagaland,India,IN,1.0,5.4,32.8,68.7,184.6,22.6,2021-08-13,0,none,Synthetic negative example,No recorded landslide at this location on 2021-08-13
26.2083,94.5438,1477.0,7.149705606575251,Ao76-2/3c,Ao,Nagaland,India,IN,1.0,19.6,24.700000000000003,104.9,246.3,33.9,2020-08-25,0,none,Synthetic negative example,No recorded landslide at this location on 2020-08-25
27.05374234,88.42572376,229.0,28.07860733151429,Rd29-1a,Rd,Sikkim,India,IN,1.0,0.7,1.0,16.1,64.3,7.5,2016-06-04,0,none,Synthetic negative example,No recorded landslide at this location on 2016-06-04
27.05374234,88.42572376,229.0,28.07860733151429,Rd29-1a,Rd,Sikkim,India,IN,1.0,27.5,120.4,171.4,290.6,57.3,2017-09-03,0,none,Synthetic negative example,No recorded landslide at this location on 2017-09-03
27.05374234,88.42572376,229.0,28.07860733151429,Rd29-1a,Rd,Sikkim,India,IN,1.0,6.9,10.3,52.300000000000004,248.20000000000002,17.3,2012-07-02,0,none,Synthetic negative example,No recorded landslide at this location on 2012-07-02
27.0136,92.6351,221.0,4.832634573500187,Be82-a,Be,Arunachal Pradesh,India,IN,1.0,3.4,27.9,51.0,177.3,14.5,2019-06-24,0,none,Synthetic negative example,No recorded landslide at this location on 2019-06-24
27.0136,92.6351,221.0,4.832634573500187,Be82-a,Be,Arunachal Pradesh,India,IN,1.0,39.4,74.7,142.4,238.29999999999998,39.4,2018-08-02,0,none,Synthetic negative example,No recorded landslide at this location on 2018-08-02
27.0136,92.6351,221.0,4.832634573500187,Be82-a,Be,Arunachal Pradesh,India,IN,1.0,22.4,64.2,221.10000000000002,434.0,64.9,2015-06-15,0,none,Synthetic negative example,No recorded landslide at this location on 2015-06-15
24.5204,92.7264,42.0,1.3764031215077237,Gd25-2a,Gd,Assam,India,IN,1.0,4.4,8.6,142.29999999999998,419.9,112.1,2011-08-01,0,none,Synthetic negative example,No recorded landslide at this location on 2011-08-01
24.5204,92.7264,42.0,1.3764031215077237,Gd25-2a,Gd,Assam,India,IN,1.0,4.9,53.1,154.0,215.1,62.6,2018-07-16,0,none,Synthetic negative example,No recorded landslide at this location on 2018-07-16
24.5204,92.7264,42.0,1.3764031215077237,Gd25-2a,Gd,Assam,India,IN,1.0,4.2,22.3,69.6,131.8,16.0,2013-07-21,0,none,Synthetic negative example,No recorded landslide at this location on 2013-07-21
27.322,88.6087,1509.0,32.9637078729091,Bd32-2bc,Bd,Sikkim,India,IN,1.0,19.8,43.1,561.5,709.7,305.0,2011-08-21,0,none,Synthetic negative example,No recorded landslide at this location on 2011-08-21
27.322,88.6087,1509.0,32.9637078729091,Bd32-2bc,Bd,Sikkim,India,IN,1.0,5.8,34.9,78.3,193.20000000000002,22.0,2014-06-18,0,none,Synthetic negative example,No recorded landslide at this location on 2014-06-18
27.322,88.6087,1509.0,32.9637078729091,Bd32-2bc,Bd,Sikkim,India,IN,1.0,25.9,37.1,55.0,164.9,25.9,2010-06-04,0,none,Synthetic negative example,No recorded landslide at this location on 2010-06-04
23.5397,93.3783,1564.0,10.138358485391878,Bh16-2/3c,Bh,Mizoram,India,IN,1.0,0.2,4.0,23.5,116.9,15.7,2016-06-24,0,none,Synthetic negative example,No recorded landslide at this location on 2016-06-24
23.5397,93.3783,1564.0,10.138358485391878,Bh16-2/3c,Bh,Mizoram,India,IN,1.0,62.2,85.7,120.2,224.3,62.2,2017-07-04,0,none,Synthetic negative example,No recorded landslide at this location on 2017-07-04
23.5397,93.3783,1564.0,10.138358485391878,Bh16-2/3c,Bh,Mizoram,India,IN,1.0,20.3,34.7,57.6,83.8,20.3,2022-06-08,0,none,Synthetic negative example,No recorded landslide at this location on 2022-06-08
26.1049,91.7369,156.0,16.672500924387776,Nd2-2b,Nd,Assam,India,IN,1.0,34.7,65.0,66.60000000000001,89.9,34.7,2023-06-08,0,none,Synthetic negative example,No recorded landslide at this location on 2023-06-08
26.1049,91.7369,156.0,16.672500924387776,Nd2-2b,Nd,Assam,India,IN,1.0,12.1,38.4,127.7,247.70000000000002,55.2,2022-06-23,0,none,Synthetic negative example,No recorded landslide at this location on 2022-06-23
26.1049,91.7369,156.0,16.672500924387776,Nd2-2b,Nd,Assam,India,IN,1.0,30.5,64.8,321.3,599.0,91.4,2012-08-01,0,none,Synthetic negative example,No recorded landslide at this location on 2012-08-01
26.3185,94.5247,1163.0,1.387753790258008,Ao76-2/3c,Ao,Nagaland,India,IN,1.0,6.7,25.6,137.9,181.3,46.2,2023-06-15,0,none,Synthetic negative example,No recorded landslide at this location on 2023-06-15
26.3185,94.5247,1163.0,1.387753790258008,Ao76-2/3c,Ao,Nagaland,India,IN,1.0,23.3,90.8,206.3,280.40000000000003,48.9,2015-07-21,0,none,Synthetic negative example,No recorded landslide at this location on 2015-07-21
26.3185,94.5247,1163.0,1.387753790258008,Ao76-2/3c,Ao,Nagaland,India,IN,1.0,8.7,39.0,96.6,181.1,36.1,2018-08-17,0,none,Synthetic negative example,No recorded landslide at this location on 2018-08-17
23.73504471,92.71060943,941.0,30.27625293414386,Bd61-2c,Bd,Mizoram,India,IN,1.0,22.5,34.0,53.9,163.6,22.5,2021-06-19,0,none,Synthetic negative example,No recorded landslide at this location on 2021-06-19
23.73504471,92.71060943,941.0,30.27625293414386,Bd61-2c,Bd,Mizoram,India,IN,1.0,1.5,33.4,62.099999999999994,227.6,22.9,2021-07-21,0,none,Synthetic negative example,No recorded landslide at this location on 2021-07-21
23.73504471,92.71060943,941.0,30.27625293414386,Bd61-2c,Bd,Mizoram,India,IN,1.0,10.2,19.6,174.5,229.6,120.3,2021-07-17,0,none,Synthetic negative example,No recorded landslide at this location on 2021-07-17
26.048,91.8695,72.0,12.284413866136306,Nd2-2b,Nd,Meghalaya,India,IN,1.0,4.9,10.5,57.4,94.7,20.5,2018-06-12,0,none,Synthetic negative example,No recorded landslide at this location on 2018-06-12
26.048,91.8695,72.0,12.284413866136306,Nd2-2b,Nd,Meghalaya,India,IN,1.0,1.3,29.8,45.5,209.7,17.2,2013-09-11,0,none,Synthetic negative example,No recorded landslide at this location on 2013-09-11
26.048,91.8695,72.0,12.284413866136306,Nd2-2b,Nd,Meghalaya,India,IN,1.0,11.9,57.1,164.9,391.3,53.5,2014-06-28,0,none,Synthetic negative example,No recorded landslide at this location on 2014-06-28
25.5084,90.2191,323.0,23.705749643396505,Nd2-2b,Nd,Meghalaya,India,IN,1.0,2.5,5.7,131.6,236.5,45.0,2015-08-04,0,none,Synthetic negative example,No recorded landslide at this location on 2015-08-04
25.5084,90.2191,323.0,23.705749643396505,Nd2-2b,Nd,Meghalaya,India,IN,1.0,17.8,55.099999999999994,65.5,77.3,20.9,2022-09-02,0,none,Synthetic negative example,No recorded landslide at this location on 2022-09-02
25.5084,90.2191,323.0,23.705749643396505,Nd2-2b,Nd,Meghalaya,India,IN,1.0,14.2,37.9,59.0,123.5,18.4,2010-07-12,0,none,Synthetic negative example,No recorded landslide at this location on 2010-07-12
25.51614662,94.2341227,1646.0,20.170835089310476,Ao76-2/3c,Ao,Nagaland,India,IN,1.0,6.5,17.0,78.7,162.3,28.5,2014-06-13,0,none,Synthetic negative example,No recorded landslide at this location on 2014-06-13
25.51614662,94.2341227,1646.0,20.170835089310476,Ao76-2/3c,Ao,Nagaland,India,IN,1.0,3.6,6.9,21.7,42.4,9.2,2018-06-03,0,none,Synthetic negative example,No recorded landslide at this location on 2018-06-03
25.51614662,94.2341227,1646.0,20.170835089310476,Ao76-2/3c,Ao,Nagaland,India,IN,1.0,1.3,29.8,65.5,139.0,19.8,2019-08-03,0,none,Synthetic negative example,No recorded landslide at this location on 2019-08-03
26.1868,91.6739,49.0,2.9622641720368694,Ao79-a,Ao,Assam,India,IN,1.0,7.7,38.2,87.5,194.8,19.7,2014-08-28,0,none,Synthetic negative example,No recorded landslide at this location on 2014-08-28
26.1868,91.6739,49.0,2.9622641720368694,Ao79-a,Ao,Assam,India,IN,1.0,79.9,181.6,206.8,208.1,79.9,2023-06-10,0,none,Synthetic negative example,No recorded landslide at this location on 2023-06-10
26.1868,91.6739,49.0,2.9622641720368694,Ao79-a,Ao,Assam,India,IN,1.0,12.9,45.7,196.7,429.2,80.6,2011-07-27,0,none,Synthetic negative example,No recorded landslide at this location on 2011-07-27
25.4477,94.0489,1325.0,24.119907126086968,Ao76-2/3c,Ao,Manipur,India,IN,1.0,3.0,18.799999999999997,36.4,73.6,9.2,2023-06-28,0,none,Synthetic negative example,No recorded landslide at this location on 2023-06-28
25.4477,94.0489,1325.0,24.119907126086968,Ao76-2/3c,Ao,Manipur,India,IN,1.0,2.5,15.8,22.3,49.0,10.0,2023-09-11,0,none,Synthetic negative example,No recorded landslide at this location on 2023-09-11
25.4477,94.0489,1325.0,24.119907126086968,Ao76-2/3c,Ao,Manipur,India,IN,1.0,8.4,14.5,47.4,63.4,16.0,2018-06-10,0,none,Synthetic negative example,No recorded landslide at this location on 2018-06-10
26.3335,94.5512,1372.0,7.704690069377325,Ao76-2/3c,Ao,Nagaland,India,IN,1.0,6.6,28.0,85.3,230.4,24.9,2013-08-19,0,none,Synthetic negative example,No recorded landslide at this location on 2013-08-19
26.3335,94.5512,1372.0,7.704690069377325,Ao76-2/3c,Ao,Nagaland,India,IN,1.0,6.3,14.4,103.3,284.2,32.0,2018-08-12,0,none,Synthetic negative example,No recorded landslide at this location on 2018-08-12
26.3335,94.5512,1372.0,7.704690069377325,Ao76-2/3c,Ao,Nagaland,India,IN,1.0,5.0,37.1,127.7,218.5,67.5,2022-07-13,0,none,Synthetic negative example,No recorded landslide at this location on 2022-07-13
27.5798729,91.85672387,2745.0,23.60412220046119,Ao80-2bc,Ao,Arunachal Pradesh,India,IN,1.0,15.0,132.0,202.3,455.3,62.4,2014-08-26,0,none,Synthetic negative example,No recorded landslide at this location on 2014-08-26
27.5798729,91.85672387,2745.0,23.60412220046119,Ao80-2bc,Ao,Arunachal Pradesh,India,IN,1.0,1.9,6.9,43.9,92.60000000000001,20.1,2022-07-26,0,none,Synthetic negative example,No recorded landslide at this location on 2022-07-26
27.5798729,91.85672387,2745.0,23.60412220046119,Ao80-2bc,Ao,Arunachal Pradesh,India,IN,1.0,20.5,46.5,148.3,323.5,33.4,2014-07-04,0,none,Synthetic negative example,No recorded landslide at this location on 2014-07-04
27.6163,88.6586,1842.0,31.364113895216203,Bd32-2bc,Bd,Sikkim,India,IN,1.0,15.5,85.3,194.1,268.0,60.8,2013-06-02,0,none,Synthetic negative example,No recorded landslide at this location on 2013-06-02
27.6163,88.6586,1842.0,31.364113895216203,Bd32-2bc,Bd,Sikkim,India,IN,1.0,49.0,113.8,237.4,539.0,67.7,2021-08-25,0,none,Synthetic negative example,No recorded landslide at this location on 2021-08-25
27.6163,88.6586,1842.0,31.364113895216203,Bd32-2bc,Bd,Sikkim,India,IN,1.0,14.0,44.3,81.4,310.8,20.7,2011-09-01,0,none,Synthetic negative example,No recorded landslide at this location on 2011-09-01
24.5308,92.5121,58.0,10.280713071431196,Gd25-2a,Gd,Assam,India,IN,1.0,4.1,7.8,19.4,90.7,7.9,2018-09-12,0,none,Synthetic negative example,No recorded landslide at this location on 2018-09-12
24.5308,92.5121,58.0,10.280713071431196,Gd25-2a,Gd,Assam,India,IN,1.0,4.3,31.7,78.5,162.2,31.7,2011-06-11,0,none,Synthetic negative example,No recorded landslide at this location on 2011-06-11
24.5308,92.5121,58.0,10.280713071431196,Gd25-2a,Gd,Assam,India,IN,1.0,10.6,66.8,149.6,210.3,29.8,2015-06-25,0,none,Synthetic negative example,No recorded landslide at this location on 2015-06-25
27.9032,96.174,208.0,0.926369172997235,Af48-2ab,Af,Arunachal Pradesh,India,IN,1.0,11.9,32.6,50.0,124.2,15.0,2020-08-28,0,none,Synthetic negative example,No recorded landslide at this location on 2020-08-28
27.9032,96.174,208.0,0.926369172997235,Af48-2ab,Af,Arunachal Pradesh,India,IN,1.0,11.9,37.8,143.29999999999998,279.5,50.8,2018-09-05,0,none,Synthetic negative example,No recorded landslide at this location on 2018-09-05
27.9032,96.174,208.0,0.926369172997235,Af48-2ab,Af,Arunachal Pradesh,India,IN,1.0,79.7,243.7,371.1,466.0,89.5,2021-07-01,0,none,Synthetic negative example,No recorded landslide at this location on 2021-07-01
25.9703,91.8584,285.0,11.565823006032677,Nd2-2b,Nd,Meghalaya,India,IN,1.0,25.6,45.3,155.5,433.9,47.2,2018-08-07,0,none,Synthetic negative example,No recorded landslide at this location on 2018-08-07
25.9703,91.8584,285.0,11.565823006032677,Nd2-2b,Nd,Meghalaya,India,IN,1.0,5.9,35.3,165.1,219.70000000000002,84.2,2010-08-22,0,none,Synthetic negative example,No recorded landslide at this location on 2010-08-22
25.9703,91.8584,285.0,11.565823006032677,Nd2-2b,Nd,Meghalaya,India,IN,1.0,17.3,39.5,43.9,169.1,17.3,2010-08-14,0,none,Synthetic negative example,No recorded landslide at this location on 2010-08-14
25.5145,90.2023,313.0,11.56504348955916,Nd2-2b,Nd,Meghalaya,India,IN,1.0,14.1,38.3,90.2,243.0,18.6,2014-08-22,0,none,Synthetic negative example,No recorded landslide at this location on 2014-08-22
25.5145,90.2023,313.0,11.56504348955916,Nd2-2b,Nd,Meghalaya,India,IN,1.0,3.6,8.2,44.6,63.9,19.9,2018-09-09,0,none,Synthetic negative example,No recorded landslide at this location on 2018-09-09
25.5145,90.2023,313.0,11.56504348955916,Nd2-2b,Nd,Meghalaya,India,IN,1.0,2.3,7.9,16.2,58.1,3.7,2021-09-08,0,none,Synthetic negative example,No recorded landslide at this location on 2021-09-08
26.7223,95.0243,698.0,15.584319140976891,Ao76-2/3c,Ao,Nagaland,India,IN,1.0,29.3,70.7,110.6,219.5,29.3,2010-09-13,0,none,Synthetic negative example,No recorded landslide at this location on 2010-09-13
26.7223,95.0243,698.0,15.584319140976891,Ao76-2/3c,Ao,Nagaland,India,IN,1.0,14.8,34.7,82.9,178.5,19.4,2017-08-07,0,none,Synthetic negative example,No recorded landslide at this location on 2017-08-07
26.7223,95.0243,698.0,15.584319140976891,Ao76-2/3c,Ao,Nagaland,India,IN,1.0,7.7,28.7,101.1,250.0,24.7,2015-06-26,0,none,Synthetic negative example,No recorded landslide at this location on 2015-06-26
24.9829,93.5063,1305.0,31.44272371697256,Bh16-2/3c,Bh,Assam,India,IN,5.0,59.4,104.6,209.0,255.3,59.4,2015-07-22,0,none,Synthetic negative example,No recorded landslide at this location on 2015-07-22
24.9829,93.5063,1305.0,31.44272371697256,Bh16-2/3c,Bh,Assam,India,IN,5.0,10.3,20.1,53.4,224.4,15.9,2014-07-02,0,none,Synthetic negative example,No recorded landslide at this location on 2014-07-02
24.9829,93.5063,1305.0,31.44272371697256,Bh16-2/3c,Bh,Assam,India,IN,5.0,11.3,56.6,101.7,175.8,32.6,2023-07-28,0,none,Synthetic negative example,No recorded landslide at this location on 2023-07-28
26.1295,91.7056,142.0,5.55400861892472,Ao79-a,Ao,Assam,India,IN,5.0,11.7,13.1,60.6,89.2,18.6,2022-06-07,0,none,Synthetic negative example,No recorded landslide at this location on 2022-06-07
26.1295,91.7056,142.0,5.55400861892472,Ao79-a,Ao,Assam,India,IN,5.0,35.2,66.6,124.1,157.7,35.2,2012-06-03,0,none,Synthetic negative example,No recorded landslide at this location on 2012-06-03
26.1295,91.7056,142.0,5.55400861892472,Ao79-a,Ao,Assam,India,IN,5.0,2.9,52.0,132.5,298.8,35.8,2023-07-08,0,none,Synthetic negative example,No recorded landslide at this location on 2023-07-08
25.7055,94.0132,1451.0,14.569286101009892,Ao76-2/3c,Ao,Nagaland,India,IN,5.0,15.2,35.0,130.0,207.5,29.8,2016-09-10,0,none,Synthetic negative example,No recorded landslide at this location on 2016-09-10
25.7055,94.0132,1451.0,14.569286101009892,Ao76-2/3c,Ao,Nagaland,India,IN,5.0,4.7,30.2,58.4,236.3,20.2,2019-07-22,0,none,Synthetic negative example,No recorded landslide at this location on 2019-07-22
25.7055,94.0132,1451.0,14.569286101009892,Ao76-2/3c,Ao,Nagaland,India,IN,5.0,2.8,20.4,108.30000000000001,278.1,45.2,2018-09-06,0,none,Synthetic negative example,No recorded landslide at this location on 2018-09-06
27.5748,91.8644,2687.0,11.67372935280908,Ao80-2bc,Ao,Arunachal Pradesh,India,IN,5.0,13.8,115.9,155.70000000000002,326.2,80.4,2012-07-13,0,none,Synthetic negative example,No recorded landslide at this location on 2012-07-13
27.5748,91.8644,2687.0,11.67372935280908,Ao80-2bc,Ao,Arunachal Pradesh,India,IN,5.0,44.6,81.9,168.7,277.5,44.6,2014-07-20,0,none,Synthetic negative example,No recorded landslide at this location on 2014-07-20
27.5748,91.8644,2687.0,11.67372935280908,Ao80-2bc,Ao,Arunachal Pradesh,India,IN,5.0,13.3,32.5,84.8,147.8,20.0,2017-09-06,0,none,Synthetic negative example,No recorded landslide at this location on 2017-09-06
24.7016,93.5291,657.0,12.984858642158148,Bh16-2/3c,Bh,Manipur,India,IN,5.0,10.6,27.2,69.8,121.3,13.8,2020-07-12,0,none,Synthetic negative example,No recorded landslide at this location on 2020-07-12
24.7016,93.5291,657.0,12.984858642158148,Bh16-2/3c,Bh,Manipur,India,IN,5.0,45.9,87.9,144.2,209.2,45.9,2011-08-08,0,none,Synthetic negative example,No recorded landslide at this location on 2011-08-08
24.7016,93.5291,657.0,12.984858642158148,Bh16-2/3c,Bh,Manipur,India,IN,5.0,20.5,34.4,73.6,136.5,20.5,2013-09-15,0,none,Synthetic negative example,No recorded landslide at this location on 2013-09-15
25.1416,92.3807,158.0,10.756185231515634,Ge53-3a,Ge,Meghalaya,India,IN,5.0,7.4,22.900000000000002,104.10000000000001,223.3,34.1,2013-09-11,0,none,Synthetic negative example,No recorded landslide at this location on 2013-09-11
25.1416,92.3807,158.0,10.756185231515634,Ge53-3a,Ge,Meghalaya,India,IN,5.0,13.2,17.099999999999998,83.7,179.0,51.0,2022-08-03,0,none,Synthetic negative example,No recorded landslide at this location on 2022-08-03
25.1416,92.3807,158.0,10.756185231515634,Ge53-3a,Ge,Meghalaya,India,IN,5.0,17.9,36.0,59.7,169.5,18.5,2014-07-14,0,none,Synthetic negative example,No recorded landslide at this location on 2014-07-14
23.73478778,92.72124394,980.0,23.248272553867388,Bd61-2c,Bd,Mizoram,India,IN,5.0,18.3,29.1,49.5,137.3,18.3,2017-09-27,0,none,Synthetic negative example,No recorded landslide at this location on 2017-09-27
23.73478778,92.72124394,980.0,23.248272553867388,Bd61-2c,Bd,Mizoram,India,IN,5.0,1.8,4.7,16.2,101.3,7.0,2020-06-07,0,none,Synthetic negative example,No recorded landslide at this location on 2020-06-07
23.73478778,92.72124394,980.0,23.248272553867388,Bd61-2c,Bd,Mizoram,India,IN,5.0,7.3,26.0,52.4,105.5,14.3,2017-07-06,0,none,Synthetic negative example,No recorded landslide at this location on 2017-07-06
26.1324,91.8342,67.0,2.7771727466475022,Nd2-2b,Nd,Assam,India,IN,5.0,0.3,16.2,63.3,123.2,30.4,2018-07-19,0,none,Synthetic negative example,No recorded landslide at this location on 2018-07-19
26.1324,91.8342,67.0,2.7771727466475022,Nd2-2b,Nd,Assam,India,IN,5.0,22.2,55.6,89.9,216.7,28.6,2017-07-20,0,none,Synthetic negative example,No recorded landslide at this location on 2017-07-20
26.1324,91.8342,67.0,2.7771727466475022,Nd2-2b,Nd,Assam,India,IN,5.0,102.4,218.6,268.5,424.5,105.5,2014-08-14,0,none,Synthetic negative example,No recorded landslide at this location on 2014-08-14
26.1961,91.7825,124.0,12.523591942861296,Ao79-a,Ao,Assam,India,IN,5.0,8.3,22.900000000000002,68.5,186.9,20.2,2010-09-13,0,none,Synthetic negative example,No recorded landslide at this location on 2010-09-13
26.1961,91.7825,124.0,12.523591942861296,Ao79-a,Ao,Assam,India,IN,5.0,12.6,51.4,127.1,200.6,37.4,2020-08-22,0,none,Synthetic negative example,No recorded landslide at this location on 2020-08-22
26.1961,91.7825,124.0,12.523591942861296,Ao79-a,Ao,Assam,India,IN,5.0,23.0,78.8,187.0,268.1,33.7,2018-08-28,0,none,Synthetic negative example,No recorded landslide at this location on 2018-08-28
26.3186,94.5121,1250.0,14.80546141353928,Ao76-2/3c,Ao,Nagaland,India,IN,5.0,12.9,66.2,84.10000000000001,194.4,36.2,2017-07-21,0,none,Synthetic negative example,No recorded landslide at this location on 2017-07-21
26.3186,94.5121,1250.0,14.80546141353928,Ao76-2/3c,Ao,Nagaland,India,IN,5.0,23.0,116.7,134.1,271.6,78.0,2015-07-06,0,none,Synthetic negative example,No recorded landslide at this location on 2015-07-06
26.3186,94.5121,1250.0,14.80546141353928,Ao76-2/3c,Ao,Nagaland,India,IN,5.0,24.3,66.7,216.9,306.3,81.8,2015-08-25,0,none,Synthetic negative example,No recorded landslide at this location on 2015-08-25
26.7215,95.0283,722.0,13.369645277910749,Ao76-2/3c,Ao,Nagaland,India,IN,5.0,38.1,47.2,83.1,188.8,38.1,2016-08-04,0,none,Synthetic negative example,No recorded landslide at this location on 2016-08-04
26.7215,95.0283,722.0,13.369645277910749,Ao76-2/3c,Ao,Nagaland,India,IN,5.0,14.4,42.7,100.6,182.0,18.4,2016-07-02,0,none,Synthetic negative example,No recorded landslide at this location on 2016-07-02
26.7215,95.0283,722.0,13.369645277910749,Ao76-2/3c,Ao,Nagaland,India,IN,5.0,23.3,42.4,64.7,287.5,23.3,2018-08-10,0,none,Synthetic negative example,No recorded landslide at this location on 2018-08-10
25.0728,92.3636,130.0,10.024134913751013,Ge53-3a,Ge,Meghalaya,India,IN,5.0,24.1,72.7,184.20000000000002,387.5,37.2,2021-08-12,0,none,Synthetic negative example,No recorded landslide at this location on 2021-08-12
25.0728,92.3636,130.0,10.024134913751013,Ge53-3a,Ge,Meghalaya,India,IN,5.0,23.1,138.0,195.5,398.4,68.5,2020-07-22,0,none,Synthetic negative example,No recorded landslide at this location on 2020-07-22
25.0728,92.3636,130.0,10.024134913751013,Ge53-3a,Ge,Meghalaya,India,IN,5.0,17.5,21.3,48.300000000000004,95.8,25.1,2016-08-26,0,none,Synthetic negative example,No recorded landslide at this location on 2016-08-26
26.1062,91.8717,246.0,6.166308477023598,Nd2-2b,Nd,Assam,India,IN,5.0,2.4,12.299999999999999,53.9,144.2,26.6,2020-08-25,0,none,Synthetic negative example,No recorded landslide at this location on 2020-08-25
26.1062,91.8717,246.0,6.166308477023598,Nd2-2b,Nd,Assam,India,IN,5.0,4.1,27.0,85.3,100.8,28.0,2020-08-14,0,none,Synthetic negative example,No recorded landslide at this location on 2020-08-14
26.1062,91.8717,246.0,6.166308477023598,Nd2-2b,Nd,Assam,India,IN,5.0,6.2,13.9,41.9,96.6,14.1,2022-09-27,0,none,Synthetic negative example,No recorded landslide at this location on 2022-09-27
27.172,88.5292,322.0,37.359591147855866,Bd32-2bc,Bd,Sikkim,India,IN,5.0,1.3,44.3,106.10000000000001,285.9,32.7,2022-08-07,0,none,Synthetic negative example,No recorded landslide at this location on 2022-08-07
27.172,88.5292,322.0,37.359591147855866,Bd32-2bc,Bd,Sikkim,India,IN,5.0,22.3,79.1,122.6,657.3,36.3,2010-07-20,0,none,Synthetic negative example,No recorded landslide at this location on 2010-07-20
27.172,88.5292,322.0,37.359591147855866,Bd32-2bc,Bd,Sikkim,India,IN,5.0,2.1,10.8,34.8,130.2,11.7,2014-06-17,0,none,Synthetic negative example,No recorded landslide at this location on 2014-06-17
28.611,94.9829,1668.0,32.48339327835614,Ao80-2bc,Ao,Arunachal Pradesh,India,IN,5.0,44.9,80.6,100.5,610.6,44.9,2018-09-22,0,none,Synthetic negative example,No recorded landslide at this location on 2018-09-22
28.611,94.9829,1668.0,32.48339327835614,Ao80-2bc,Ao,Arunachal Pradesh,India,IN,5.0,10.1,33.4,100.8,317.8,49.0,2016-07-09,0,none,Synthetic negative example,No recorded landslide at this location on 2016-07-09
28.611,94.9829,1668.0,32.48339327835614,Ao80-2bc,Ao,Arunachal Pradesh,India,IN,5.0,9.5,33.7,60.7,122.5,18.5,2010-08-16,0,none,Synthetic negative example,No recorded landslide at this location on 2010-08-16
26.1407,91.7645,61.0,2.96212250130175,Af48-2ab,Af,Assam,India,IN,5.0,14.7,86.6,119.2,192.8,47.3,2017-08-04,0,none,Synthetic negative example,No recorded landslide at this location on 2017-08-04
26.1407,91.7645,61.0,2.96212250130175,Af48-2ab,Af,Assam,India,IN,5.0,2.6,53.2,127.5,180.9,57.1,2015-06-01,0,none,Synthetic negative example,No recorded landslide at this location on 2015-06-01
26.1407,91.7645,61.0,2.96212250130175,Af48-2ab,Af,Assam,India,IN,5.0,14.1,64.7,243.0,353.7,92.5,2016-08-10,0,none,Synthetic negative example,No recorded landslide at this location on 2016-08-10
23.8986,91.7599,188.0,9.238837475306015,Bd61-2c,Bd,Tripura,India,IN,5.0,7.9,16.7,65.5,85.8,26.0,2018-06-05,0,none,Synthetic negative example,No recorded landslide at this location on 2018-06-05
23.8986,91.7599,188.0,9.238837475306015,Bd61-2c,Bd,Tripura,India,IN,5.0,1.2,12.4,32.9,86.60000000000001,9.6,2022-07-10,0,none,Synthetic negative example,No recorded landslide at this location on 2022-07-10
23.8986,91.7599,188.0,9.238837475306015,Bd61-2c,Bd,Tripura,India,IN,5.0,7.4,12.4,39.2,105.3,15.9,2019-07-25,0,none,Synthetic negative example,No recorded landslide at this location on 2019-07-25
23.7313,92.7187,1024.0,15.805360539732332,Bd61-2c,Bd,Mizoram,India,IN,5.0,0.1,3.6,23.3,47.5,8.6,2022-06-07,0,none,Synthetic negative example,No recorded landslide at this location on 2022-06-07
23.7313,92.7187,1024.0,15.805360539732332,Bd61-2c,Bd,Mizoram,India,IN,5.0,6.8,17.6,56.4,99.6,16.3,2010-09-08,0,none,Synthetic negative example,No recorded landslide at this location on 2010-09-08
23.7313,92.7187,1024.0,15.805360539732332,Bd61-2c,Bd,Mizoram,India,IN,5.0,12.7,15.799999999999999,35.699999999999996,487.7,16.2,2015-08-07,0,none,Synthetic negative example,No recorded landslide at this location on 2015-08-07
25.0318,92.4584,82.0,17.3079457888422,Ge53-3a,Ge,Assam,India,IN,5.0,28.6,52.1,122.30000000000001,209.0,44.7,2012-08-12,0,none,Synthetic negative example,No recorded landslide at this location on 2012-08-12
25.0318,92.4584,82.0,17.3079457888422,Ge53-3a,Ge,Assam,India,IN,5.0,4.4,13.3,38.7,177.5,8.4,2016-08-01,0,none,Synthetic negative example,No recorded landslide at this location on 2016-08-01
25.0318,92.4584,82.0,17.3079457888422,Ge53-3a,Ge,Assam,India,IN,5.0,15.2,95.4,210.1,536.3,67.4,2017-09-12,0,none,Synthetic negative example,No recorded landslide at this location on 2017-09-12
25.463,92.2121,1379.0,2.1170938186387036,Ao74-2b,Ao,Meghalaya,India,IN,5.0,16.1,31.400000000000002,68.2,172.1,16.1,2013-08-16,0,none,Synthetic negative example,No recorded landslide at this location on 2013-08-16
25.463,92.2121,1379.0,2.1170938186387036,Ao74-2b,Ao,Meghalaya,India,IN,5.0,10.6,14.6,22.3,48.7,10.6,2020-08-14,0,none,Synthetic negative example,No recorded landslide at this location on 2020-08-14
25.463,92.2121,1379.0,2.1170938186387036,Ao74-2b,Ao,Meghalaya,India,IN,5.0,7.5,22.5,74.8,220.20000000000002,33.0,2015-08-07,0,none,Synthetic negative example,No recorded landslide at this location on 2015-08-07
27.1695,88.3664,1583.0,23.603277744846192,Rd29-1a,Rd,Sikkim,India,IN,5.0,20.0,86.9,292.9,579.6999999999999,103.1,2020-09-15,0,none,Synthetic negative example,No recorded landslide at this location on 2020-09-15
27.1695,88.3664,1583.0,23.603277744846192,Rd29-1a,Rd,Sikkim,India,IN,5.0,35.1,101.3,230.1,455.4,45.6,2010-07-24,0,none,Synthetic negative example,No recorded landslide at this location on 2010-07-24
27.1695,88.3664,1583.0,23.603277744846192,Rd29-1a,Rd,Sikkim,India,IN,5.0,18.5,85.30000000000001,212.4,358.5,45.2,2012-06-13,0,none,Synthetic negative example,No recorded landslide at this location on 2012-06-13
24.7339,93.9161,879.0,14.24689258589194,Ao76-2/3c,Ao,Manipur,India,IN,5.0,8.9,21.5,67.6,237.4,20.2,2017-06-23,0,none,Synthetic negative example,No recorded landslide at this location on 2017-06-23
24.7339,93.9161,879.0,14.24689258589194,Ao76-2/3c,Ao,Manipur,India,IN,5.0,0.4,0.7,28.1,99.5,8.8,2023-09-05,0,none,Synthetic negative example,No recorded landslide at this location on 2023-09-05
24.7339,93.9161,879.0,14.24689258589194,Ao76-2/3c,Ao,Manipur,India,IN,5.0,2.9,3.6,7.6,34.8,2.9,2013-09-24,0,none,Synthetic negative example,No recorded landslide at this location on 2013-09-24
28.9986,94.8885,587.0,9.700569437024638,I-Af-Bd-2c,I,Arunachal Pradesh,India,IN,5.0,36.8,76.6,317.9,483.1,67.3,2011-06-08,0,none,Synthetic negative example,No recorded landslide at this location on 2011-06-08
28.9986,94.8885,587.0,9.700569437024638,I-Af-Bd-2c,I,Arunachal Pradesh,India,IN,5.0,67.0,141.6,235.8,502.9,67.0,2012-08-02,0,none,Synthetic negative example,No recorded landslide at this location on 2012-08-02
28.9986,94.8885,587.0,9.700569437024638,I-Af-Bd-2c,I,Arunachal Pradesh,India,IN,5.0,33.3,76.1,132.0,210.7,33.3,2014-08-07,0,none,Synthetic negative example,No recorded landslide at this location on 2014-08-07
26.1016,91.6906,112.0,39.5106853976653,Ao77-2a,Ao,Assam,India,IN,5.0,4.9,32.400000000000006,60.5,140.70000000000002,22.6,2019-06-09,0,none,Synthetic negative example,No recorded landslide at this location on 2019-06-09
26.1016,91.6906,112.0,39.5106853976653,Ao77-2a,Ao,Assam,India,IN,5.0,3.7,20.1,63.0,120.3,30.3,2013-09-21,0,none,Synthetic negative example,No recorded landslide at this location on 2013-09-21
26.1016,91.6906,112.0,39.5106853976653,Ao77-2a,Ao,Assam,India,IN,5.0,7.5,23.9,68.5,261.7,39.9,2015-07-01,0,none,Synthetic negative example,No recorded landslide at this location on 2015-07-01
25.8877,94.7861,1166.0,7.440685346262844,Ao76-2/3c,Ao,Nagaland,India,IN,5.0,9.1,27.5,64.5,79.7,15.8,2015-06-15,0,none,Synthetic negative example,No recorded landslide at this location on 2015-06-15
25.8877,94.7861,1166.0,7.440685346262844,Ao76-2/3c,Ao,Nagaland,India,IN,5.0,7.0,18.1,59.1,110.10000000000001,34.2,2020-09-07,0,none,Synthetic negative example,No recorded landslide at this location on 2020-09-07
25.8877,94.7861,1166.0,7.440685346262844,Ao76-2/3c,Ao,Nagaland,India,IN,5.0,0.0,10.8,71.4,204.0,56.6,2019-08-11,0,none,Synthetic negative example,No recorded landslide at this location on 2019-08-11
24.0896,91.4663,107.0,7.483527022769612,Bd61-2c,Bd,Tripura,India,IN,5.0,10.6,11.7,64.0,100.5,35.9,2022-08-27,0,none,Synthetic negative example,No recorded landslide at this location on 2022-08-27
24.0896,91.4663,107.0,7.483527022769612,Bd61-2c,Bd,Tripura,India,IN,5.0,2.6,4.8,21.6,54.9,8.0,2012-07-27,0,none,Synthetic negative example,No recorded landslide at this location on 2012-07-27
24.0896,91.4663,107.0,7.483527022769612,Bd61-2c,Bd,Tripura,India,IN,5.0,43.3,109.9,150.3,221.1,45.1,2011-07-01,0,none,Synthetic negative example,No recorded landslide at this location on 2011-07-01
25.0985,94.3619,1892.0,10.523133627119554,Bh16-2/3c,Bh,Manipur,India,IN,5.0,1.6,3.5,75.3,283.5,27.2,2017-07-18,0,none,Synthetic negative example,No recorded landslide at this location on 2017-07-18
25.0985,94.3619,1892.0,10.523133627119554,Bh16-2/3c,Bh,Manipur,India,IN,5.0,3.5,19.4,47.3,76.5,13.8,2016-09-06,0,none,Synthetic negative example,No recorded landslide at this location on 2016-09-06
25.0985,94.3619,1892.0,10.523133627119554,Bh16-2/3c,Bh,Manipur,India,IN,5.0,11.9,42.7,91.7,138.7,23.7,2013-07-15,0,none,Synthetic negative example,No recorded landslide at this location on 2013-07-15
23.0137,91.7174,28.0,4.124319018386397,Af46-1/2a,Af,Tripura,India,IN,5.0,0.5,5.3,25.6,147.8,9.9,2013-08-09,0,none,Synthetic negative example,No recorded landslide at this location on 2013-08-09
23.0137,91.7174,28.0,4.124319018386397,Af46-1/2a,Af,Tripura,India,IN,5.0,28.1,68.4,121.8,183.6,28.1,2021-07-28,0,none,Synthetic negative example,No recorded landslide at this location on 2021-07-28
23.0137,91.7174,28.0,4.124319018386397,Af46-1/2a,Af,Tripura,India,IN,5.0,3.4,12.8,33.1,164.2,11.3,2013-07-10,0,none,Synthetic negative example,No recorded landslide at this location on 2013-07-10
25.3179,94.0462,998.0,23.248847186308105,Ao76-2/3c,Ao,Nagaland,India,IN,5.0,3.5,9.5,26.4,113.3,7.4,2017-08-24,0,none,Synthetic negative example,No recorded landslide at this location on 2017-08-24
25.3179,94.0462,998.0,23.248847186308105,Ao76-2/3c,Ao,Nagaland,India,IN,5.0,14.5,30.0,47.6,105.4,14.5,2014-08-14,0,none,Synthetic negative example,No recorded landslide at this location on 2014-08-14
25.3179,94.0462,998.0,23.248847186308105,Ao76-2/3c,Ao,Nagaland,India,IN,5.0,3.5,13.1,38.1,132.6,10.6,2021-06-26,0,none,Synthetic negative example,No recorded landslide at this location on 2021-06-26
25.6263,94.1057,1511.0,16.03432433908622,Ao76-2/3c,Ao,Nagaland,India,IN,5.0,28.0,67.9,84.4,191.0,28.0,2013-06-06,0,none,Synthetic negative example,No recorded landslide at this location on 2013-06-06
25.6263,94.1057,1511.0,16.03432433908622,Ao76-2/3c,Ao,Nagaland,India,IN,5.0,23.2,100.60000000000001,225.0,302.1,46.4,2020-09-13,0,none,Synthetic negative example,No recorded landslide at this location on 2020-09-13
25.6263,94.1057,1511.0,16.03432433908622,Ao76-2/3c,Ao,Nagaland,India,IN,5.0,4.4,9.6,79.60000000000001,295.4,29.1,2019-06-27,0,none,Synthetic negative example,No recorded landslide at this location on 2019-06-27
24.3069,93.125,750.0,29.11681749159973,Bh16-2/3c,Bh,Mizoram,India,IN,5.0,2.7,35.7,94.4,157.9,23.3,2011-09-24,0,none,Synthetic negative example,No recorded landslide at this location on 2011-09-24
24.3069,93.125,750.0,29.11681749159973,Bh16-2/3c,Bh,Mizoram,India,IN,5.0,31.1,67.2,112.3,151.4,31.1,2020-08-20,0,none,Synthetic negative example,No recorded landslide at this location on 2020-08-20
24.3069,93.125,750.0,29.11681749159973,Bh16-2/3c,Bh,Mizoram,India,IN,5.0,5.8,12.5,89.7,141.5,50.1,2022-07-22,0,none,Synthetic negative example,No recorded landslide at this location on 2022-07-22
25.5007,93.9854,1429.0,19.350128854289956,Bh16-2/3c,Bh,Manipur,India,IN,5.0,45.8,150.5,215.3,304.4,66.0,2011-08-08,0,none,Synthetic negative example,No recorded landslide at this location on 2011-08-08
25.5007,93.9854,1429.0,19.350128854289956,Bh16-2/3c,Bh,Manipur,India,IN,5.0,7.2,36.6,93.3,252.4,36.4,2017-07-05,0,none,Synthetic negative example,No recorded landslide at this location on 2017-07-05
25.5007,93.9854,1429.0,19.350128854289956,Bh16-2/3c,Bh,Manipur,India,IN,5.0,12.0,29.9,88.8,140.0,24.5,2016-07-28,0,none,Synthetic negative example,No recorded landslide at this location on 2016-07-28
25.70223725,94.04619681,1013.0,9.356034364378676,Ao76-2/3c,Ao,Nagaland,India,IN,5.0,36.7,67.4,186.5,341.2,50.1,2011-07-26,0,none,Synthetic negative example,No recorded landslide at this location on 2011-07-26
25.70223725,94.04619681,1013.0,9.356034364378676,Ao76-2/3c,Ao,Nagaland,India,IN,5.0,13.3,62.8,116.1,223.2,38.9,2012-07-10,0,none,Synthetic negative example,No recorded landslide at this location on 2012-07-10
25.70223725,94.04619681,1013.0,9.356034364378676,Ao76-2/3c,Ao,Nagaland,India,IN,5.0,1.6,165.7,236.9,382.1,107.2,2020-07-25,0,none,Synthetic negative example,No recorded landslide at this location on 2020-07-25
25.7238,89.9032,33.0,14.316083944889312,Je38-2a,Je,Assam,India,IN,5.0,6.1,34.3,82.1,148.0,19.3,2012-08-28,0,none,Synthetic negative example,No recorded landslide at this location on 2012-08-28
25.7238,89.9032,33.0,14.316083944889312,Je38-2a,Je,Assam,India,IN,5.0,9.7,28.5,69.6,112.3,27.0,2013-06-28,0,none,Synthetic negative example,No recorded landslide at this location on 2013-06-28
25.7238,89.9032,33.0,14.316083944889312,Je38-2a,Je,Assam,India,IN,5.0,13.8,21.1,33.300000000000004,139.8,13.8,2019-08-05,0,none,Synthetic negative example,No recorded landslide at this location on 2019-08-05
25.5728,91.885,1501.0,9.40412013238775,Ao74-2b,Ao,Meghalaya,India,IN,5.0,22.7,32.4,114.2,228.8,55.0,2020-06-06,0,none,Synthetic negative example,No recorded landslide at this location on 2020-06-06
25.5728,91.885,1501.0,9.40412013238775,Ao74-2b,Ao,Meghalaya,India,IN,5.0,9.6,27.7,147.6,274.1,37.2,2011-08-13,0,none,Synthetic negative example,No recorded landslide at this location on 2011-08-13
25.5728,91.885,1501.0,9.40412013238775,Ao74-2b,Ao,Meghalaya,India,IN,5.0,7.0,81.4,122.9,240.2,53.9,2014-07-18,0,none,Synthetic negative example,No recorded landslide at this location on 2014-07-18
26.1844,91.7896,61.0,4.818259994255743,Af48-2ab,Af,Assam,India,IN,5.0,3.4,47.2,125.0,215.6,39.0,2014-09-03,0,none,Synthetic negative example,No recorded landslide at this location on 2014-09-03
26.1844,91.7896,61.0,4.818259994255743,Af48-2ab,Af,Assam,India,IN,5.0,2.2,19.2,69.6,139.7,21.1,2013-08-25,0,none,Synthetic negative example,No recorded landslide at this location on 2013-08-25
26.1844,91.7896,61.0,4.818259994255743,Af48-2ab,Af,Assam,India,IN,5.0,9.7,50.5,170.2,318.3,70.3,2014-08-01,0,none,Synthetic negative example,No recorded landslide at this location on 2014-08-01
27.0987,93.816,214.0,14.236549622926058,Be82-a,Be,Arunachal Pradesh,India,IN,5.0,0.1,30.6,158.20000000000002,202.70000000000002,110.2,2018-08-14,0,none,Synthetic negative example,No recorded landslide at this location on 2018-08-14
27.0987,93.816,214.0,14.236549622926058,Be82-a,Be,Arunachal Pradesh,India,IN,5.0,0.5,5.5,19.7,47.6,12.1,2018-06-09,0,none,Synthetic negative example,No recorded landslide at this location on 2018-06-09
27.0987,93.816,214.0,14.236549622926058,Be82-a,Be,Arunachal Pradesh,India,IN,5.0,44.9,67.2,84.3,169.6,44.9,2018-06-27,0,none,Synthetic negative example,No recorded landslide at this location on 2018-06-27
25.2745,94.0212,1070.0,13.95022570481308,Ao76-2/3c,Ao,Nagaland,India,IN,5.0,11.0,21.3,58.0,113.7,13.0,2016-07-20,0,none,Synthetic negative example,No recorded landslide at this location on 2016-07-20
25.2745,94.0212,1070.0,13.95022570481308,Ao76-2/3c,Ao,Nagaland,India,IN,5.0,22.4,87.0,138.4,216.7,61.8,2017-06-15,0,none,Synthetic negative example,No recorded landslide at this location on 2017-06-15
25.2745,94.0212,1070.0,13.95022570481308,Ao76-2/3c,Ao,Nagaland,India,IN,5.0,6.2,12.8,49.7,135.6,18.7,2010-07-28,0,none,Synthetic negative example,No recorded landslide at this location on 2010-07-28
27.3543,88.6428,2116.0,16.813128021329533,Bd32-2bc,Bd,Sikkim,India,IN,5.0,2.1,85.0,161.3,345.2,49.3,2020-08-02,0,none,Synthetic negative example,No recorded landslide at this location on 2020-08-02
27.3543,88.6428,2116.0,16.813128021329533,Bd32-2bc,Bd,Sikkim,India,IN,5.0,3.0,10.1,17.4,22.1,6.3,2023-06-11,0,none,Synthetic negative example,No recorded landslide at this location on 2023-06-11
27.3543,88.6428,2116.0,16.813128021329533,Bd32-2bc,Bd,Sikkim,India,IN,5.0,20.4,55.9,146.9,260.8,51.9,2021-09-13,0,none,Synthetic negative example,No recorded landslide at this location on 2021-09-13
25.6237,94.1136,1604.0,33.42494578296137,Ao76-2/3c,Ao,Nagaland,India,IN,5.0,0.5,16.5,81.8,216.9,26.2,2021-09-12,0,none,Synthetic negative example,No recorded landslide at this location on 2021-09-12
25.6237,94.1136,1604.0,33.42494578296137,Ao76-2/3c,Ao,Nagaland,India,IN,5.0,30.4,61.8,83.7,201.7,30.4,2014-08-15,0,none,Synthetic negative example,No recorded landslide at this location on 2014-08-15
25.6237,94.1136,1604.0,33.42494578296137,Ao76-2/3c,Ao,Nagaland,India,IN,5.0,17.6,86.7,110.9,193.5,40.7,2019-06-12,0,none,Synthetic negative example,No recorded landslide at this location on 2019-06-12
27.1954,88.6115,471.0,7.161187087203872,Bd32-2bc,Bd,Sikkim,India,IN,5.0,1.3,1.9,245.0,275.7,185.4,2014-06-02,0,none,Synthetic negative example,No recorded landslide at this location on 2014-06-02
27.1954,88.6115,471.0,7.161187087203872,Bd32-2bc,Bd,Sikkim,India,IN,5.0,64.1,96.0,368.2,546.2,218.8,2010-07-02,0,none,Synthetic negative example,No recorded landslide at this location on 2010-07-02
27.1954,88.6115,471.0,7.161187087203872,Bd32-2bc,Bd,Sikkim,India,IN,5.0,30.2,47.1,126.1,288.1,59.8,2020-08-06,0,none,Synthetic negative example,No recorded landslide at this location on 2020-08-06
27.1675,88.3651,1509.0,20.42254604983192,Rd29-1a,Rd,Sikkim,India,IN,5.0,6.4,48.6,171.3,400.7,53.5,2021-09-11,0,none,Synthetic negative example,No recorded landslide at this location on 2021-09-11
27.1675,88.3651,1509.0,20.42254604983192,Rd29-1a,Rd,Sikkim,India,IN,5.0,13.1,128.2,355.6,516.1,105.5,2015-09-01,0,none,Synthetic negative example,No recorded landslide at this location on 2015-09-01
27.1675,88.3651,1509.0,20.42254604983192,Rd29-1a,Rd,Sikkim,India,IN,5.0,48.8,83.69999999999999,136.0,344.7,48.8,2016-09-20,0,none,Synthetic negative example,No recorded landslide at this location on 2016-09-20
24.837,93.9128,792.0,17.946031415771497,Ao76-2/3c,Ao,Manipur,India,IN,5.0,9.3,35.9,41.6,78.9,23.5,2023-06-25,0,none,Synthetic negative example,No recorded landslide at this location on 2023-06-25
24.837,93.9128,792.0,17.946031415771497,Ao76-2/3c,Ao,Manipur,India,IN,5.0,0.3,9.0,34.9,49.6,16.3,2021-09-23,0,none,Synthetic negative example,No recorded landslide at this location on 2021-09-23
24.837,93.9128,792.0,17.946031415771497,Ao76-2/3c,Ao,Manipur,India,IN,5.0,1.7,22.5,40.4,92.10000000000001,15.3,2012-08-13,0,none,Synthetic negative example,No recorded landslide at this location on 2012-08-13
24.4072,94.0644,1169.0,30.250220321793236,Ao76-2/3c,Ao,Manipur,India,IN,5.0,4.7,8.6,33.0,80.5,11.6,2018-07-07,0,none,Synthetic negative example,No recorded landslide at this location on 2018-07-07
24.4072,94.0644,1169.0,30.250220321793236,Ao76-2/3c,Ao,Manipur,India,IN,5.0,8.4,11.1,27.5,85.0,11.9,2016-08-16,0,none,Synthetic negative example,No recorded landslide at this location on 2016-08-16
24.4072,94.0644,1169.0,30.250220321793236,Ao76-2/3c,Ao,Manipur,India,IN,5.0,14.9,16.400000000000002,26.400000000000002,54.9,14.9,2019-06-01,0,none,Synthetic negative example,No recorded landslide at this location on 2019-06-01
23.7527,92.694,788.0,30.34177918841917,Bd61-2c,Bd,Mizoram,India,IN,5.0,10.8,29.4,42.7,70.8,11.1,2019-09-23,0,none,Synthetic negative example,No recorded landslide at this location on 2019-09-23
23.7527,92.694,788.0,30.34177918841917,Bd61-2c,Bd,Mizoram,India,IN,5.0,8.5,29.3,70.5,91.6,16.1,2022-07-04,0,none,Synthetic negative example,No recorded landslide at this location on 2022-07-04
23.7527,92.694,788.0,30.34177918841917,Bd61-2c,Bd,Mizoram,India,IN,5.0,3.6,14.299999999999999,47.3,109.2,10.6,2020-09-17,0,none,Synthetic negative example,No recorded landslide at this location on 2020-09-17
26.0101,94.5282,1706.0,14.964338094507506,Ao76-2/3c,Ao,Nagaland,India,IN,5.0,8.6,42.7,57.6,153.3,18.3,2018-06-26,0,none,Synthetic negative example,No recorded landslide at this location on 2018-06-26
26.0101,94.5282,1706.0,14.964338094507506,Ao76-2/3c,Ao,Nagaland,India,IN,5.0,1.9,7.199999999999999,16.2,125.6,4.5,2016-06-02,0,none,Synthetic negative example,No recorded landslide at this location on 2016-06-02
26.0101,94.5282,1706.0,14.964338094507506,Ao76-2/3c,Ao,Nagaland,India,IN,5.0,3.1,32.5,98.6,123.3,28.1,2011-09-11,0,none,Synthetic negative example,No recorded landslide at this location on 2011-09-11
26.1309,91.8383,105.0,8.517835654237123,Nd2-2b,Nd,Assam,India,IN,5.0,14.6,110.6,151.1,282.0,57.7,2014-07-15,0,none,Synthetic negative example,No recorded landslide at this location on 2014-07-15
26.1309,91.8383,105.0,8.517835654237123,Nd2-2b,Nd,Assam,India,IN,5.0,5.6,32.4,97.5,130.4,28.7,2023-09-25,0,none,Synthetic negative example,No recorded landslide at this location on 2023-09-25
26.1309,91.8383,105.0,8.517835654237123,Nd2-2b,Nd,Assam,India,IN,5.0,13.2,38.8,54.8,163.4,13.2,2010-08-14,0,none,Synthetic negative example,No recorded landslide at this location on 2010-08-14
23.7269,92.7265,864.0,25.896232878736683,Bd61-2c,Bd,Mizoram,India,IN,5.0,1.5,4.0,38.7,92.4,31.5,2022-09-01,0,none,Synthetic negative example,No recorded landslide at this location on 2022-09-01
23.7269,92.7265,864.0,25.896232878736683,Bd61-2c,Bd,Mizoram,India,IN,5.0,2.5,39.4,110.5,193.3,46.9,2016-07-07,0,none,Synthetic negative example,No recorded landslide at this location on 2016-07-07
23.7269,92.7265,864.0,25.896232878736683,Bd61-2c,Bd,Mizoram,India,IN,5.0,7.7,15.3,54.9,209.0,17.4,2017-08-04,0,none,Synthetic negative example,No recorded landslide at this location on 2017-08-04
26.0093,94.5238,1808.0,20.62758173058563,Ao76-2/3c,Ao,Nagaland,India,IN,5.0,28.1,48.0,114.60000000000001,161.3,31.0,2015-09-24,0,none,Synthetic negative example,No recorded landslide at this location on 2015-09-24
26.0093,94.5238,1808.0,20.62758173058563,Ao76-2/3c,Ao,Nagaland,India,IN,5.0,0.4,5.3,10.9,36.7,3.1,2016-08-27,0,none,Synthetic negative example,No recorded landslide at this location on 2016-08-27
26.0093,94.5238,1808.0,20.62758173058563,Ao76-2/3c,Ao,Nagaland,India,IN,5.0,30.0,50.9,97.7,145.2,30.0,2014-06-17,0,none,Synthetic negative example,No recorded landslide at this location on 2014-06-17
25.426,94.6024,1332.0,11.959364186636996,Bh16-2/3c,Bh,Manipur,India,IN,5.0,5.7,19.8,46.7,95.8,18.0,2016-08-13,0,none,Synthetic negative example,No recorded landslide at this location on 2016-08-13
25.426,94.6024,1332.0,11.959364186636996,Bh16-2/3c,Bh,Manipur,India,IN,5.0,22.2,33.1,53.6,89.9,22.2,2020-08-14,0,none,Synthetic negative example,No recorded landslide at this location on 2020-08-14
25.426,94.6024,1332.0,11.959364186636996,Bh16-2/3c,Bh,Manipur,India,IN,5.0,8.0,49.3,86.8,226.1,33.4,2015-08-02,0,none,Synthetic negative example,No recorded landslide at this location on 2015-08-02
25.1175,92.8573,151.0,8.522096262869733,Ao76-2/3c,Ao,Assam,India,IN,5.0,5.6,9.9,38.4,110.2,18.7,2014-07-13,0,none,Synthetic negative example,No recorded landslide at this location on 2014-07-13
25.1175,92.8573,151.0,8.522096262869733,Ao76-2/3c,Ao,Assam,India,IN,5.0,1.5,12.1,19.6,156.4,7.0,2020-09-08,0,none,Synthetic negative example,No recorded landslide at this location on 2020-09-08
25.1175,92.8573,151.0,8.522096262869733,Ao76-2/3c,Ao,Assam,India,IN,5.0,16.3,33.3,122.39999999999999,170.1,80.1,2019-09-08,0,none,Synthetic negative example,No recorded landslide at this location on 2019-09-08
27.36,93.0385,402.0,6.4993257467495305,Ao80-2bc,Ao,Arunachal Pradesh,India,IN,5.0,4.0,7.8,26.9,81.1,7.8,2018-07-21,0,none,Synthetic negative example,No recorded landslide at this location on 2018-07-21
27.36,93.0385,402.0,6.4993257467495305,Ao80-2bc,Ao,Arunachal Pradesh,India,IN,5.0,0.8,7.1,85.0,131.0,28.8,2022-08-04,0,none,Synthetic negative example,No recorded landslide at this location on 2022-08-04
27.36,93.0385,402.0,6.4993257467495305,Ao80-2bc,Ao,Arunachal Pradesh,India,IN,5.0,49.1,108.7,216.5,275.4,49.1,2014-06-11,0,none,Synthetic negative example,No recorded landslide at this location on 2014-06-11
26.72,95.029,689.0,8.43238623760218,Ao76-2/3c,Ao,Nagaland,India,IN,5.0,9.2,38.1,83.3,212.4,26.6,2011-08-02,0,none,Synthetic negative example,No recorded landslide at this location on 2011-08-02
26.72,95.029,689.0,8.43238623760218,Ao76-2/3c,Ao,Nagaland,India,IN,5.0,0.3,2.6999999999999997,53.4,125.1,15.0,2020-09-20,0,none,Synthetic negative example,No recorded landslide at this location on 2020-09-20
26.72,95.029,689.0,8.43238623760218,Ao76-2/3c,Ao,Nagaland,India,IN,5.0,9.6,13.7,42.8,126.89999999999999,11.6,2021-09-05,0,none,Synthetic negative example,No recorded landslide at this location on 2021-09-05
23.7348,92.7187,1038.0,18.14421799352956,Bd61-2c,Bd,Mizoram,India,IN,5.0,7.1,24.5,60.9,88.3,19.3,2022-07-04,0,none,Synthetic negative example,No recorded landslide at this location on 2022-07-04
23.7348,92.7187,1038.0,18.14421799352956,Bd61-2c,Bd,Mizoram,India,IN,5.0,0.9,9.3,45.9,81.1,27.2,2014-08-22,0,none,Synthetic negative example,No recorded landslide at this location on 2014-08-22
23.7348,92.7187,1038.0,18.14421799352956,Bd61-2c,Bd,Mizoram,India,IN,5.0,5.0,13.1,78.6,223.5,42.8,2017-06-25,0,none,Synthetic negative example,No recorded landslide at this location on 2017-06-25
26.159,91.8178,61.0,6.774041654801501,Af48-2ab,Af,Assam,India,IN,5.0,24.9,26.4,94.5,234.1,39.4,2015-06-28,0,none,Synthetic negative example,No recorded landslide at this location on 2015-06-28
26.159,91.8178,61.0,6.774041654801501,Af48-2ab,Af,Assam,India,IN,5.0,34.1,41.6,61.4,188.1,34.1,2014-06-19,0,none,Synthetic negative example,No recorded landslide at this location on 2014-06-19
26.159,91.8178,61.0,6.774041654801501,Af48-2ab,Af,Assam,India,IN,5.0,12.6,33.8,121.9,169.0,32.7,2010-06-23,0,none,Synthetic negative example,No recorded landslide at this location on 2010-06-23
26.99195749,88.42280921,268.0,25.893203347040103,Rd29-1a,Rd,Sikkim,India,IN,5.0,23.0,65.60000000000001,163.0,275.2,42.8,2023-08-09,0,none,Synthetic negative example,No recorded landslide at this location on 2023-08-09
26.99195749,88.42280921,268.0,25.893203347040103,Rd29-1a,Rd,Sikkim,India,IN,5.0,43.2,155.3,211.4,407.8,75.4,2020-06-16,0,none,Synthetic negative example,No recorded landslide at this location on 2020-06-16
26.99195749,88.42280921,268.0,25.893203347040103,Rd29-1a,Rd,Sikkim,India,IN,5.0,30.1,48.7,153.7,193.9,63.5,2017-09-01,0,none,Synthetic negative example,No recorded landslide at this location on 2017-09-01
25.6633,94.4703,1447.0,8.21793936850887,Ao76-2/3c,Ao,Manipur,India,IN,5.0,0.8,6.0,18.8,37.6,4.7,2019-09-04,0,none,Synthetic negative example,No recorded landslide at this location on 2019-09-04
25.6633,94.4703,1447.0,8.21793936850887,Ao76-2/3c,Ao,Manipur,India,IN,5.0,6.3,29.7,63.5,173.70000000000002,22.3,2021-07-15,0,none,Synthetic negative example,No recorded landslide at this location on 2021-07-15
25.6633,94.4703,1447.0,8.21793936850887,Ao76-2/3c,Ao,Manipur,India,IN,5.0,13.5,31.0,164.0,255.3,60.8,2014-06-24,0,none,Synthetic negative example,No recorded landslide at this location on 2014-06-24
26.1963,91.8074,172.0,12.858314085836204,Ao79-a,Ao,Assam,India,IN,5.0,22.4,98.3,175.1,309.8,60.9,2015-08-22,0,none,Synthetic negative example,No recorded landslide at this location on 2015-08-22
26.1963,91.8074,172.0,12.858314085836204,Ao79-a,Ao,Assam,India,IN,5.0,2.7,29.5,43.9,137.1,26.6,2022-08-15,0,none,Synthetic negative example,No recorded landslide at this location on 2022-08-15
26.1963,91.8074,172.0,12.858314085836204,Ao79-a,Ao,Assam,India,IN,5.0,4.0,12.1,92.1,276.2,64.5,2010-06-15,0,none,Synthetic negative example,No recorded landslide at this location on 2010-06-15
26.1807,94.5497,1650.0,31.579415431363547,Ao76-2/3c,Ao,Nagaland,India,IN,5.0,9.8,81.10000000000001,161.5,222.9,51.7,2011-07-17,0,none,Synthetic negative example,No recorded landslide at this location on 2011-07-17
26.1807,94.5497,1650.0,31.579415431363547,Ao76-2/3c,Ao,Nagaland,India,IN,5.0,20.5,38.3,62.7,170.3,20.5,2017-09-11,0,none,Synthetic negative example,No recorded landslide at this location on 2017-09-11
26.1807,94.5497,1650.0,31.579415431363547,Ao76-2/3c,Ao,Nagaland,India,IN,5.0,12.3,41.0,83.6,122.1,22.9,2022-06-03,0,none,Synthetic negative example,No recorded landslide at this location on 2022-06-03
25.5772,91.8666,1473.0,11.687392758994248,Ao74-2b,Ao,Meghalaya,India,IN,5.0,17.1,43.2,87.0,212.2,35.2,2021-06-12,0,none,Synthetic negative example,No recorded landslide at this location on 2021-06-12
25.5772,91.8666,1473.0,11.687392758994248,Ao74-2b,Ao,Meghalaya,India,IN,5.0,35.7,55.5,454.20000000000005,765.4,151.8,2014-06-27,0,none,Synthetic negative example,No recorded landslide at this location on 2014-06-27
25.5772,91.8666,1473.0,11.687392758994248,Ao74-2b,Ao,Meghalaya,India,IN,5.0,3.0,24.7,49.3,97.0,17.7,2019-08-15,0,none,Synthetic negative example,No recorded landslide at this location on 2019-08-15
27.3392,88.6188,1859.0,28.525829141462467,Bd32-2bc,Bd,Sikkim,India,IN,5.0,0.6,39.5,86.4,235.9,20.4,2010-09-23,0,none,Synthetic negative example,No recorded landslide at this location on 2010-09-23
27.3392,88.6188,1859.0,28.525829141462467,Bd32-2bc,Bd,Sikkim,India,IN,5.0,89.5,178.2,271.1,727.5,89.5,2020-07-20,0,none,Synthetic negative example,No recorded landslide at this location on 2020-07-20
27.3392,88.6188,1859.0,28.525829141462467,Bd32-2bc,Bd,Sikkim,India,IN,5.0,16.4,144.2,189.5,237.1,73.9,2013-06-01,0,none,Synthetic negative example,No recorded landslide at this location on 2013-06-01
25.6278,94.1051,1525.0,12.46880569721071,Ao76-2/3c,Ao,Nagaland,India,IN,5.0,19.2,64.4,93.0,263.4,34.9,2019-08-09,0,none,Synthetic negative example,No recorded landslide at this location on 2019-08-09
25.6278,94.1051,1525.0,12.46880569721071,Ao76-2/3c,Ao,Nagaland,India,IN,5.0,21.5,46.9,116.4,242.3,41.5,2018-06-11,0,none,Synthetic negative example,No recorded landslide at this location on 2018-06-11
25.6278,94.1051,1525.0,12.46880569721071,Ao76-2/3c,Ao,Nagaland,India,IN,5.0,47.4,101.6,140.1,268.5,47.4,2018-07-23,0,none,Synthetic negative example,No recorded landslide at this location on 2018-07-23
24.9667,93.55,568.0,22.8550987968422,Bh16-2/3c,Bh,Manipur,India,IN,5.0,11.1,11.299999999999999,34.1,112.7,11.1,2018-08-20,0,none,Synthetic negative example,No recorded landslide at this location on 2018-08-20
24.9667,93.55,568.0,22.8550987968422,Bh16-2/3c,Bh,Manipur,India,IN,5.0,7.2,19.4,47.8,76.6,9.5,2014-08-07,0,none,Synthetic negative example,No recorded landslide at this location on 2014-08-07
24.9667,93.55,568.0,22.8550987968422,Bh16-2/3c,Bh,Manipur,India,IN,5.0,6.0,17.5,48.4,80.3,10.4,2013-09-14,0,none,Synthetic negative example,No recorded landslide at this location on 2013-09-14
27.7,92.8,2445.0,17.488372713621818,Ao80-2bc,Ao,Arunachal Pradesh,India,IN,5.0,42.6,64.6,179.20000000000002,358.4,53.2,2012-08-07,0,none,Synthetic negative example,No recorded landslide at this location on 2012-08-07
27.7,92.8,2445.0,17.488372713621818,Ao80-2bc,Ao,Arunachal Pradesh,India,IN,5.0,106.5,167.4,248.1,723.6,106.5,2012-07-04,0,none,Synthetic negative example,No recorded landslide at this location on 2012-07-04
27.7,92.8,2445.0,17.488372713621818,Ao80-2bc,Ao,Arunachal Pradesh,India,IN,5.0,41.5,57.4,84.5,136.8,41.5,2013-08-27,0,none,Synthetic negative example,No recorded landslide at this location on 2013-08-27
24.6108,92.562,30.0,4.921340582296557,Ge53-3a,Ge,Assam,India,IN,5.0,27.6,132.9,162.1,355.4,74.0,2015-08-01,0,none,Synthetic negative example,No recorded landslide at this location on 2015-08-01
24.6108,92.562,30.0,4.921340582296557,Ge53-3a,Ge,Assam,India,IN,5.0,0.4,28.7,192.70000000000002,335.1,86.4,2017-06-06,0,none,Synthetic negative example,No recorded landslide at this location on 2017-06-06
24.6108,92.562,30.0,4.921340582296557,Ge53-3a,Ge,Assam,India,IN,5.0,2.6,9.9,38.6,199.0,11.0,2016-06-03,0,none,Synthetic negative example,No recorded landslide at this location on 2016-06-03
27.3341,88.6083,1449.0,24.49385858982577,Bd32-2bc,Bd,Sikkim,India,IN,5.0,3.6,19.2,204.4,304.7,172.6,2023-08-19,0,none,Synthetic negative example,No recorded landslide at this location on 2023-08-19
27.3341,88.6083,1449.0,24.49385858982577,Bd32-2bc,Bd,Sikkim,India,IN,5.0,65.3,172.0,315.59999999999997,356.7,65.3,2012-09-16,0,none,Synthetic negative example,No recorded landslide at this location on 2012-09-16
27.3341,88.6083,1449.0,24.49385858982577,Bd32-2bc,Bd,Sikkim,India,IN,5.0,10.5,48.0,90.7,229.2,29.4,2015-06-20,0,none,Synthetic negative example,No recorded landslide at this location on 2015-06-20
25.203,90.5573,139.0,16.68948805959749,Nd2-2b,Nd,Meghalaya,India,IN,5.0,4.8,79.2,120.0,263.2,38.7,2023-08-14,0,none,Synthetic negative example,No recorded landslide at this location on 2023-08-14
25.203,90.5573,139.0,16.68948805959749,Nd2-2b,Nd,Meghalaya,India,IN,5.0,2.1,5.0,29.7,77.2,11.6,2022-08-26,0,none,Synthetic negative example,No recorded landslide at this location on 2022-08-26
25.203,90.5573,139.0,16.68948805959749,Nd2-2b,Nd,Meghalaya,India,IN,5.0,12.3,46.8,101.2,248.3,25.7,2012-06-11,0,none,Synthetic negative example,No recorded landslide at this location on 2012-06-11
25.1775,93.0123,652.0,15.42307118570718,Ao76-2/3c,Ao,Assam,India,IN,5.0,3.5,12.1,44.6,102.7,23.8,2015-09-23,0,none,Synthetic negative example,No recorded landslide at this location on 2015-09-23
25.1775,93.0123,652.0,15.42307118570718,Ao76-2/3c,Ao,Assam,India,IN,5.0,1.4,23.400000000000002,93.0,218.20000000000002,34.7,2015-07-01,0,none,Synthetic negative example,No recorded landslide at this location on 2015-07-01
25.1775,93.0123,652.0,15.42307118570718,Ao76-2/3c,Ao,Assam,India,IN,5.0,1.9,9.2,11.9,70.2,4.4,2020-09-10,0,none,Synthetic negative example,No recorded landslide at this location on 2020-09-10
23.7327,92.7463,839.0,23.47891185858705,Bd61-2c,Bd,Mizoram,India,IN,5.0,3.9,28.0,50.7,68.9,12.1,2020-08-07,0,none,Synthetic negative example,No recorded landslide at this location on 2020-08-07
23.7327,92.7463,839.0,23.47891185858705,Bd61-2c,Bd,Mizoram,India,IN,5.0,4.3,48.7,76.6,126.8,29.5,2011-08-04,0,none,Synthetic negative example,No recorded landslide at this location on 2011-08-04
23.7327,92.7463,839.0,23.47891185858705,Bd61-2c,Bd,Mizoram,India,IN,5.0,10.6,21.8,35.3,107.5,10.6,2010-08-25,0,none,Synthetic negative example,No recorded landslide at this location on 2010-08-25
25.3056,93.1265,309.0,17.86684892489941,Ao76-2/3c,Ao,Assam,India,IN,5.0,9.2,23.099999999999998,41.199999999999996,54.099999999999994,12.2,2020-09-25,0,none,Synthetic negative example,No recorded landslide at this location on 2020-09-25
25.3056,93.1265,309.0,17.86684892489941,Ao76-2/3c,Ao,Assam,India,IN,5.0,14.9,28.200000000000003,75.1,172.6,29.7,2013-07-06,0,none,Synthetic negative example,No recorded landslide at this location on 2013-07-06
25.3056,93.1265,309.0,17.86684892489941,Ao76-2/3c,Ao,Assam,India,IN,5.0,1.5,5.800000000000001,37.9,91.7,14.3,2012-09-21,0,none,Synthetic negative example,No recorded landslide at this location on 2012-09-21
26.0319,94.5466,1554.0,40.77036050242681,Ao76-2/3c,Ao,Nagaland,India,IN,5.0,17.9,76.6,220.60000000000002,303.7,46.7,2014-06-23,0,none,Synthetic negative example,No recorded landslide at this location on 2014-06-23
26.0319,94.5466,1554.0,40.77036050242681,Ao76-2/3c,Ao,Nagaland,India,IN,5.0,0.1,8.0,39.0,135.1,9.9,2013-08-19,0,none,Synthetic negative example,No recorded landslide at this location on 2013-08-19
26.0319,94.5466,1554.0,40.77036050242681,Ao76-2/3c,Ao,Nagaland,India,IN,5.0,3.8,10.2,71.7,231.20000000000002,24.0,2021-06-25,0,none,Synthetic negative example,No recorded landslide at this location on 2021-06-25
26.1226,91.7162,72.0,15.288279133132818,Nd2-2b,Nd,Assam,India,IN,5.0,17.0,55.7,165.9,205.6,74.2,2010-06-22,0,none,Synthetic negative example,No recorded landslide at this location on 2010-06-22
26.1226,91.7162,72.0,15.288279133132818,Nd2-2b,Nd,Assam,India,IN,5.0,24.0,114.9,142.9,180.1,74.2,2010-06-20,0,none,Synthetic negative example,No recorded landslide at this location on 2010-06-20
26.1226,91.7162,72.0,15.288279133132818,Nd2-2b,Nd,Assam,India,IN,5.0,11.8,24.400000000000002,97.8,149.0,34.6,2023-09-26,0,none,Synthetic negative example,No recorded landslide at this location on 2023-09-26
26.1985,91.7998,82.0,10.286118871948458,Ao79-a,Ao,Assam,India,IN,5.0,14.0,74.5,110.1,179.3,30.7,2015-08-09,0,none,Synthetic negative example,No recorded landslide at this location on 2015-08-09
26.1985,91.7998,82.0,10.286118871948458,Ao79-a,Ao,Assam,India,IN,5.0,3.0,18.0,138.5,354.5,35.3,2015-09-07,0,none,Synthetic negative example,No recorded landslide at this location on 2015-09-07
26.1985,91.7998,82.0,10.286118871948458,Ao79-a,Ao,Assam,India,IN,5.0,8.6,45.1,64.7,129.5,28.0,2022-06-09,0,none,Synthetic negative example,No recorded landslide at this location on 2022-06-09
27.1249,93.7706,157.0,30.203926293037487,Be82-a,Be,Arunachal Pradesh,India,IN,5.0,12.0,33.199999999999996,50.9,89.0,16.4,2014-09-09,0,none,Synthetic negative example,No recorded landslide at this location on 2014-09-09
27.1249,93.7706,157.0,30.203926293037487,Be82-a,Be,Arunachal Pradesh,India,IN,5.0,23.2,244.9,379.9,463.6,141.4,2014-08-16,0,none,Synthetic negative example,No recorded landslide at this location on 2014-08-16
27.1249,93.7706,157.0,30.203926293037487,Be82-a,Be,Arunachal Pradesh,India,IN,5.0,1.0,14.100000000000001,43.7,85.4,16.8,2015-07-12,0,none,Synthetic negative example,No recorded landslide at this location on 2015-07-12
25.4196,94.1054,1400.0,22.47272827882763,Ao76-2/3c,Ao,Nagaland,India,IN,5.0,19.1,23.3,40.0,79.6,19.1,2023-08-25,0,none,Synthetic negative example,No recorded landslide at this location on 2023-08-25
25.4196,94.1054,1400.0,22.47272827882763,Ao76-2/3c,Ao,Nagaland,India,IN,5.0,3.3,9.1,47.8,115.9,16.8,2019-08-12,0,none,Synthetic negative example,No recorded landslide at this location on 2019-08-12
25.4196,94.1054,1400.0,22.47272827882763,Ao76-2/3c,Ao,Nagaland,India,IN,5.0,2.0,14.5,60.1,98.4,27.3,2023-08-10,0,none,Synthetic negative example,No recorded landslide at this location on 2023-08-10
25.583,91.893,1445.0,7.211180224347258,Ao74-2b,Ao,Meghalaya,India,IN,5.0,2.6,8.7,18.5,109.2,6.0,2023-08-25,0,none,Synthetic negative example,No recorded landslide at this location on 2023-08-25
25.583,91.893,1445.0,7.211180224347258,Ao74-2b,Ao,Meghalaya,India,IN,5.0,1.5,6.1,14.1,66.9,3.3,2021-06-27,0,none,Synthetic negative example,No recorded landslide at this location on 2021-06-27
25.583,91.893,1445.0,7.211180224347258,Ao74-2b,Ao,Meghalaya,India,IN,5.0,6.1,12.799999999999999,34.1,115.0,9.8,2022-08-05,0,none,Synthetic negative example,No recorded landslide at this location on 2022-08-05
27.5799,91.8569,2757.0,26.387393427090977,Ao80-2bc,Ao,Arunachal Pradesh,India,IN,5.0,6.4,20.400000000000002,49.5,135.7,12.6,2021-06-19,0,none,Synthetic negative example,No recorded landslide at this location on 2021-06-19
27.5799,91.8569,2757.0,26.387393427090977,Ao80-2bc,Ao,Arunachal Pradesh,India,IN,5.0,29.9,60.099999999999994,78.1,104.39999999999999,29.9,2022-06-17,0,none,Synthetic negative example,No recorded landslide at this location on 2022-06-17
27.5799,91.8569,2757.0,26.387393427090977,Ao80-2bc,Ao,Arunachal Pradesh,India,IN,5.0,10.1,25.5,34.8,142.2,10.1,2022-06-26,0,none,Synthetic negative example,No recorded landslide at this location on 2022-06-26
25.4538,93.9827,1778.0,24.17357170238777,Bh16-2/3c,Bh,Manipur,India,IN,5.0,4.9,11.5,54.5,103.5,15.8,2022-09-09,0,none,Synthetic negative example,No recorded landslide at this location on 2022-09-09
25.4538,93.9827,1778.0,24.17357170238777,Bh16-2/3c,Bh,Manipur,India,IN,5.0,1.7,34.1,85.7,172.0,41.7,2014-06-04,0,none,Synthetic negative example,No recorded landslide at this location on 2014-06-04
25.4538,93.9827,1778.0,24.17357170238777,Bh16-2/3c,Bh,Manipur,India,IN,5.0,21.0,31.3,41.4,88.3,21.0,2020-09-01,0,none,Synthetic negative example,No recorded landslide at this location on 2020-09-01
27.5754,91.9754,2410.0,26.864068197615136,Ao80-2bc,Ao,Arunachal Pradesh,India,IN,5.0,13.9,18.0,80.2,154.9,19.2,2020-09-25,0,none,Synthetic negative example,No recorded landslide at this location on 2020-09-25
27.5754,91.9754,2410.0,26.864068197615136,Ao80-2bc,Ao,Arunachal Pradesh,India,IN,5.0,38.1,88.4,136.0,313.5,48.3,2017-08-17,0,none,Synthetic negative example,No recorded landslide at this location on 2017-08-17
27.5754,91.9754,2410.0,26.864068197615136,Ao80-2bc,Ao,Arunachal Pradesh,India,IN,5.0,7.0,38.0,101.3,133.0,31.0,2022-07-03,0,none,Synthetic negative example,No recorded landslide at this location on 2022-07-03
26.1475,91.7356,52.0,0.0,Ao79-a,Ao,Assam,India,IN,5.0,6.5,14.5,17.5,120.0,6.5,2019-08-12,0,none,Synthetic negative example,No recorded landslide at this location on 2019-08-12
26.1475,91.7356,52.0,0.0,Ao79-a,Ao,Assam,India,IN,5.0,15.2,58.5,79.1,166.3,31.2,2019-09-24,0,none,Synthetic negative example,No recorded landslide at this location on 2019-09-24
26.1475,91.7356,52.0,0.0,Ao79-a,Ao,Assam,India,IN,5.0,10.1,21.5,26.0,98.3,11.4,2023-09-08,0,none,Synthetic negative example,No recorded landslide at this location on 2023-09-08
26.1028,91.8806,133.0,15.471112076163267,Nd2-2b,Nd,Assam,India,IN,5.0,45.8,87.39999999999999,147.6,317.4,45.8,2023-08-06,0,none,Synthetic negative example,No recorded landslide at this location on 2023-08-06
26.1028,91.8806,133.0,15.471112076163267,Nd2-2b,Nd,Assam,India,IN,5.0,17.9,23.4,70.8,155.8,22.1,2015-09-19,0,none,Synthetic negative example,No recorded landslide at this location on 2015-09-19
26.1028,91.8806,133.0,15.471112076163267,Nd2-2b,Nd,Assam,India,IN,5.0,6.0,10.5,35.2,148.4,13.9,2022-07-09,0,none,Synthetic negative example,No recorded landslide at this location on 2022-07-09
25.4769,94.1351,1673.0,19.73007978274894,Ao76-2/3c,Ao,Nagaland,India,IN,5.0,21.2,67.4,179.1,263.1,42.9,2017-07-01,0,none,Synthetic negative example,No recorded landslide at this location on 2017-07-01
25.4769,94.1351,1673.0,19.73007978274894,Ao76-2/3c,Ao,Nagaland,India,IN,5.0,1.3,2.8,21.3,75.4,7.5,2023-09-05,0,none,Synthetic negative example,No recorded landslide at this location on 2023-09-05
25.4769,94.1351,1673.0,19.73007978274894,Ao76-2/3c,Ao,Nagaland,India,IN,5.0,7.6,14.399999999999999,27.099999999999998,36.199999999999996,7.6,2019-06-08,0,none,Synthetic negative example,No recorded landslide at this location on 2019-06-08
26.1665,91.7049,233.0,13.777425286985055,Ao79-a,Ao,Assam,India,IN,5.0,21.1,81.8,145.6,205.0,49.5,2022-06-14,0,none,Synthetic negative example,No recorded landslide at this location on 2022-06-14
26.1665,91.7049,233.0,13.777425286985055,Ao79-a,Ao,Assam,India,IN,5.0,7.2,58.8,360.3,511.8,113.3,2012-06-27,0,none,Synthetic negative example,No recorded landslide at this location on 2012-06-27
26.1665,91.7049,233.0,13.777425286985055,Ao79-a,Ao,Assam,India,IN,5.0,5.6,11.0,63.3,269.4,40.6,2011-07-11,0,none,Synthetic negative example,No recorded landslide at this location on 2011-07-11
25.4191,94.1079,1392.0,10.209837985587429,Ao76-2/3c,Ao,Nagaland,India,IN,5.0,3.6,3.6,47.8,153.6,22.9,2013-06-14,0,none,Synthetic negative example,No recorded landslide at this location on 2013-06-14
25.4191,94.1079,1392.0,10.209837985587429,Ao76-2/3c,Ao,Nagaland,India,IN,5.0,41.5,79.0,121.9,224.3,41.5,2015-07-16,0,none,Synthetic negative example,No recorded landslide at this location on 2015-07-16
25.4191,94.1079,1392.0,10.209837985587429,Ao76-2/3c,Ao,Nagaland,India,IN,5.0,14.3,41.2,90.7,195.1,27.7,2013-07-15,0,none,Synthetic negative example,No recorded landslide at this location on 2013-07-15
26.284,94.5808,731.0,28.13851561288479,Ao76-2/3c,Ao,Nagaland,India,IN,5.0,6.9,32.1,61.5,161.7,20.6,2014-09-03,0,none,Synthetic negative example,No recorded landslide at this location on 2014-09-03
26.284,94.5808,731.0,28.13851561288479,Ao76-2/3c,Ao,Nagaland,India,IN,5.0,11.8,53.0,189.5,301.3,41.5,2012-06-26,0,none,Synthetic negative example,No recorded landslide at this location on 2012-06-26
26.284,94.5808,731.0,28.13851561288479,Ao76-2/3c,Ao,Nagaland,India,IN,5.0,5.4,39.0,77.5,145.20000000000002,25.3,2010-09-06,0,none,Synthetic negative example,No recorded landslide at this location on 2010-09-06
25.8266,94.1497,1394.0,29.25896401491808,Ao76-2/3c,Ao,Nagaland,India,IN,5.0,1.0,20.8,46.9,132.1,20.6,2019-08-12,0,none,Synthetic negative example,No recorded landslide at this location on 2019-08-12
25.8266,94.1497,1394.0,29.25896401491808,Ao76-2/3c,Ao,Nagaland,India,IN,5.0,33.2,62.400000000000006,84.60000000000001,103.4,33.2,2012-06-01,0,none,Synthetic negative example,No recorded landslide at this location on 2012-06-01
25.8266,94.1497,1394.0,29.25896401491808,Ao76-2/3c,Ao,Nagaland,India,IN,5.0,6.3,35.9,95.9,259.4,19.8,2011-07-07,0,none,Synthetic negative example,No recorded landslide at this location on 2011-07-07
24.7505,93.4221,784.0,10.96796618678514,Bh16-2/3c,Bh,Assam,India,IN,5.0,50.7,74.2,171.1,379.5,50.7,2017-06-24,0,none,Synthetic negative example,No recorded landslide at this location on 2017-06-24
24.7505,93.4221,784.0,10.96796618678514,Bh16-2/3c,Bh,Assam,India,IN,5.0,7.9,21.6,45.4,127.30000000000001,23.1,2013-06-15,0,none,Synthetic negative example,No recorded landslide at this location on 2013-06-15
24.7505,93.4221,784.0,10.96796618678514,Bh16-2/3c,Bh,Assam,India,IN,5.0,26.6,52.5,224.5,454.3,91.5,2015-07-27,0,none,Synthetic negative example,No recorded landslide at this location on 2015-07-27
23.9278,94.0906,935.0,13.089378757745736,Bf17-2c,Bf,Manipur,India,IN,5.0,14.3,64.1,96.7,199.9,48.5,2023-07-09,0,none,Synthetic negative example,No recorded landslide at this location on 2023-07-09
23.9278,94.0906,935.0,13.089378757745736,Bf17-2c,Bf,Manipur,India,IN,5.0,8.6,43.7,101.1,221.6,23.9,2010-07-22,0,none,Synthetic negative example,No recorded landslide at this location on 2010-07-22
23.9278,94.0906,935.0,13.089378757745736,Bf17-2c,Bf,Manipur,India,IN,5.0,17.8,41.6,108.80000000000001,197.4,23.6,2019-09-11,0,none,Synthetic negative example,No recorded landslide at this location on 2019-09-11
24.8961,93.4957,1056.0,39.91619716692816,Bh16-2/3c,Bh,Manipur,India,IN,5.0,8.4,19.3,128.3,150.6,57.1,2023-09-26,0,none,Synthetic negative example,No recorded landslide at this location on 2023-09-26
24.8961,93.4957,1056.0,39.91619716692816,Bh16-2/3c,Bh,Manipur,India,IN,5.0,8.7,44.4,76.6,127.2,23.8,2021-08-08,0,none,Synthetic negative example,No recorded landslide at this location on 2021-08-08
24.8961,93.4957,1056.0,39.91619716692816,Bh16-2/3c,Bh,Manipur,India,IN,5.0,31.9,58.6,78.8,348.2,31.9,2017-06-12,0,none,Synthetic negative example,No recorded landslide at this location on 2017-06-12
27.0377,88.3603,1481.0,21.17647711915332,Ah12-2bc,Ah,Sikkim,India,IN,5.0,2.0,4.6,10.700000000000001,53.400000000000006,2.2,2023-09-20,0,none,Synthetic negative example,No recorded landslide at this location on 2023-09-20
27.0377,88.3603,1481.0,21.17647711915332,Ah12-2bc,Ah,Sikkim,India,IN,5.0,4.5,9.8,39.7,238.9,10.6,2013-08-20,0,none,Synthetic negative example,No recorded landslide at this location on 2013-08-20
27.0377,88.3603,1481.0,21.17647711915332,Ah12-2bc,Ah,Sikkim,India,IN,5.0,4.4,7.1000000000000005,42.9,385.0,14.9,2017-08-25,0,none,Synthetic negative example,No recorded landslide at this location on 2017-08-25
26.7225,95.0281,699.0,8.28618530638979,Ao76-2/3c,Ao,Nagaland,India,IN,5.0,5.1,57.099999999999994,83.8,125.39999999999999,46.3,2015-06-02,0,none,Synthetic negative example,No recorded landslide at this location on 2015-06-02
26.7225,95.0281,699.0,8.28618530638979,Ao76-2/3c,Ao,Nagaland,India,IN,5.0,10.0,36.9,46.6,78.5,23.9,2019-06-04,0,none,Synthetic negative example,No recorded landslide at this location on 2019-06-04
26.7225,95.0281,699.0,8.28618530638979,Ao76-2/3c,Ao,Nagaland,India,IN,5.0,8.1,19.4,99.7,146.2,53.4,2021-06-10,0,none,Synthetic negative example,No recorded landslide at this location on 2021-06-10
26.2363,94.8133,1559.0,14.352001947229548,Ao76-2/3c,Ao,Nagaland,India,IN,5.0,6.5,54.7,97.5,197.5,32.4,2016-06-27,0,none,Synthetic negative example,No recorded landslide at this location on 2016-06-27
26.2363,94.8133,1559.0,14.352001947229548,Ao76-2/3c,Ao,Nagaland,India,IN,5.0,11.2,17.5,61.699999999999996,153.9,21.2,2017-09-24,0,none,Synthetic negative example,No recorded landslide at this location on 2017-09-24
26.2363,94.8133,1559.0,14.352001947229548,Ao76-2/3c,Ao,Nagaland,India,IN,5.0,22.4,34.6,125.0,228.29999999999998,29.7,2019-06-14,0,none,Synthetic negative example,No recorded landslide at this location on 2019-06-14
23.7705,92.5217,73.0,9.728201491806368,Bd61-2c,Bd,Mizoram,India,IN,5.0,6.2,11.0,78.39999999999999,128.6,62.8,2016-08-24,0,none,Synthetic negative example,No recorded landslide at this location on 2016-08-24
23.7705,92.5217,73.0,9.728201491806368,Bd61-2c,Bd,Mizoram,India,IN,5.0,9.8,38.6,62.6,79.5,22.4,2023-06-28,0,none,Synthetic negative example,No recorded landslide at this location on 2023-06-28
23.7705,92.5217,73.0,9.728201491806368,Bd61-2c,Bd,Mizoram,India,IN,5.0,0.9,15.200000000000001,23.7,113.2,12.9,2011-07-10,0,none,Synthetic negative example,No recorded landslide at this location on 2011-07-10
25.1019,93.3729,1140.0,8.129596852486529,Bd61-2c,Bd,Manipur,India,IN,5.0,46.2,82.0,103.60000000000001,165.5,46.2,2013-08-27,0,none,Synthetic negative example,No recorded landslide at this location on 2013-08-27
25.1019,93.3729,1140.0,8.129596852486529,Bd61-2c,Bd,Manipur,India,IN,5.0,6.9,17.4,24.5,72.2,6.9,2013-09-25,0,none,Synthetic negative example,No recorded landslide at this location on 2013-09-25
25.1019,93.3729,1140.0,8.129596852486529,Bd61-2c,Bd,Manipur,India,IN,5.0,0.0,13.2,31.4,119.8,8.5,2016-08-17,0,none,Synthetic negative example,No recorded landslide at this location on 2016-08-17
28.1193,95.1645,777.0,38.50868136980543,Ao80-2bc,Ao,Arunachal Pradesh,India,IN,5.0,92.7,195.60000000000002,383.1,457.5,99.9,2010-06-06,0,none,Synthetic negative example,No recorded landslide at this location on 2010-06-06
28.1193,95.1645,777.0,38.50868136980543,Ao80-2bc,Ao,Arunachal Pradesh,India,IN,5.0,13.4,31.6,110.7,184.9,36.8,2018-07-27,0,none,Synthetic negative example,No recorded landslide at this location on 2018-07-27
28.1193,95.1645,777.0,38.50868136980543,Ao80-2bc,Ao,Arunachal Pradesh,India,IN,5.0,31.8,101.7,266.7,613.4,53.3,2021-08-23,0,none,Synthetic negative example,No recorded landslide at this location on 2021-08-23
26.1966,91.802,105.0,10.085476299962467,Ao79-a,Ao,Assam,India,IN,5.0,6.8,58.2,271.8,377.0,135.8,2012-09-18,0,none,Synthetic negative example,No recorded landslide at this location on 2012-09-18
26.1966,91.802,105.0,10.085476299962467,Ao79-a,Ao,Assam,India,IN,5.0,30.2,76.7,106.6,202.70000000000002,30.2,2023-07-24,0,none,Synthetic negative example,No recorded landslide at this location on 2023-07-24
26.1966,91.802,105.0,10.085476299962467,Ao79-a,Ao,Assam,India,IN,5.0,10.1,19.5,104.8,279.2,36.1,2018-09-05,0,none,Synthetic negative example,No recorded landslide at this location on 2018-09-05
23.899,94.1434,259.0,13.342372695937204,Bf17-2c,Bf,Manipur,India,IN,5.0,23.9,74.9,81.6,141.0,29.4,2021-08-28,0,none,Synthetic negative example,No recorded landslide at this location on 2021-08-28
23.899,94.1434,259.0,13.342372695937204,Bf17-2c,Bf,Manipur,India,IN,5.0,5.8,65.10000000000001,145.8,250.70000000000002,38.0,2013-09-06,0,none,Synthetic negative example,No recorded landslide at this location on 2013-09-06
23.899,94.1434,259.0,13.342372695937204,Bf17-2c,Bf,Manipur,India,IN,5.0,57.7,97.9,135.0,209.6,57.7,2021-09-18,0,none,Synthetic negative example,No recorded landslide at this location on 2021-09-18
25.4786,94.1327,1751.0,9.58752644399106,Ao76-2/3c,Ao,Nagaland,India,IN,5.0,18.7,54.099999999999994,77.7,205.9,19.2,2016-07-01,0,none,Synthetic negative example,No recorded landslide at this location on 2016-07-01
25.4786,94.1327,1751.0,9.58752644399106,Ao76-2/3c,Ao,Nagaland,India,IN,5.0,9.0,16.1,56.9,151.2,14.5,2014-09-18,0,none,Synthetic negative example,No recorded landslide at this location on 2014-09-18
25.4786,94.1327,1751.0,9.58752644399106,Ao76-2/3c,Ao,Nagaland,India,IN,5.0,17.3,38.2,92.5,234.0,28.8,2018-08-12,0,none,Synthetic negative example,No recorded landslide at this location on 2018-08-12
27.1034,93.6885,144.0,2.2771438387407703,Be82-a,Be,Arunachal Pradesh,India,IN,5.0,11.5,33.3,93.8,339.7,18.2,2015-06-19,0,none,Synthetic negative example,No recorded landslide at this location on 2015-06-19
27.1034,93.6885,144.0,2.2771438387407703,Be82-a,Be,Arunachal Pradesh,India,IN,5.0,95.1,145.0,232.29999999999998,483.59999999999997,95.1,2017-07-09,0,none,Synthetic negative example,No recorded landslide at this location on 2017-07-09
27.1034,93.6885,144.0,2.2771438387407703,Be82-a,Be,Arunachal Pradesh,India,IN,5.0,23.0,55.5,105.7,187.5,25.2,2020-07-10,0,none,Synthetic negative example,No recorded landslide at this location on 2020-07-10
26.4205,94.9731,690.0,25.176293155000685,Bh16-2/3c,Bh,Nagaland,India,IN,5.0,17.8,48.7,83.60000000000001,199.3,17.8,2013-07-23,0,none,Synthetic negative example,No recorded landslide at this location on 2013-07-23
26.4205,94.9731,690.0,25.176293155000685,Bh16-2/3c,Bh,Nagaland,India,IN,5.0,27.1,66.5,99.8,312.3,27.1,2010-06-14,0,none,Synthetic negative example,No recorded landslide at this location on 2010-06-14
26.4205,94.9731,690.0,25.176293155000685,Bh16-2/3c,Bh,Nagaland,India,IN,5.0,23.0,52.400000000000006,95.5,143.0,23.0,2019-07-06,0,none,Synthetic negative example,No recorded landslide at this location on 2019-07-06
26.1771,91.7599,82.0,8.895692965992287,Ao79-a,Ao,Assam,India,IN,5.0,9.1,57.0,78.1,148.7,42.8,2012-09-10,0,none,Synthetic negative example,No recorded landslide at this location on 2012-09-10
26.1771,91.7599,82.0,8.895692965992287,Ao79-a,Ao,Assam,India,IN,5.0,6.6,11.2,90.4,148.4,64.4,2021-06-04,0,none,Synthetic negative example,No recorded landslide at this location on 2021-06-04
26.1771,91.7599,82.0,8.895692965992287,Ao79-a,Ao,Assam,India,IN,5.0,1.8,5.2,30.8,324.5,7.7,2012-09-23,0,none,Synthetic negative example,No recorded landslide at this location on 2012-09-23
26.1044,91.7082,50.0,2.119791324560513,Nd2-2b,Nd,Assam,India,IN,5.0,5.4,112.0,213.7,567.3,60.8,2011-07-06,0,none,Synthetic negative example,No recorded landslide at this location on 2011-07-06
26.1044,91.7082,50.0,2.119791324560513,Nd2-2b,Nd,Assam,India,IN,5.0,18.2,33.0,59.199999999999996,75.6,18.2,2018-06-09,0,none,Synthetic negative example,No recorded landslide at this location on 2018-06-09
26.1044,91.7082,50.0,2.119791324560513,Nd2-2b,Nd,Assam,India,IN,5.0,0.4,5.2,35.1,108.2,15.2,2015-09-18,0,none,Synthetic negative example,No recorded landslide at this location on 2015-09-18
27.3034,93.804,724.0,48.952197016329734,Nd53-3bc,Nd,Arunachal Pradesh,India,IN,5.0,31.2,95.1,175.3,384.2,52.5,2015-06-02,0,none,Synthetic negative example,No recorded landslide at this location on 2015-06-02
27.3034,93.804,724.0,48.952197016329734,Nd53-3bc,Nd,Arunachal Pradesh,India,IN,5.0,43.7,101.4,180.4,284.6,43.7,2020-06-18,0,none,Synthetic negative example,No recorded landslide at this location on 2020-06-18
27.3034,93.804,724.0,48.952197016329734,Nd53-3bc,Nd,Arunachal Pradesh,India,IN,5.0,2.5,19.5,31.0,131.4,15.2,2017-07-23,0,none,Synthetic negative example,No recorded landslide at this location on 2017-07-23
24.7979,92.9974,25.0,0.926369172997235,Ge53-3a,Ge,Assam,India,IN,5.0,22.6,71.9,111.7,226.1,40.0,2014-07-28,0,none,Synthetic negative example,No recorded landslide at this location on 2014-07-28
24.7979,92.9974,25.0,0.926369172997235,Ge53-3a,Ge,Assam,India,IN,5.0,3.7,31.6,56.0,186.79999999999998,17.3,2013-08-12,0,none,Synthetic negative example,No recorded landslide at this location on 2013-08-12
24.7979,92.9974,25.0,0.926369172997235,Ge53-3a,Ge,Assam,India,IN,5.0,10.3,14.600000000000001,28.8,118.8,10.3,2013-09-24,0,none,Synthetic negative example,No recorded landslide at this location on 2013-09-24
26.1001,91.6849,84.0,24.925661978622223,Ao77-2a,Ao,Assam,India,IN,5.0,21.2,67.1,123.9,285.8,27.3,2023-07-03,0,none,Synthetic negative example,No recorded landslide at this location on 2023-07-03
26.1001,91.6849,84.0,24.925661978622223,Ao77-2a,Ao,Assam,India,IN,5.0,33.7,173.8,213.3,446.6,108.8,2014-07-24,0,none,Synthetic negative example,No recorded landslide at this location on 2014-07-24
26.1001,91.6849,84.0,24.925661978622223,Ao77-2a,Ao,Assam,India,IN,5.0,0.7,5.1000000000000005,28.1,120.9,11.8,2023-06-01,0,none,Synthetic negative example,No recorded landslide at this location on 2023-06-01
25.3833,94.1884,1679.0,28.085541778829267,Ao76-2/3c,Ao,Nagaland,India,IN,5.0,4.0,10.7,43.8,128.9,12.8,2014-07-09,0,none,Synthetic negative example,No recorded landslide at this location on 2014-07-09
25.3833,94.1884,1679.0,28.085541778829267,Ao76-2/3c,Ao,Nagaland,India,IN,5.0,2.7,68.1,91.1,161.1,35.8,2020-08-16,0,none,Synthetic negative example,No recorded landslide at this location on 2020-08-16
25.3833,94.1884,1679.0,28.085541778829267,Ao76-2/3c,Ao,Nagaland,India,IN,5.0,11.6,22.8,59.5,140.0,16.0,2019-08-14,0,none,Synthetic negative example,No recorded landslide at this location on 2019-08-14
27.0816,88.4397,249.0,23.119881010719286,Rd29-1a,Rd,Sikkim,India,IN,5.0,10.4,17.4,52.2,113.8,17.2,2022-09-19,0,none,Synthetic negative example,No recorded landslide at this location on 2022-09-19
27.0816,88.4397,249.0,23.119881010719286,Rd29-1a,Rd,Sikkim,India,IN,5.0,6.5,41.8,173.1,449.4,85.0,2012-09-22,0,none,Synthetic negative example,No recorded landslide at this location on 2012-09-22
27.0816,88.4397,249.0,23.119881010719286,Rd29-1a,Rd,Sikkim,India,IN,5.0,20.9,145.0,268.7,478.7,65.4,2017-07-06,0,none,Synthetic negative example,No recorded landslide at this location on 2017-07-06
25.9702,91.8587,282.0,9.707649981037308,Nd2-2b,Nd,Meghalaya,India,IN,5.0,21.0,59.5,92.2,174.70000000000002,25.1,2019-07-27,0,none,Synthetic negative example,No recorded landslide at this location on 2019-07-27
25.9702,91.8587,282.0,9.707649981037308,Nd2-2b,Nd,Meghalaya,India,IN,5.0,16.6,57.7,172.3,365.9,54.3,2019-07-13,0,none,Synthetic negative example,No recorded landslide at this location on 2019-07-13
25.9702,91.8587,282.0,9.707649981037308,Nd2-2b,Nd,Meghalaya,India,IN,5.0,34.3,75.2,121.6,246.6,34.3,2022-08-03,0,none,Synthetic negative example,No recorded landslide at this location on 2022-08-03
27.339,88.6065,1501.0,16.261579422291064,Bd32-2bc,Bd,Sikkim,India,IN,5.0,82.8,281.2,438.2,832.3,129.3,2018-07-03,0,none,Synthetic negative example,No recorded landslide at this location on 2018-07-03
27.339,88.6065,1501.0,16.261579422291064,Bd32-2bc,Bd,Sikkim,India,IN,5.0,60.5,129.7,242.7,478.7,60.5,2010-07-06,0,none,Synthetic negative example,No recorded landslide at this location on 2010-07-06
27.339,88.6065,1501.0,16.261579422291064,Bd32-2bc,Bd,Sikkim,India,IN,5.0,75.5,140.6,290.9,649.4,75.5,2011-07-26,0,none,Synthetic negative example,No recorded landslide at this location on 2011-07-26
26.1468,91.6469,57.0,8.894608374531636,Ao79-a,Ao,Assam,India,IN,5.0,25.9,77.5,151.1,361.9,41.1,2016-07-10,0,none,Synthetic negative example,No recorded landslide at this location on 2016-07-10
26.1468,91.6469,57.0,8.894608374531636,Ao79-a,Ao,Assam,India,IN,5.0,15.0,99.2,162.4,317.2,60.9,2015-08-21,0,none,Synthetic negative example,No recorded landslide at this location on 2015-08-21
26.1468,91.6469,57.0,8.894608374531636,Ao79-a,Ao,Assam,India,IN,5.0,19.2,60.8,95.0,131.5,29.4,2012-06-02,0,none,Synthetic negative example,No recorded landslide at this location on 2012-06-02
26.1097,91.7747,58.0,2.260732414259265,Nd2-2b,Nd,Assam,India,IN,5.0,13.5,66.6,158.8,291.7,35.9,2018-08-02,0,none,Synthetic negative example,No recorded landslide at this location on 2018-08-02
26.1097,91.7747,58.0,2.260732414259265,Nd2-2b,Nd,Assam,India,IN,5.0,31.5,58.4,99.2,159.6,31.5,2015-08-07,0,none,Synthetic negative example,No recorded landslide at this location on 2015-08-07
26.1097,91.7747,58.0,2.260732414259265,Nd2-2b,Nd,Assam,India,IN,5.0,269.3,346.6,395.8,436.40000000000003,269.3,2011-09-08,0,none,Synthetic negative example,No recorded landslide at this location on 2011-09-08
24.416,94.0984,1368.0,20.935033326099376,Bh16-2/3c,Bh,Manipur,India,IN,5.0,0.8,10.1,39.6,80.3,12.9,2014-09-02,0,none,Synthetic negative example,No recorded landslide at this location on 2014-09-02
24.416,94.0984,1368.0,20.935033326099376,Bh16-2/3c,Bh,Manipur,India,IN,5.0,3.6,13.4,52.3,99.5,21.4,2023-07-09,0,none,Synthetic negative example,No recorded landslide at this location on 2023-07-09
24.416,94.0984,1368.0,20.935033326099376,Bh16-2/3c,Bh,Manipur,India,IN,5.0,77.7,129.8,144.6,222.9,77.7,2011-06-09,0,none,Synthetic negative example,No recorded landslide at this location on 2011-06-09
25.61560252,94.11603493,1610.0,29.53602090910925,Ao76-2/3c,Ao,Nagaland,India,IN,5.0,23.6,88.5,136.5,169.9,38.8,2022-07-27,0,none,Synthetic negative example,No recorded landslide at this location on 2022-07-27
25.61560252,94.11603493,1610.0,29.53602090910925,Ao76-2/3c,Ao,Nagaland,India,IN,5.0,29.3,100.3,215.8,320.9,49.3,2019-06-20,0,none,Synthetic negative example,No recorded landslide at this location on 2019-06-20
25.61560252,94.11603493,1610.0,29.53602090910925,Ao76-2/3c,Ao,Nagaland,India,IN,5.0,5.9,33.7,80.2,261.8,17.7,2021-07-28,0,none,Synthetic negative example,No recorded landslide at this location on 2021-07-28
23.3572,92.7878,1370.0,9.18427544441587,Bd61-2c,Bd,Mizoram,India,IN,5.0,5.9,27.0,82.0,223.9,19.3,2017-09-07,0,none,Synthetic negative example,No recorded landslide at this location on 2017-09-07
23.3572,92.7878,1370.0,9.18427544441587,Bd61-2c,Bd,Mizoram,India,IN,5.0,9.6,15.7,97.6,156.9,24.1,2023-09-17,0,none,Synthetic negative example,No recorded landslide at this location on 2023-09-17
23.3572,92.7878,1370.0,9.18427544441587,Bd61-2c,Bd,Mizoram,India,IN,5.0,6.6,25.2,76.7,141.2,18.1,2021-08-21,0,none,Synthetic negative example,No recorded landslide at this location on 2021-08-21
24.1419,94.1078,1171.0,33.37106500187469,Bh16-2/3c,Bh,Manipur,India,IN,5.0,18.5,57.1,104.9,124.7,23.1,2018-06-28,0,none,Synthetic negative example,No recorded landslide at this location on 2018-06-28
24.1419,94.1078,1171.0,33.37106500187469,Bh16-2/3c,Bh,Manipur,India,IN,5.0,13.5,34.9,60.1,192.3,13.5,2014-07-01,0,none,Synthetic negative example,No recorded landslide at this location on 2014-07-01
24.1419,94.1078,1171.0,33.37106500187469,Bh16-2/3c,Bh,Manipur,India,IN,5.0,13.7,99.1,123.8,126.1,54.7,2012-06-02,0,none,Synthetic negative example,No recorded landslide at this location on 2012-06-02
27.125,93.7145,128.0,5.56896198426521,Be82-a,Be,Arunachal Pradesh,India,IN,5.0,5.8,9.1,14.1,54.1,5.8,2022-08-23,0,none,Synthetic negative example,No recorded landslide at this location on 2022-08-23
27.125,93.7145,128.0,5.56896198426521,Be82-a,Be,Arunachal Pradesh,India,IN,5.0,2.0,33.1,98.1,159.6,33.0,2014-07-20,0,none,Synthetic negative example,No recorded landslide at this location on 2014-07-20
27.125,93.7145,128.0,5.56896198426521,Be82-a,Be,Arunachal Pradesh,India,IN,5.0,4.5,23.0,37.0,182.29999999999998,15.4,2021-06-19,0,none,Synthetic negative example,No recorded landslide at this location on 2021-06-19
25.1796,93.0083,688.0,6.536941433448177,Ao76-2/3c,Ao,Assam,India,IN,5.0,0.4,12.399999999999999,31.0,40.6,12.1,2023-07-01,0,none,Synthetic negative example,No recorded landslide at this location on 2023-07-01
25.1796,93.0083,688.0,6.536941433448177,Ao76-2/3c,Ao,Assam,India,IN,5.0,1.1,3.1,13.4,28.7,4.1,2018-09-26,0,none,Synthetic negative example,No recorded landslide at this location on 2018-09-26
25.1796,93.0083,688.0,6.536941433448177,Ao76-2/3c,Ao,Assam,India,IN,5.0,0.9,11.5,22.400000000000002,99.0,6.4,2019-09-14,0,none,Synthetic negative example,No recorded landslide at this location on 2019-09-14
25.0888,92.8551,260.0,26.254074995372054,Ao76-2/3c,Ao,Assam,India,IN,10.0,5.3,20.1,49.2,131.7,13.7,2016-09-27,0,none,Synthetic negative example,No recorded landslide at this location on 2016-09-27
25.0888,92.8551,260.0,26.254074995372054,Ao76-2/3c,Ao,Assam,India,IN,10.0,3.8,15.899999999999999,24.1,67.8,6.8,2013-09-26,0,none,Synthetic negative example,No recorded landslide at this location on 2013-09-26
25.0888,92.8551,260.0,26.254074995372054,Ao76-2/3c,Ao,Assam,India,IN,10.0,20.3,97.0,142.7,175.8,40.3,2011-08-09,0,none,Synthetic negative example,No recorded landslide at this location on 2011-08-09
25.5098,93.8794,1646.0,15.451697691723982,Bh16-2/3c,Bh,Manipur,India,IN,10.0,19.5,31.2,146.5,217.3,42.7,2014-08-20,0,none,Synthetic negative example,No recorded landslide at this location on 2014-08-20
25.5098,93.8794,1646.0,15.451697691723982,Bh16-2/3c,Bh,Manipur,India,IN,10.0,7.3,25.8,96.8,187.9,31.2,2010-09-06,0,none,Synthetic negative example,No recorded landslide at this location on 2010-09-06
25.5098,93.8794,1646.0,15.451697691723982,Bh16-2/3c,Bh,Manipur,India,IN,10.0,1.3,2.8,29.5,55.8,12.2,2022-09-10,0,none,Synthetic negative example,No recorded landslide at this location on 2022-09-10
26.49349035,91.72137514,60.0,1.388921568190823,Ao79-a,Ao,Assam,India,IN,10.0,5.6,19.1,25.1,96.3,12.8,2013-06-18,0,none,Synthetic negative example,No recorded landslide at this location on 2013-06-18
26.49349035,91.72137514,60.0,1.388921568190823,Ao79-a,Ao,Assam,India,IN,10.0,22.4,33.8,65.7,133.0,22.4,2012-07-12,0,none,Synthetic negative example,No recorded landslide at this location on 2012-07-12
26.49349035,91.72137514,60.0,1.388921568190823,Ao79-a,Ao,Assam,India,IN,10.0,0.0,4.6,72.3,121.8,37.1,2015-09-18,0,none,Synthetic negative example,No recorded landslide at this location on 2015-09-18
24.9786,93.5027,1312.0,18.801212904229484,Bh16-2/3c,Bh,Assam,India,IN,10.0,13.8,28.700000000000003,67.0,170.4,16.9,2011-08-21,0,none,Synthetic negative example,No recorded landslide at this location on 2011-08-21
24.9786,93.5027,1312.0,18.801212904229484,Bh16-2/3c,Bh,Assam,India,IN,10.0,4.4,23.400000000000002,45.4,161.9,15.9,2015-07-07,0,none,Synthetic negative example,No recorded landslide at this location on 2015-07-07
24.9786,93.5027,1312.0,18.801212904229484,Bh16-2/3c,Bh,Assam,India,IN,10.0,11.0,25.5,51.4,260.5,14.8,2019-08-11,0,none,Synthetic negative example,No recorded landslide at this location on 2019-08-11
24.042,92.6724,808.0,6.133310012526581,Bd61-2c,Bd,Mizoram,India,IN,10.0,12.7,14.899999999999999,43.2,121.8,12.7,2022-08-18,0,none,Synthetic negative example,No recorded landslide at this location on 2022-08-18
24.042,92.6724,808.0,6.133310012526581,Bd61-2c,Bd,Mizoram,India,IN,10.0,23.8,48.2,91.7,179.5,28.5,2023-09-18,0,none,Synthetic negative example,No recorded landslide at this location on 2023-09-18
24.042,92.6724,808.0,6.133310012526581,Bd61-2c,Bd,Mizoram,India,IN,10.0,1.0,8.0,33.1,79.0,14.9,2014-09-26,0,none,Synthetic negative example,No recorded landslide at this location on 2014-09-26
26.3897,94.9439,522.0,5.15715117338214,Bh16-2/3c,Bh,Nagaland,India,IN,10.0,12.6,35.8,71.7,159.6,14.0,2012-09-28,0,none,Synthetic negative example,No recorded landslide at this location on 2012-09-28
26.3897,94.9439,522.0,5.15715117338214,Bh16-2/3c,Bh,Nagaland,India,IN,10.0,10.6,43.199999999999996,111.89999999999999,217.7,24.5,2016-09-08,0,none,Synthetic negative example,No recorded landslide at this location on 2016-09-08
26.3897,94.9439,522.0,5.15715117338214,Bh16-2/3c,Bh,Nagaland,India,IN,10.0,24.1,66.6,153.5,283.0,36.2,2010-06-25,0,none,Synthetic negative example,No recorded landslide at this location on 2010-06-25
27.8837,93.0515,1585.0,44.95634585071402,Ao80-2bc,Ao,Arunachal Pradesh,India,IN,10.0,8.5,20.7,347.9,499.5,119.0,2017-06-07,0,none,Synthetic negative example,No recorded landslide at this location on 2017-06-07
27.8837,93.0515,1585.0,44.95634585071402,Ao80-2bc,Ao,Arunachal Pradesh,India,IN,10.0,7.5,16.4,32.4,585.1,8.4,2018-09-21,0,none,Synthetic negative example,No recorded landslide at this location on 2018-09-21
27.8837,93.0515,1585.0,44.95634585071402,Ao80-2bc,Ao,Arunachal Pradesh,India,IN,10.0,35.6,43.9,50.9,113.0,35.6,2021-09-17,0,none,Synthetic negative example,No recorded landslide at this location on 2021-09-17
25.7713,93.8067,234.0,6.172125181758627,Ao76-2/3c,Ao,Assam,India,IN,10.0,11.3,25.900000000000002,115.8,208.4,55.0,2018-08-17,0,none,Synthetic negative example,No recorded landslide at this location on 2018-08-17
25.7713,93.8067,234.0,6.172125181758627,Ao76-2/3c,Ao,Assam,India,IN,10.0,0.9,18.8,34.6,264.0,13.3,2012-06-11,0,none,Synthetic negative example,No recorded landslide at this location on 2012-06-11
25.7713,93.8067,234.0,6.172125181758627,Ao76-2/3c,Ao,Assam,India,IN,10.0,11.2,40.0,88.4,177.5,19.0,2016-09-18,0,none,Synthetic negative example,No recorded landslide at this location on 2016-09-18
25.8782,94.1739,1349.0,23.36421636275217,Ao76-2/3c,Ao,Nagaland,India,IN,10.0,18.1,50.6,79.3,123.9,22.1,2016-09-05,0,none,Synthetic negative example,No recorded landslide at this location on 2016-09-05
25.8782,94.1739,1349.0,23.36421636275217,Ao76-2/3c,Ao,Nagaland,India,IN,10.0,5.2,27.8,71.10000000000001,140.7,20.6,2020-06-21,0,none,Synthetic negative example,No recorded landslide at this location on 2020-06-21
25.8782,94.1739,1349.0,23.36421636275217,Ao76-2/3c,Ao,Nagaland,India,IN,10.0,1.5,37.5,84.4,169.4,25.9,2023-07-18,0,none,Synthetic negative example,No recorded landslide at this location on 2023-07-18
25.616,94.1167,1589.0,29.56631726951452,Ao76-2/3c,Ao,Nagaland,India,IN,10.0,38.9,103.0,189.4,300.3,49.3,2019-06-19,0,none,Synthetic negative example,No recorded landslide at this location on 2019-06-19
25.616,94.1167,1589.0,29.56631726951452,Ao76-2/3c,Ao,Nagaland,India,IN,10.0,16.2,45.1,112.1,193.6,31.1,2012-07-28,0,none,Synthetic negative example,No recorded landslide at this location on 2012-07-28
25.616,94.1167,1589.0,29.56631726951452,Ao76-2/3c,Ao,Nagaland,India,IN,10.0,1.4,13.9,115.1,239.9,57.6,2010-07-08,0,none,Synthetic negative example,No recorded landslide at this location on 2010-07-08
27.3702,88.7334,3523.0,13.824212020761683,I-Bh-U-c,I,Sikkim,India,IN,10.0,21.8,55.2,107.6,216.20000000000002,24.7,2019-09-12,0,none,Synthetic negative example,No recorded landslide at this location on 2019-09-12
27.3702,88.7334,3523.0,13.824212020761683,I-Bh-U-c,I,Sikkim,India,IN,10.0,9.8,32.8,70.6,188.70000000000002,18.1,2013-06-20,0,none,Synthetic negative example,No recorded landslide at this location on 2013-06-20
27.3702,88.7334,3523.0,13.824212020761683,I-Bh-U-c,I,Sikkim,India,IN,10.0,27.4,164.6,221.8,389.4,111.0,2014-08-22,0,none,Synthetic negative example,No recorded landslide at this location on 2014-08-22
27.2676,88.2891,604.0,48.99498819683531,Bd32-2bc,Bd,Sikkim,India,IN,10.0,0.8,2.1,25.1,82.1,14.0,2023-06-01,0,none,Synthetic negative example,No recorded landslide at this location on 2023-06-01
27.2676,88.2891,604.0,48.99498819683531,Bd32-2bc,Bd,Sikkim,India,IN,10.0,14.9,48.6,66.8,145.8,33.4,2022-08-28,0,none,Synthetic negative example,No recorded landslide at this location on 2022-08-28
27.2676,88.2891,604.0,48.99498819683531,Bd32-2bc,Bd,Sikkim,India,IN,10.0,30.6,111.7,222.5,658.9,54.1,2020-07-18,0,none,Synthetic negative example,No recorded landslide at this location on 2020-07-18
27.0869,93.6086,316.0,9.327683683775282,Be82-a,Be,Arunachal Pradesh,India,IN,10.0,8.9,17.4,62.8,66.9,19.1,2011-09-10,0,none,Synthetic negative example,No recorded landslide at this location on 2011-09-10
27.0869,93.6086,316.0,9.327683683775282,Be82-a,Be,Arunachal Pradesh,India,IN,10.0,7.2,30.0,97.3,228.8,30.8,2012-09-22,0,none,Synthetic negative example,No recorded landslide at this location on 2012-09-22
27.0869,93.6086,316.0,9.327683683775282,Be82-a,Be,Arunachal Pradesh,India,IN,10.0,25.3,37.800000000000004,45.4,67.60000000000001,25.3,2013-08-27,0,none,Synthetic negative example,No recorded landslide at this location on 2013-08-27
24.819,94.3551,1597.0,26.68126632136219,Bh16-2/3c,Bh,Manipur,India,IN,10.0,3.4,12.9,30.2,102.4,8.8,2017-08-23,0,none,Synthetic negative example,No recorded landslide at this location on 2017-08-23
24.819,94.3551,1597.0,26.68126632136219,Bh16-2/3c,Bh,Manipur,India,IN,10.0,24.0,52.0,117.89999999999999,287.0,24.0,2017-07-15,0,none,Synthetic negative example,No recorded landslide at this location on 2017-07-15
24.819,94.3551,1597.0,26.68126632136219,Bh16-2/3c,Bh,Manipur,India,IN,10.0,29.2,35.4,96.2,152.3,29.2,2022-08-06,0,none,Synthetic negative example,No recorded landslide at this location on 2022-08-06
24.9925,93.5,1218.0,11.982789615605451,Bh16-2/3c,Bh,Assam,India,IN,10.0,12.2,37.0,66.3,91.7,13.1,2010-09-15,0,none,Synthetic negative example,No recorded landslide at this location on 2010-09-15
24.9925,93.5,1218.0,11.982789615605451,Bh16-2/3c,Bh,Assam,India,IN,10.0,1.0,26.5,98.8,146.8,28.5,2016-07-07,0,none,Synthetic negative example,No recorded landslide at this location on 2016-07-07
24.9925,93.5,1218.0,11.982789615605451,Bh16-2/3c,Bh,Assam,India,IN,10.0,4.7,17.3,152.1,328.1,66.9,2017-09-07,0,none,Synthetic negative example,No recorded landslide at this location on 2017-09-07
23.8447,93.0514,1086.0,27.867464228189014,Bh16-2/3c,Bh,Mizoram,India,IN,10.0,7.0,32.4,76.2,120.8,18.8,2013-09-16,0,none,Synthetic negative example,No recorded landslide at this location on 2013-09-16
23.8447,93.0514,1086.0,27.867464228189014,Bh16-2/3c,Bh,Mizoram,India,IN,10.0,14.0,24.5,49.8,79.7,14.0,2018-07-03,0,none,Synthetic negative example,No recorded landslide at this location on 2018-07-03
23.8447,93.0514,1086.0,27.867464228189014,Bh16-2/3c,Bh,Mizoram,India,IN,10.0,6.0,50.099999999999994,140.5,209.6,46.5,2021-06-14,0,none,Synthetic negative example,No recorded landslide at this location on 2021-06-14
26.1498,94.6055,1699.0,30.860938989120513,Ao76-2/3c,Ao,Nagaland,India,IN,10.0,3.9,12.8,24.0,78.0,6.7,2014-06-05,0,none,Synthetic negative example,No recorded landslide at this location on 2014-06-05
26.1498,94.6055,1699.0,30.860938989120513,Ao76-2/3c,Ao,Nagaland,India,IN,10.0,7.1,22.4,75.1,254.6,32.1,2011-08-16,0,none,Synthetic negative example,No recorded landslide at this location on 2011-08-16
26.1498,94.6055,1699.0,30.860938989120513,Ao76-2/3c,Ao,Nagaland,India,IN,10.0,26.1,53.900000000000006,70.8,123.4,26.1,2020-09-11,0,none,Synthetic negative example,No recorded landslide at this location on 2020-09-11
26.148,94.8422,1506.0,33.88948141819591,Ao76-2/3c,Ao,Nagaland,India,IN,10.0,55.8,150.1,219.1,250.4,55.8,2018-08-27,0,none,Synthetic negative example,No recorded landslide at this location on 2018-08-27
26.148,94.8422,1506.0,33.88948141819591,Ao76-2/3c,Ao,Nagaland,India,IN,10.0,7.8,35.5,52.7,106.5,18.8,2013-09-27,0,none,Synthetic negative example,No recorded landslide at this location on 2013-09-27
26.148,94.8422,1506.0,33.88948141819591,Ao76-2/3c,Ao,Nagaland,India,IN,10.0,33.7,96.9,202.2,431.6,47.7,2020-07-24,0,none,Synthetic negative example,No recorded landslide at this location on 2020-07-24
25.6269,94.1139,1566.0,13.286694596501158,Ao76-2/3c,Ao,Nagaland,India,IN,10.0,17.6,86.7,110.9,193.5,40.7,2019-06-12,0,none,Synthetic negative example,No recorded landslide at this location on 2019-06-12
25.6269,94.1139,1566.0,13.286694596501158,Ao76-2/3c,Ao,Nagaland,India,IN,10.0,3.8,7.9,55.6,169.9,21.2,2019-08-23,0,none,Synthetic negative example,No recorded landslide at this location on 2019-08-23
25.6269,94.1139,1566.0,13.286694596501158,Ao76-2/3c,Ao,Nagaland,India,IN,10.0,7.5,20.9,35.7,141.4,8.7,2022-09-12,0,none,Synthetic negative example,No recorded landslide at this location on 2022-09-12
26.1833,91.8,66.0,4.154096764309844,Af48-2ab,Af,Assam,India,IN,10.0,31.6,74.5,110.3,216.8,31.6,2018-08-24,0,none,Synthetic negative example,No recorded landslide at this location on 2018-08-24
26.1833,91.8,66.0,4.154096764309844,Af48-2ab,Af,Assam,India,IN,10.0,9.2,13.899999999999999,39.5,255.0,9.8,2011-06-11,0,none,Synthetic negative example,No recorded landslide at this location on 2011-06-11
26.1833,91.8,66.0,4.154096764309844,Af48-2ab,Af,Assam,India,IN,10.0,7.8,44.2,222.4,360.9,86.9,2015-09-06,0,none,Synthetic negative example,No recorded landslide at this location on 2015-09-06
24.3481,94.1146,1003.0,6.3503843875058354,Bh16-2/3c,Bh,Manipur,India,IN,10.0,5.7,25.2,53.0,70.3,15.6,2021-07-08,0,none,Synthetic negative example,No recorded landslide at this location on 2021-07-08
24.3481,94.1146,1003.0,6.3503843875058354,Bh16-2/3c,Bh,Manipur,India,IN,10.0,3.5,17.2,70.8,214.5,23.9,2019-08-18,0,none,Synthetic negative example,No recorded landslide at this location on 2019-08-18
24.3481,94.1146,1003.0,6.3503843875058354,Bh16-2/3c,Bh,Manipur,India,IN,10.0,7.3,25.799999999999997,44.3,104.9,14.3,2012-07-05,0,none,Synthetic negative example,No recorded landslide at this location on 2012-07-05
24.9111,94.4759,1827.0,25.70499440133583,Bh16-2/3c,Bh,Manipur,India,IN,10.0,6.6,38.3,52.3,91.5,19.9,2022-09-07,0,none,Synthetic negative example,No recorded landslide at this location on 2022-09-07
24.9111,94.4759,1827.0,25.70499440133583,Bh16-2/3c,Bh,Manipur,India,IN,10.0,2.7,7.1,19.1,26.6,9.0,2014-06-12,0,none,Synthetic negative example,No recorded landslide at this location on 2014-06-12
24.9111,94.4759,1827.0,25.70499440133583,Bh16-2/3c,Bh,Manipur,India,IN,10.0,2.0,14.899999999999999,52.9,96.7,20.2,2023-08-05,0,none,Synthetic negative example,No recorded landslide at this location on 2023-08-05
25.5212,90.232,580.0,20.309247989722795,Nd2-2b,Nd,Meghalaya,India,IN,10.0,4.5,78.0,262.8,397.0,78.3,2010-06-07,0,none,Synthetic negative example,No recorded landslide at this location on 2010-06-07
25.5212,90.232,580.0,20.309247989722795,Nd2-2b,Nd,Meghalaya,India,IN,10.0,1.8,10.5,15.7,136.3,4.7,2018-08-13,0,none,Synthetic negative example,No recorded landslide at this location on 2018-08-13
25.5212,90.232,580.0,20.309247989722795,Nd2-2b,Nd,Meghalaya,India,IN,10.0,5.5,10.5,25.4,118.2,9.6,2014-06-06,0,none,Synthetic negative example,No recorded landslide at this location on 2014-06-06
24.4638,92.4943,94.0,12.933283004058028,Bd61-2c,Bd,Assam,India,IN,10.0,15.1,56.3,127.7,289.4,32.9,2011-06-01,0,none,Synthetic negative example,No recorded landslide at this location on 2011-06-01
24.4638,92.4943,94.0,12.933283004058028,Bd61-2c,Bd,Assam,India,IN,10.0,29.8,47.5,51.2,121.8,29.8,2014-08-16,0,none,Synthetic negative example,No recorded landslide at this location on 2014-08-16
24.4638,92.4943,94.0,12.933283004058028,Bd61-2c,Bd,Assam,India,IN,10.0,27.5,57.7,113.7,170.7,32.1,2023-07-24,0,none,Synthetic negative example,No recorded landslide at this location on 2023-07-24
27.3425,88.6236,2045.0,35.90869349353838,Bd32-2bc,Bd,Sikkim,India,IN,10.0,40.4,137.7,295.5,598.6,80.5,2011-07-24,0,none,Synthetic negative example,No recorded landslide at this location on 2011-07-24
27.3425,88.6236,2045.0,35.90869349353838,Bd32-2bc,Bd,Sikkim,India,IN,10.0,44.9,131.8,207.8,516.1,56.7,2017-07-17,0,none,Synthetic negative example,No recorded landslide at this location on 2017-07-17
27.3425,88.6236,2045.0,35.90869349353838,Bd32-2bc,Bd,Sikkim,India,IN,10.0,20.6,75.2,92.6,199.0,37.9,2015-06-01,0,none,Synthetic negative example,No recorded landslide at this location on 2015-06-01
24.1988,94.1016,1379.0,19.94576616473369,Bh16-2/3c,Bh,Manipur,India,IN,10.0,7.8,26.599999999999998,38.199999999999996,81.2,14.7,2021-06-02,0,none,Synthetic negative example,No recorded landslide at this location on 2021-06-02
24.1988,94.1016,1379.0,19.94576616473369,Bh16-2/3c,Bh,Manipur,India,IN,10.0,1.8,16.0,38.2,139.7,18.0,2020-07-01,0,none,Synthetic negative example,No recorded landslide at this location on 2020-07-01
24.1988,94.1016,1379.0,19.94576616473369,Bh16-2/3c,Bh,Manipur,India,IN,10.0,4.7,28.3,57.5,88.0,19.8,2021-07-16,0,none,Synthetic negative example,No recorded landslide at this location on 2021-07-16
27.174,95.8011,295.0,1.041280595140532,Ao76-2/3c,Ao,Arunachal Pradesh,India,IN,10.0,8.3,119.8,184.6,335.1,61.4,2014-08-10,0,none,Synthetic negative example,No recorded landslide at this location on 2014-08-10
27.174,95.8011,295.0,1.041280595140532,Ao76-2/3c,Ao,Arunachal Pradesh,India,IN,10.0,5.2,21.6,256.09999999999997,368.0,182.6,2016-07-20,0,none,Synthetic negative example,No recorded landslide at this location on 2016-07-20
27.174,95.8011,295.0,1.041280595140532,Ao76-2/3c,Ao,Arunachal Pradesh,India,IN,10.0,21.0,28.0,34.5,147.7,21.0,2020-08-07,0,none,Synthetic negative example,No recorded landslide at this location on 2020-08-07
28.0791,96.5242,557.0,24.638327529773587,I-Af-Bd-2c,I,Arunachal Pradesh,India,IN,10.0,0.0,0.7,125.7,152.6,57.3,2023-09-28,0,none,Synthetic negative example,No recorded landslide at this location on 2023-09-28
28.0791,96.5242,557.0,24.638327529773587,I-Af-Bd-2c,I,Arunachal Pradesh,India,IN,10.0,11.3,196.2,204.8,249.0,157.5,2022-07-20,0,none,Synthetic negative example,No recorded landslide at this location on 2022-07-20
28.0791,96.5242,557.0,24.638327529773587,I-Af-Bd-2c,I,Arunachal Pradesh,India,IN,10.0,2.1,3.0,6.2,16.9,3.0,2019-09-05,0,none,Synthetic negative example,No recorded landslide at this location on 2019-09-05
26.0977,94.7499,1550.0,3.0918835620363234,Ao76-2/3c,Ao,Nagaland,India,IN,10.0,1.6,9.8,31.0,196.0,8.5,2017-06-10,0,none,Synthetic negative example,No recorded landslide at this location on 2017-06-10
26.0977,94.7499,1550.0,3.0918835620363234,Ao76-2/3c,Ao,Nagaland,India,IN,10.0,3.1,24.3,92.6,210.4,25.5,2019-06-23,0,none,Synthetic negative example,No recorded landslide at this location on 2019-06-23
26.0977,94.7499,1550.0,3.0918835620363234,Ao76-2/3c,Ao,Nagaland,India,IN,10.0,15.1,30.1,41.4,118.5,15.1,2021-06-09,0,none,Synthetic negative example,No recorded landslide at this location on 2021-06-09
24.3527,94.3429,283.0,13.266819111186056,,,Manipur,India,IN,10.0,25.3,40.8,54.7,274.6,25.3,2017-08-02,0,none,Synthetic negative example,No recorded landslide at this location on 2017-08-02
24.3527,94.3429,283.0,13.266819111186056,,,Manipur,India,IN,10.0,22.6,40.1,112.9,172.3,45.0,2018-06-07,0,none,Synthetic negative example,No recorded landslide at this location on 2018-06-07
24.3527,94.3429,283.0,13.266819111186056,,,Manipur,India,IN,10.0,11.1,31.5,61.9,143.1,14.0,2018-07-09,0,none,Synthetic negative example,No recorded landslide at this location on 2018-07-09
24.004,93.9815,1460.0,34.51751463643877,Ao76-2/3c,Ao,Manipur,India,IN,10.0,2.7,9.200000000000001,24.3,57.300000000000004,4.9,2017-08-18,0,none,Synthetic negative example,No recorded landslide at this location on 2017-08-18
24.004,93.9815,1460.0,34.51751463643877,Ao76-2/3c,Ao,Manipur,India,IN,10.0,8.5,50.4,142.1,239.2,34.3,2011-07-06,0,none,Synthetic negative example,No recorded landslide at this location on 2011-07-06
24.004,93.9815,1460.0,34.51751463643877,Ao76-2/3c,Ao,Manipur,India,IN,10.0,4.5,24.9,67.89999999999999,110.7,18.7,2019-09-21,0,none,Synthetic negative example,No recorded landslide at this location on 2019-09-21
25.1122,94.3591,1848.0,17.243893132265686,Bh16-2/3c,Bh,Manipur,India,IN,10.0,5.1,10.799999999999999,39.7,76.6,21.1,2014-09-05,0,none,Synthetic negative example,No recorded landslide at this location on 2014-09-05
25.1122,94.3591,1848.0,17.243893132265686,Bh16-2/3c,Bh,Manipur,India,IN,10.0,0.7,16.3,30.6,66.8,13.9,2022-08-14,0,none,Synthetic negative example,No recorded landslide at this location on 2022-08-14
25.1122,94.3591,1848.0,17.243893132265686,Bh16-2/3c,Bh,Manipur,India,IN,10.0,18.7,29.5,90.3,191.1,33.7,2017-07-24,0,none,Synthetic negative example,No recorded landslide at this location on 2017-07-24
27.6438,93.871,1708.0,22.834392972989953,Ao80-2bc,Ao,Arunachal Pradesh,India,IN,10.0,44.2,120.2,189.6,359.2,44.2,2016-07-14,0,none,Synthetic negative example,No recorded landslide at this location on 2016-07-14
27.6438,93.871,1708.0,22.834392972989953,Ao80-2bc,Ao,Arunachal Pradesh,India,IN,10.0,20.3,66.0,196.7,393.5,84.8,2015-06-15,0,none,Synthetic negative example,No recorded landslide at this location on 2015-06-15
27.6438,93.871,1708.0,22.834392972989953,Ao80-2bc,Ao,Arunachal Pradesh,India,IN,10.0,24.4,60.3,144.6,270.1,24.9,2011-07-05,0,none,Synthetic negative example,No recorded landslide at this location on 2011-07-05
25.72,94.6219,1708.0,46.91495762766459,Ao76-2/3c,Ao,Nagaland,India,IN,10.0,2.7,9.8,35.9,68.60000000000001,8.8,2020-06-20,0,none,Synthetic negative example,No recorded landslide at this location on 2020-06-20
25.72,94.6219,1708.0,46.91495762766459,Ao76-2/3c,Ao,Nagaland,India,IN,10.0,1.2,8.3,18.4,120.0,6.3,2016-06-02,0,none,Synthetic negative example,No recorded landslide at this location on 2016-06-02
25.72,94.6219,1708.0,46.91495762766459,Ao76-2/3c,Ao,Nagaland,India,IN,10.0,0.2,49.3,98.0,201.6,26.2,2012-08-09,0,none,Synthetic negative example,No recorded landslide at this location on 2012-08-09
25.4788,94.1399,1640.0,14.637633427177526,Ao76-2/3c,Ao,Nagaland,India,IN,10.0,41.7,98.8,177.7,208.6,57.4,2017-06-18,0,none,Synthetic negative example,No recorded landslide at this location on 2017-06-18
25.4788,94.1399,1640.0,14.637633427177526,Ao76-2/3c,Ao,Nagaland,India,IN,10.0,29.7,44.8,86.39999999999999,145.4,29.7,2010-09-02,0,none,Synthetic negative example,No recorded landslide at this location on 2010-09-02
25.4788,94.1399,1640.0,14.637633427177526,Ao76-2/3c,Ao,Nagaland,India,IN,10.0,0.8,12.2,27.7,91.0,7.5,2023-09-03,0,none,Synthetic negative example,No recorded landslide at this location on 2023-09-03
27.1032,93.6884,145.0,0.926369172997235,Be82-a,Be,Arunachal Pradesh,India,IN,10.0,6.0,28.799999999999997,99.7,200.2,32.7,2013-08-13,0,none,Synthetic negative example,No recorded landslide at this location on 2013-08-13
27.1032,93.6884,145.0,0.926369172997235,Be82-a,Be,Arunachal Pradesh,India,IN,10.0,2.7,19.2,40.699999999999996,74.5,20.4,2022-08-15,0,none,Synthetic negative example,No recorded landslide at this location on 2022-08-15
27.1032,93.6884,145.0,0.926369172997235,Be82-a,Be,Arunachal Pradesh,India,IN,10.0,2.5,8.7,42.2,140.0,18.0,2016-08-14,0,none,Synthetic negative example,No recorded landslide at this location on 2016-08-14
25.3908,94.0926,1307.0,14.54418447986959,Ao76-2/3c,Ao,Manipur,India,IN,10.0,8.5,29.1,42.0,63.199999999999996,12.5,2022-06-04,0,none,Synthetic negative example,No recorded landslide at this location on 2022-06-04
25.3908,94.0926,1307.0,14.54418447986959,Ao76-2/3c,Ao,Manipur,India,IN,10.0,26.5,64.6,108.3,148.1,26.5,2011-09-09,0,none,Synthetic negative example,No recorded landslide at this location on 2011-09-09
25.3908,94.0926,1307.0,14.54418447986959,Ao76-2/3c,Ao,Manipur,India,IN,10.0,8.3,11.8,53.5,142.70000000000002,20.8,2014-07-10,0,none,Synthetic negative example,No recorded landslide at this location on 2014-07-10
25.1718,93.123,718.0,13.239755820989554,Ao76-2/3c,Ao,Assam,India,IN,10.0,7.4,31.9,61.0,111.6,15.0,2010-07-26,0,none,Synthetic negative example,No recorded landslide at this location on 2010-07-26
25.1718,93.123,718.0,13.239755820989554,Ao76-2/3c,Ao,Assam,India,IN,10.0,3.9,20.9,34.0,74.8,10.4,2023-08-07,0,none,Synthetic negative example,No recorded landslide at this location on 2023-08-07
25.1718,93.123,718.0,13.239755820989554,Ao76-2/3c,Ao,Assam,India,IN,10.0,9.6,19.0,54.8,108.1,16.0,2013-09-20,0,none,Synthetic negative example,No recorded landslide at this location on 2013-09-20
25.4192,94.108,1388.0,14.27107053574802,Ao76-2/3c,Ao,Nagaland,India,IN,10.0,0.2,3.1,24.8,45.9,9.2,2022-08-16,0,none,Synthetic negative example,No recorded landslide at this location on 2022-08-16
25.4192,94.108,1388.0,14.27107053574802,Ao76-2/3c,Ao,Nagaland,India,IN,10.0,6.5,28.9,106.8,136.1,24.4,2020-06-21,0,none,Synthetic negative example,No recorded landslide at this location on 2020-06-21
25.4192,94.108,1388.0,14.27107053574802,Ao76-2/3c,Ao,Nagaland,India,IN,10.0,10.7,14.799999999999999,42.0,87.0,12.8,2021-07-23,0,none,Synthetic negative example,No recorded landslide at this location on 2021-07-23
25.0634,94.3415,1763.0,27.550445354076174,Bh16-2/3c,Bh,Manipur,India,IN,10.0,10.4,51.7,90.3,204.29999999999998,22.8,2020-08-05,0,none,Synthetic negative example,No recorded landslide at this location on 2020-08-05
25.0634,94.3415,1763.0,27.550445354076174,Bh16-2/3c,Bh,Manipur,India,IN,10.0,7.1,27.099999999999998,60.0,131.2,15.7,2010-08-14,0,none,Synthetic negative example,No recorded landslide at this location on 2010-08-14
25.0634,94.3415,1763.0,27.550445354076174,Bh16-2/3c,Bh,Manipur,India,IN,10.0,4.7,19.3,68.2,85.39999999999999,19.9,2022-06-05,0,none,Synthetic negative example,No recorded landslide at this location on 2022-06-05
25.2193,90.5549,271.0,4.622196164454146,Nd2-2b,Nd,Meghalaya,India,IN,10.0,12.3,59.2,83.2,192.7,28.7,2017-09-11,0,none,Synthetic negative example,No recorded landslide at this location on 2017-09-11
25.2193,90.5549,271.0,4.622196164454146,Nd2-2b,Nd,Meghalaya,India,IN,10.0,12.4,60.1,97.4,190.3,31.1,2021-06-20,0,none,Synthetic negative example,No recorded landslide at this location on 2021-06-20
25.2193,90.5549,271.0,4.622196164454146,Nd2-2b,Nd,Meghalaya,India,IN,10.0,9.9,40.4,130.8,168.2,69.5,2016-09-17,0,none,Synthetic negative example,No recorded landslide at this location on 2016-09-17
26.7103,94.693,687.0,12.53647418327811,Ao76-2/3c,Ao,Assam,India,IN,10.0,2.9,15.0,26.4,175.9,8.1,2012-06-13,0,none,Synthetic negative example,No recorded landslide at this location on 2012-06-13
26.7103,94.693,687.0,12.53647418327811,Ao76-2/3c,Ao,Assam,India,IN,10.0,15.1,53.9,127.2,247.4,29.3,2018-07-15,0,none,Synthetic negative example,No recorded landslide at this location on 2018-07-15
26.7103,94.693,687.0,12.53647418327811,Ao76-2/3c,Ao,Assam,India,IN,10.0,10.5,77.9,211.8,374.5,55.4,2018-08-02,0,none,Synthetic negative example,No recorded landslide at this location on 2018-08-02
25.5718,94.1211,1623.0,11.162178370173905,Ao76-2/3c,Ao,Nagaland,India,IN,10.0,20.1,54.0,73.5,154.70000000000002,20.1,2011-07-14,0,none,Synthetic negative example,No recorded landslide at this location on 2011-07-14
25.5718,94.1211,1623.0,11.162178370173905,Ao76-2/3c,Ao,Nagaland,India,IN,10.0,7.6,45.6,98.6,236.2,35.5,2023-08-07,0,none,Synthetic negative example,No recorded landslide at this location on 2023-08-07
25.5718,94.1211,1623.0,11.162178370173905,Ao76-2/3c,Ao,Nagaland,India,IN,10.0,26.8,35.5,103.2,281.1,34.6,2020-06-24,0,none,Synthetic negative example,No recorded landslide at this location on 2020-06-24
27.167,88.3652,1483.0,23.74809153558515,Rd29-1a,Rd,Sikkim,India,IN,10.0,24.1,103.2,233.1,591.6,76.7,2015-09-06,0,none,Synthetic negative example,No recorded landslide at this location on 2015-09-06
27.167,88.3652,1483.0,23.74809153558515,Rd29-1a,Rd,Sikkim,India,IN,10.0,13.1,157.8,647.3,864.7,184.1,2013-07-12,0,none,Synthetic negative example,No recorded landslide at this location on 2013-07-12
27.167,88.3652,1483.0,23.74809153558515,Rd29-1a,Rd,Sikkim,India,IN,10.0,9.3,93.6,226.3,733.5,60.6,2011-08-26,0,none,Synthetic negative example,No recorded landslide at this location on 2011-08-26
24.7459,93.4251,764.0,5.048548813150623,Bh16-2/3c,Bh,Manipur,India,IN,10.0,24.5,51.2,156.4,206.0,45.9,2011-08-11,0,none,Synthetic negative example,No recorded landslide at this location on 2011-08-11
24.7459,93.4251,764.0,5.048548813150623,Bh16-2/3c,Bh,Manipur,India,IN,10.0,3.6,20.1,46.2,162.8,15.5,2019-08-26,0,none,Synthetic negative example,No recorded landslide at this location on 2019-08-26
24.7459,93.4251,764.0,5.048548813150623,Bh16-2/3c,Bh,Manipur,India,IN,10.0,6.5,18.8,43.6,112.5,14.4,2022-06-12,0,none,Synthetic negative example,No recorded landslide at this location on 2022-06-12
27.2743,92.9064,638.0,13.108321654365652,Ao80-2bc,Ao,Arunachal Pradesh,India,IN,10.0,42.0,69.1,137.3,236.8,42.0,2023-07-09,0,none,Synthetic negative example,No recorded landslide at this location on 2023-07-09
27.2743,92.9064,638.0,13.108321654365652,Ao80-2bc,Ao,Arunachal Pradesh,India,IN,10.0,51.0,83.1,236.1,349.6,51.0,2017-09-12,0,none,Synthetic negative example,No recorded landslide at this location on 2017-09-12
27.2743,92.9064,638.0,13.108321654365652,Ao80-2bc,Ao,Arunachal Pradesh,India,IN,10.0,2.7,5.3,18.0,87.5,6.4,2018-07-21,0,none,Synthetic negative example,No recorded landslide at this location on 2018-07-21
24.7625,93.4341,657.0,36.59719885359989,Bh16-2/3c,Bh,Assam,India,IN,10.0,9.7,55.099999999999994,69.69999999999999,324.2,34.8,2019-07-21,0,none,Synthetic negative example,No recorded landslide at this location on 2019-07-21
24.7625,93.4341,657.0,36.59719885359989,Bh16-2/3c,Bh,Assam,India,IN,10.0,5.7,40.300000000000004,111.4,276.2,22.6,2017-09-05,0,none,Synthetic negative example,No recorded landslide at this location on 2017-09-05
24.7625,93.4341,657.0,36.59719885359989,Bh16-2/3c,Bh,Assam,India,IN,10.0,35.8,170.0,334.9,406.9,121.1,2018-06-15,0,none,Synthetic negative example,No recorded landslide at this location on 2018-06-15
25.705,94.04,1036.0,16.860785495741176,Ao76-2/3c,Ao,Nagaland,India,IN,10.0,2.6,72.3,107.7,168.9,51.4,2021-09-19,0,none,Synthetic negative example,No recorded landslide at this location on 2021-09-19
25.705,94.04,1036.0,16.860785495741176,Ao76-2/3c,Ao,Nagaland,India,IN,10.0,19.8,83.1,124.7,218.9,36.5,2020-09-23,0,none,Synthetic negative example,No recorded landslide at this location on 2020-09-23
25.705,94.04,1036.0,16.860785495741176,Ao76-2/3c,Ao,Nagaland,India,IN,10.0,6.4,18.0,31.1,150.0,7.4,2019-07-23,0,none,Synthetic negative example,No recorded landslide at this location on 2019-07-23
28.3092,95.4149,1851.0,50.98081968480692,Ao80-2bc,Ao,Arunachal Pradesh,India,IN,25.0,9.0,22.1,76.8,255.2,24.5,2018-07-18,0,none,Synthetic negative example,No recorded landslide at this location on 2018-07-18
28.3092,95.4149,1851.0,50.98081968480692,Ao80-2bc,Ao,Arunachal Pradesh,India,IN,25.0,0.5,1.1,74.5,178.1,48.3,2013-06-14,0,none,Synthetic negative example,No recorded landslide at this location on 2013-06-14
28.3092,95.4149,1851.0,50.98081968480692,Ao80-2bc,Ao,Arunachal Pradesh,India,IN,25.0,11.4,12.1,21.0,163.0,11.4,2013-06-16,0,none,Synthetic negative example,No recorded landslide at this location on 2013-06-16
26.2753,94.6654,1150.0,30.949579012722413,Ao76-2/3c,Ao,Nagaland,India,IN,25.0,0.0,0.0,59.8,126.4,26.3,2013-06-13,0,none,Synthetic negative example,No recorded landslide at this location on 2013-06-13
26.2753,94.6654,1150.0,30.949579012722413,Ao76-2/3c,Ao,Nagaland,India,IN,25.0,13.7,35.0,84.2,140.1,20.3,2013-09-11,0,none,Synthetic negative example,No recorded landslide at this location on 2013-09-11
26.2753,94.6654,1150.0,30.949579012722413,Ao76-2/3c,Ao,Nagaland,India,IN,25.0,10.5,47.2,77.3,91.2,26.9,2019-06-08,0,none,Synthetic negative example,No recorded landslide at this location on 2019-06-08
23.4495,92.8112,869.0,31.16083503860741,Bh16-2/3c,Bh,Mizoram,India,IN,25.0,3.3,26.0,184.9,254.5,100.5,2010-06-20,0,none,Synthetic negative example,No recorded landslide at this location on 2010-06-20
23.4495,92.8112,869.0,31.16083503860741,Bh16-2/3c,Bh,Mizoram,India,IN,25.0,15.9,23.8,75.3,270.2,15.9,2017-08-04,0,none,Synthetic negative example,No recorded landslide at this location on 2017-08-04
23.4495,92.8112,869.0,31.16083503860741,Bh16-2/3c,Bh,Mizoram,India,IN,25.0,1.2,28.2,65.5,218.5,22.7,2012-07-04,0,none,Synthetic negative example,No recorded landslide at this location on 2012-07-04
24.9926,93.4946,1137.0,4.479758474096997,Bh16-2/3c,Bh,Assam,India,IN,25.0,20.6,32.6,121.80000000000001,250.3,60.7,2019-08-23,0,none,Synthetic negative example,No recorded landslide at this location on 2019-08-23
24.9926,93.4946,1137.0,4.479758474096997,Bh16-2/3c,Bh,Assam,India,IN,25.0,4.5,28.200000000000003,119.2,219.2,43.7,2023-07-09,0,none,Synthetic negative example,No recorded landslide at this location on 2023-07-09
24.9926,93.4946,1137.0,4.479758474096997,Bh16-2/3c,Bh,Assam,India,IN,25.0,11.8,39.8,59.4,95.9,22.9,2022-08-03,0,none,Synthetic negative example,No recorded landslide at this location on 2022-08-03
23.3439,93.0748,1323.0,36.63368662586392,Bh16-2/3c,Bh,Mizoram,India,IN,25.0,45.9,51.1,75.3,128.4,45.9,2019-08-07,0,none,Synthetic negative example,No recorded landslide at this location on 2019-08-07
23.3439,93.0748,1323.0,36.63368662586392,Bh16-2/3c,Bh,Mizoram,India,IN,25.0,4.8,9.2,17.4,79.7,4.8,2012-09-23,0,none,Synthetic negative example,No recorded landslide at this location on 2012-09-23
23.3439,93.0748,1323.0,36.63368662586392,Bh16-2/3c,Bh,Mizoram,India,IN,25.0,4.0,53.7,64.4,94.6,31.9,2010-07-13,0,none,Synthetic negative example,No recorded landslide at this location on 2010-07-13
24.7679,93.4108,508.0,24.05432434868892,Bh16-2/3c,Bh,Assam,India,IN,25.0,61.3,114.3,221.7,321.8,61.3,2018-06-28,0,none,Synthetic negative example,No recorded landslide at this location on 2018-06-28
24.7679,93.4108,508.0,24.05432434868892,Bh16-2/3c,Bh,Assam,India,IN,25.0,21.6,21.900000000000002,87.0,258.3,24.7,2019-08-07,0,none,Synthetic negative example,No recorded landslide at this location on 2019-08-07
24.7679,93.4108,508.0,24.05432434868892,Bh16-2/3c,Bh,Assam,India,IN,25.0,14.2,17.8,59.0,135.6,22.9,2022-07-28,0,none,Synthetic negative example,No recorded landslide at this location on 2022-07-28
25.63961883,94.11112157,1497.0,15.083960818078218,Ao76-2/3c,Ao,Nagaland,India,IN,25.0,15.7,53.1,184.8,411.7,67.0,2021-06-25,0,none,Synthetic negative example,No recorded landslide at this location on 2021-06-25
25.63961883,94.11112157,1497.0,15.083960818078218,Ao76-2/3c,Ao,Nagaland,India,IN,25.0,27.0,91.10000000000001,214.6,543.3,57.2,2020-09-26,0,none,Synthetic negative example,No recorded landslide at this location on 2020-09-26
25.63961883,94.11112157,1497.0,15.083960818078218,Ao76-2/3c,Ao,Nagaland,India,IN,25.0,7.0,67.3,93.6,127.9,39.1,2016-07-26,0,none,Synthetic negative example,No recorded landslide at this location on 2016-07-26
25.9466,94.6279,1387.0,24.372477818489617,Ao76-2/3c,Ao,Nagaland,India,IN,25.0,23.8,36.6,40.800000000000004,159.1,23.8,2023-07-24,0,none,Synthetic negative example,No recorded landslide at this location on 2023-07-24
25.9466,94.6279,1387.0,24.372477818489617,Ao76-2/3c,Ao,Nagaland,India,IN,25.0,15.3,24.4,30.8,56.2,15.3,2013-06-07,0,none,Synthetic negative example,No recorded landslide at this location on 2013-06-07
25.9466,94.6279,1387.0,24.372477818489617,Ao76-2/3c,Ao,Nagaland,India,IN,25.0,59.6,93.7,254.1,451.90000000000003,59.6,2017-07-08,0,none,Synthetic negative example,No recorded landslide at this location on 2017-07-08
25.1941,94.4481,1720.0,13.629654547724757,Bh16-2/3c,Bh,Manipur,India,IN,25.0,5.5,21.9,76.5,157.5,27.9,2020-08-10,0,none,Synthetic negative example,No recorded landslide at this location on 2020-08-10
25.1941,94.4481,1720.0,13.629654547724757,Bh16-2/3c,Bh,Manipur,India,IN,25.0,4.3,36.5,137.79999999999998,209.9,54.3,2018-08-18,0,none,Synthetic negative example,No recorded landslide at this location on 2018-08-18
25.1941,94.4481,1720.0,13.629654547724757,Bh16-2/3c,Bh,Manipur,India,IN,25.0,14.2,47.5,89.9,117.0,19.8,2016-06-11,0,none,Synthetic negative example,No recorded landslide at this location on 2016-06-11
25.2269,93.1658,392.0,2.9593941376249964,Ao76-2/3c,Ao,Assam,India,IN,25.0,0.2,18.4,29.0,88.7,11.6,2019-06-23,0,none,Synthetic negative example,No recorded landslide at this location on 2019-06-23
25.2269,93.1658,392.0,2.9593941376249964,Ao76-2/3c,Ao,Assam,India,IN,25.0,1.1,68.0,106.9,124.5,53.0,2013-06-26,0,none,Synthetic negative example,No recorded landslide at this location on 2013-06-26
25.2269,93.1658,392.0,2.9593941376249964,Ao76-2/3c,Ao,Assam,India,IN,25.0,4.6,74.6,97.8,157.4,47.5,2015-06-13,0,none,Synthetic negative example,No recorded landslide at this location on 2015-06-13
25.1555,93.8474,1377.0,42.926248921460264,Bh16-2/3c,Bh,Manipur,India,IN,25.0,9.3,37.9,116.3,189.7,53.3,2022-06-24,0,none,Synthetic negative example,No recorded landslide at this location on 2022-06-24
25.1555,93.8474,1377.0,42.926248921460264,Bh16-2/3c,Bh,Manipur,India,IN,25.0,4.7,21.1,80.6,186.2,22.2,2013-07-04,0,none,Synthetic negative example,No recorded landslide at this location on 2013-07-04
25.1555,93.8474,1377.0,42.926248921460264,Bh16-2/3c,Bh,Manipur,India,IN,25.0,4.2,11.4,35.3,129.5,7.4,2012-08-01,0,none,Synthetic negative example,No recorded landslide at this location on 2012-08-01
25.4993,94.1192,1944.0,11.543842645525167,Ao76-2/3c,Ao,Nagaland,India,IN,25.0,29.3,69.6,106.10000000000001,251.4,38.0,2020-08-07,0,none,Synthetic negative example,No recorded landslide at this location on 2020-08-07
25.4993,94.1192,1944.0,11.543842645525167,Ao76-2/3c,Ao,Nagaland,India,IN,25.0,12.4,53.5,104.60000000000001,220.6,27.8,2021-09-02,0,none,Synthetic negative example,No recorded landslide at this location on 2021-09-02
25.4993,94.1192,1944.0,11.543842645525167,Ao76-2/3c,Ao,Nagaland,India,IN,25.0,11.7,42.5,79.3,249.2,17.8,2013-07-23,0,none,Synthetic negative example,No recorded landslide at this location on 2013-07-23
25.3612,92.2845,1222.0,3.586080799213583,Ao74-2b,Ao,Meghalaya,India,IN,25.0,8.8,38.5,80.7,150.8,20.3,2018-06-08,0,none,Synthetic negative example,No recorded landslide at this location on 2018-06-08
25.3612,92.2845,1222.0,3.586080799213583,Ao74-2b,Ao,Meghalaya,India,IN,25.0,4.3,21.2,72.0,325.4,27.0,2023-08-19,0,none,Synthetic negative example,No recorded landslide at this location on 2023-08-19
25.3612,92.2845,1222.0,3.586080799213583,Ao74-2b,Ao,Meghalaya,India,IN,25.0,11.6,29.2,101.4,678.1,39.2,2017-06-27,0,none,Synthetic negative example,No recorded landslide at this location on 2017-06-27
24.4265,94.1913,1309.0,11.243730344787089,Bh16-2/3c,Bh,Manipur,India,IN,25.0,7.2,45.2,89.7,130.9,36.0,2020-08-07,0,none,Synthetic negative example,No recorded landslide at this location on 2020-08-07
24.4265,94.1913,1309.0,11.243730344787089,Bh16-2/3c,Bh,Manipur,India,IN,25.0,0.7,50.0,125.9,309.5,42.4,2016-06-20,0,none,Synthetic negative example,No recorded landslide at this location on 2016-06-20
24.4265,94.1913,1309.0,11.243730344787089,Bh16-2/3c,Bh,Manipur,India,IN,25.0,1.7,5.8,18.099999999999998,21.099999999999998,9.7,2014-06-12,0,none,Synthetic negative example,No recorded landslide at this location on 2014-06-12
25.0633,92.8025,93.0,20.03237253917104,Gd25-2a,Gd,Assam,India,IN,25.0,30.5,169.1,492.7,642.7,96.8,2019-07-15,0,none,Synthetic negative example,No recorded landslide at this location on 2019-07-15
25.0633,92.8025,93.0,20.03237253917104,Gd25-2a,Gd,Assam,India,IN,25.0,8.7,15.7,36.7,119.4,20.5,2023-09-10,0,none,Synthetic negative example,No recorded landslide at this location on 2023-09-10
25.0633,92.8025,93.0,20.03237253917104,Gd25-2a,Gd,Assam,India,IN,25.0,6.6,15.1,49.7,142.9,14.8,2022-09-22,0,none,Synthetic negative example,No recorded landslide at this location on 2022-09-22
25.7354,90.3852,338.0,5.210697816005832,Nd2-2b,Nd,Meghalaya,India,IN,25.0,53.9,84.5,114.1,297.5,53.9,2014-06-20,0,none,Synthetic negative example,No recorded landslide at this location on 2014-06-20
25.7354,90.3852,338.0,5.210697816005832,Nd2-2b,Nd,Meghalaya,India,IN,25.0,7.2,35.2,77.5,183.8,22.6,2016-07-27,0,none,Synthetic negative example,No recorded landslide at this location on 2016-07-27
25.7354,90.3852,338.0,5.210697816005832,Nd2-2b,Nd,Meghalaya,India,IN,25.0,17.3,48.1,82.8,137.6,21.1,2010-09-22,0,none,Synthetic negative example,No recorded landslide at this location on 2010-09-22
25.6703,94.1095,1445.0,21.554870104453816,Ao76-2/3c,Ao,Nagaland,India,IN,25.0,16.1,108.30000000000001,252.70000000000002,351.2,61.2,2019-09-14,0,none,Synthetic negative example,No recorded landslide at this location on 2019-09-14
25.6703,94.1095,1445.0,21.554870104453816,Ao76-2/3c,Ao,Nagaland,India,IN,25.0,2.6,5.5,99.2,346.1,34.9,2022-08-09,0,none,Synthetic negative example,No recorded landslide at this location on 2022-08-09
25.6703,94.1095,1445.0,21.554870104453816,Ao76-2/3c,Ao,Nagaland,India,IN,25.0,45.1,87.0,190.5,298.1,52.4,2010-06-24,0,none,Synthetic negative example,No recorded landslide at this location on 2010-06-24
26.0838,94.564,1834.0,13.9074099893744,Ao76-2/3c,Ao,Nagaland,India,IN,25.0,0.9,24.3,71.1,110.5,15.8,2021-09-25,0,none,Synthetic negative example,No recorded landslide at this location on 2021-09-25
26.0838,94.564,1834.0,13.9074099893744,Ao76-2/3c,Ao,Nagaland,India,IN,25.0,30.0,62.6,113.2,158.4,30.8,2021-06-19,0,none,Synthetic negative example,No recorded landslide at this location on 2021-06-19
26.0838,94.564,1834.0,13.9074099893744,Ao76-2/3c,Ao,Nagaland,India,IN,25.0,17.7,85.5,140.5,252.1,65.4,2017-06-23,0,none,Synthetic negative example,No recorded landslide at this location on 2017-06-23
25.3098633,94.48214677,1552.0,29.263043895532036,Bh16-2/3c,Bh,Manipur,India,IN,25.0,1.6,10.4,19.3,47.4,7.7,2021-06-25,0,none,Synthetic negative example,No recorded landslide at this location on 2021-06-25
25.3098633,94.48214677,1552.0,29.263043895532036,Bh16-2/3c,Bh,Manipur,India,IN,25.0,60.4,113.3,135.0,201.6,60.4,2015-06-24,0,none,Synthetic negative example,No recorded landslide at this location on 2015-06-24
25.3098633,94.48214677,1552.0,29.263043895532036,Bh16-2/3c,Bh,Manipur,India,IN,25.0,1.4,11.2,20.9,133.5,6.0,2018-09-11,0,none,Synthetic negative example,No recorded landslide at this location on 2018-09-11
26.1699,91.7986,144.0,1.386771132207247,Af48-2ab,Af,Assam,India,IN,25.0,8.0,26.4,151.2,229.8,53.4,2020-06-21,0,none,Synthetic negative example,No recorded landslide at this location on 2020-06-21
26.1699,91.7986,144.0,1.386771132207247,Af48-2ab,Af,Assam,India,IN,25.0,6.5,10.7,71.8,144.5,42.1,2014-06-15,0,none,Synthetic negative example,No recorded landslide at this location on 2014-06-15
26.1699,91.7986,144.0,1.386771132207247,Af48-2ab,Af,Assam,India,IN,25.0,1.1,23.0,52.4,180.20000000000002,26.5,2021-09-19,0,none,Synthetic negative example,No recorded landslide at this location on 2021-09-19
27.3773,88.559,1479.0,34.577439865993604,Bd32-2bc,Bd,Sikkim,India,IN,25.0,16.2,24.2,76.2,252.3,21.0,2023-07-10,0,none,Synthetic negative example,No recorded landslide at this location on 2023-07-10
27.3773,88.559,1479.0,34.577439865993604,Bd32-2bc,Bd,Sikkim,India,IN,25.0,19.1,53.800000000000004,225.5,264.7,71.0,2013-06-25,0,none,Synthetic negative example,No recorded landslide at this location on 2013-06-25
27.3773,88.559,1479.0,34.577439865993604,Bd32-2bc,Bd,Sikkim,India,IN,25.0,29.3,116.2,341.1,681.0,105.5,2011-07-09,0,none,Synthetic negative example,No recorded landslide at this location on 2011-07-09
27.1499,88.38,1105.0,30.203926293037487,Rd29-1a,Rd,Sikkim,India,IN,25.0,9.4,30.9,82.5,232.9,19.4,2023-07-01,0,none,Synthetic negative example,No recorded landslide at this location on 2023-07-01
27.1499,88.38,1105.0,30.203926293037487,Rd29-1a,Rd,Sikkim,India,IN,25.0,9.2,23.6,61.2,161.5,17.0,2017-06-04,0,none,Synthetic negative example,No recorded landslide at this location on 2017-06-04
27.1499,88.38,1105.0,30.203926293037487,Rd29-1a,Rd,Sikkim,India,IN,25.0,13.5,176.3,208.70000000000002,285.3,123.9,2016-06-16,0,none,Synthetic negative example,No recorded landslide at this location on 2016-06-16
25.7902,94.1318,1283.0,12.456195843516292,Ao76-2/3c,Ao,Nagaland,India,IN,25.0,4.0,28.5,125.8,252.0,28.3,2015-09-07,0,none,Synthetic negative example,No recorded landslide at this location on 2015-09-07
25.7902,94.1318,1283.0,12.456195843516292,Ao76-2/3c,Ao,Nagaland,India,IN,25.0,15.8,19.1,31.6,121.0,15.8,2016-08-05,0,none,Synthetic negative example,No recorded landslide at this location on 2016-08-05
25.7902,94.1318,1283.0,12.456195843516292,Ao76-2/3c,Ao,Nagaland,India,IN,25.0,16.2,47.7,114.1,196.2,23.0,2013-08-12,0,none,Synthetic negative example,No recorded landslide at this location on 2013-08-12
27.3736,88.7323,3421.0,30.731772287991458,I-Bh-U-c,I,Sikkim,India,IN,25.0,9.0,22.3,69.3,191.0,15.4,2022-09-15,0,none,Synthetic negative example,No recorded landslide at this location on 2022-09-15
27.3736,88.7323,3421.0,30.731772287991458,I-Bh-U-c,I,Sikkim,India,IN,25.0,21.5,47.9,112.0,288.2,24.8,2017-08-26,0,none,Synthetic negative example,No recorded landslide at this location on 2017-08-26
27.3736,88.7323,3421.0,30.731772287991458,I-Bh-U-c,I,Sikkim,India,IN,25.0,12.8,46.8,157.7,232.8,39.5,2020-06-20,0,none,Synthetic negative example,No recorded landslide at this location on 2020-06-20
27.3746,88.7648,3745.0,6.5001072439046315,I-Bh-U-c,I,Sikkim,India,IN,25.0,4.9,22.2,50.5,163.3,11.6,2018-06-04,0,none,Synthetic negative example,No recorded landslide at this location on 2018-06-04
27.3746,88.7648,3745.0,6.5001072439046315,I-Bh-U-c,I,Sikkim,India,IN,25.0,27.0,76.5,122.4,287.2,30.5,2014-08-04,0,none,Synthetic negative example,No recorded landslide at this location on 2014-08-04
27.3746,88.7648,3745.0,6.5001072439046315,I-Bh-U-c,I,Sikkim,India,IN,25.0,31.1,68.7,166.3,220.3,33.4,2011-06-23,0,none,Synthetic negative example,No recorded landslide at this location on 2011-06-23
26.8716,94.9921,283.0,10.501444158270422,Af48-2ab,Af,Nagaland,India,IN,25.0,11.6,14.7,59.6,114.3,21.0,2013-09-24,0,none,Synthetic negative example,No recorded landslide at this location on 2013-09-24
26.8716,94.9921,283.0,10.501444158270422,Af48-2ab,Af,Nagaland,India,IN,25.0,18.2,18.5,57.0,103.6,27.1,2019-08-22,0,none,Synthetic negative example,No recorded landslide at this location on 2019-08-22
26.8716,94.9921,283.0,10.501444158270422,Af48-2ab,Af,Nagaland,India,IN,25.0,19.9,75.1,180.1,223.7,39.7,2011-07-16,0,none,Synthetic negative example,No recorded landslide at this location on 2011-07-16
26.09748244,91.8744337,185.0,35.452827191558235,Nd2-2b,Nd,Meghalaya,India,IN,25.0,8.5,73.6,160.6,342.8,56.7,2012-07-06,0,none,Synthetic negative example,No recorded landslide at this location on 2012-07-06
26.09748244,91.8744337,185.0,35.452827191558235,Nd2-2b,Nd,Meghalaya,India,IN,25.0,0.0,1.6,139.6,199.5,131.9,2021-09-12,0,none,Synthetic negative example,No recorded landslide at this location on 2021-09-12
26.09748244,91.8744337,185.0,35.452827191558235,Nd2-2b,Nd,Meghalaya,India,IN,25.0,13.1,23.099999999999998,30.599999999999998,194.5,13.1,2010-08-13,0,none,Synthetic negative example,No recorded landslide at this location on 2010-08-13
25.2568,92.3825,798.0,8.522642338386635,Ao74-2b,Ao,Meghalaya,India,IN,25.0,12.7,39.2,58.6,146.4,15.9,2010-08-12,0,none,Synthetic negative example,No recorded landslide at this location on 2010-08-12
25.2568,92.3825,798.0,8.522642338386635,Ao74-2b,Ao,Meghalaya,India,IN,25.0,6.0,56.4,126.3,253.4,34.0,2015-07-10,0,none,Synthetic negative example,No recorded landslide at this location on 2015-07-10
25.2568,92.3825,798.0,8.522642338386635,Ao74-2b,Ao,Meghalaya,India,IN,25.0,25.6,139.5,263.9,376.7,97.3,2015-07-18,0,none,Synthetic negative example,No recorded landslide at this location on 2015-07-18
27.1748,88.6458,944.0,16.7960962530793,Bd32-2bc,Bd,Sikkim,India,IN,25.0,16.8,31.8,146.5,435.7,34.4,2015-07-14,0,none,Synthetic negative example,No recorded landslide at this location on 2015-07-14
27.1748,88.6458,944.0,16.7960962530793,Bd32-2bc,Bd,Sikkim,India,IN,25.0,90.2,154.8,286.9,723.4,90.2,2010-07-21,0,none,Synthetic negative example,No recorded landslide at this location on 2010-07-21
27.1748,88.6458,944.0,16.7960962530793,Bd32-2bc,Bd,Sikkim,India,IN,25.0,42.2,103.80000000000001,300.4,391.7,101.6,2021-08-18,0,none,Synthetic negative example,No recorded landslide at this location on 2021-08-18
25.0672,93.4093,459.0,17.05316578885703,Bh16-2/3c,Bh,Assam,India,IN,25.0,15.7,24.6,40.6,110.4,15.7,2017-09-27,0,none,Synthetic negative example,No recorded landslide at this location on 2017-09-27
25.0672,93.4093,459.0,17.05316578885703,Bh16-2/3c,Bh,Assam,India,IN,25.0,8.6,72.0,168.0,269.2,48.8,2017-09-05,0,none,Synthetic negative example,No recorded landslide at this location on 2017-09-05
25.0672,93.4093,459.0,17.05316578885703,Bh16-2/3c,Bh,Assam,India,IN,25.0,25.4,28.099999999999998,143.6,295.6,59.4,2015-07-27,0,none,Synthetic negative example,No recorded landslide at this location on 2015-07-27
22.479,92.967,443.0,19.352435158845225,Bh16-2/3c,Bh,Mizoram,India,IN,25.0,3.2,9.1,178.1,751.8,151.0,2015-08-06,0,none,Synthetic negative example,No recorded landslide at this location on 2015-08-06
22.479,92.967,443.0,19.352435158845225,Bh16-2/3c,Bh,Mizoram,India,IN,25.0,13.6,19.8,49.5,87.0,18.6,2013-09-11,0,none,Synthetic negative example,No recorded landslide at this location on 2013-09-11
22.479,92.967,443.0,19.352435158845225,Bh16-2/3c,Bh,Mizoram,India,IN,25.0,3.9,14.5,243.70000000000002,841.4,88.0,2018-06-18,0,none,Synthetic negative example,No recorded landslide at this location on 2018-06-18
26.0137,94.5163,1723.0,11.387211682153785,Ao76-2/3c,Ao,Nagaland,India,IN,25.0,20.7,90.7,127.5,184.4,42.1,2022-06-18,0,none,Synthetic negative example,No recorded landslide at this location on 2022-06-18
26.0137,94.5163,1723.0,11.387211682153785,Ao76-2/3c,Ao,Nagaland,India,IN,25.0,2.1,11.200000000000001,31.5,57.6,10.8,2014-06-03,0,none,Synthetic negative example,No recorded landslide at this location on 2014-06-03
26.0137,94.5163,1723.0,11.387211682153785,Ao76-2/3c,Ao,Nagaland,India,IN,25.0,4.6,44.0,95.9,120.2,28.1,2011-09-10,0,none,Synthetic negative example,No recorded landslide at this location on 2011-09-10
25.3433,92.2897,1201.0,1.0249975202040136,Ao74-2b,Ao,Meghalaya,India,IN,25.0,2.7,6.7,33.0,152.1,12.0,2010-08-09,0,none,Synthetic negative example,No recorded landslide at this location on 2010-08-09
25.3433,92.2897,1201.0,1.0249975202040136,Ao74-2b,Ao,Meghalaya,India,IN,25.0,24.9,105.69999999999999,250.1,343.2,52.3,2016-07-21,0,none,Synthetic negative example,No recorded landslide at this location on 2016-07-21
25.3433,92.2897,1201.0,1.0249975202040136,Ao74-2b,Ao,Meghalaya,India,IN,25.0,11.4,41.4,105.7,191.7,34.0,2013-07-14,0,none,Synthetic negative example,No recorded landslide at this location on 2013-07-14
25.0118,94.3136,1391.0,3.200508507855546,Bh16-2/3c,Bh,Manipur,India,IN,25.0,15.0,36.1,63.5,99.2,15.0,2011-08-06,0,none,Synthetic negative example,No recorded landslide at this location on 2011-08-06
25.0118,94.3136,1391.0,3.200508507855546,Bh16-2/3c,Bh,Manipur,India,IN,25.0,2.0,5.9,37.4,152.6,22.0,2020-09-28,0,none,Synthetic negative example,No recorded landslide at this location on 2020-09-28
25.0118,94.3136,1391.0,3.200508507855546,Bh16-2/3c,Bh,Manipur,India,IN,25.0,2.0,13.7,64.2,115.7,17.9,2022-08-07,0,none,Synthetic negative example,No recorded landslide at this location on 2022-08-07
24.9037,93.487,1248.0,32.47374462015055,Bh16-2/3c,Bh,Manipur,India,IN,25.0,6.0,17.1,41.8,96.3,16.5,2013-08-04,0,none,Synthetic negative example,No recorded landslide at this location on 2013-08-04
24.9037,93.487,1248.0,32.47374462015055,Bh16-2/3c,Bh,Manipur,India,IN,25.0,41.5,65.8,81.3,143.7,41.5,2018-08-23,0,none,Synthetic negative example,No recorded landslide at this location on 2018-08-23
24.9037,93.487,1248.0,32.47374462015055,Bh16-2/3c,Bh,Manipur,India,IN,25.0,10.6,23.7,55.1,86.0,10.6,2014-08-08,0,none,Synthetic negative example,No recorded landslide at this location on 2014-08-08
24.9336,93.8275,1027.0,16.02045964527659,Ao76-2/3c,Ao,Manipur,India,IN,25.0,1.7,6.8,23.2,94.1,7.1,2021-09-07,0,none,Synthetic negative example,No recorded landslide at this location on 2021-09-07
24.9336,93.8275,1027.0,16.02045964527659,Ao76-2/3c,Ao,Manipur,India,IN,25.0,11.4,17.4,37.8,113.5,11.4,2014-08-27,0,none,Synthetic negative example,No recorded landslide at this location on 2014-08-27
24.9336,93.8275,1027.0,16.02045964527659,Ao76-2/3c,Ao,Manipur,India,IN,25.0,9.4,28.700000000000003,37.800000000000004,57.300000000000004,11.8,2011-07-16,0,none,Synthetic negative example,No recorded landslide at this location on 2011-07-16
26.0977,94.7031,1703.0,27.369455013928143,Ao76-2/3c,Ao,Nagaland,India,IN,25.0,11.5,23.7,53.3,101.8,22.0,2011-09-22,0,none,Synthetic negative example,No recorded landslide at this location on 2011-09-22
26.0977,94.7031,1703.0,27.369455013928143,Ao76-2/3c,Ao,Nagaland,India,IN,25.0,12.5,28.5,61.199999999999996,142.6,13.2,2023-07-16,0,none,Synthetic negative example,No recorded landslide at this location on 2023-07-16
26.0977,94.7031,1703.0,27.369455013928143,Ao76-2/3c,Ao,Nagaland,India,IN,25.0,8.1,23.2,28.9,56.8,10.1,2013-06-26,0,none,Synthetic negative example,No recorded landslide at this location on 2013-06-26
25.03561729,94.0144205,860.0,27.282090548675143,Ao76-2/3c,Ao,Manipur,India,IN,25.0,13.9,21.3,60.6,147.1,13.9,2013-07-06,0,none,Synthetic negative example,No recorded landslide at this location on 2013-07-06
25.03561729,94.0144205,860.0,27.282090548675143,Ao76-2/3c,Ao,Manipur,India,IN,25.0,7.7,40.8,42.5,75.3,25.3,2023-07-06,0,none,Synthetic negative example,No recorded landslide at this location on 2023-07-06
25.03561729,94.0144205,860.0,27.282090548675143,Ao76-2/3c,Ao,Manipur,India,IN,25.0,1.0,10.3,39.8,57.4,13.7,2016-09-26,0,none,Synthetic negative example,No recorded landslide at this location on 2016-09-26
26.8727,94.9275,134.0,2.273255293928232,Af48-2ab,Af,Assam,India,IN,25.0,5.2,16.8,22.3,52.8,6.8,2014-06-08,0,none,Synthetic negative example,No recorded landslide at this location on 2014-06-08
26.8727,94.9275,134.0,2.273255293928232,Af48-2ab,Af,Assam,India,IN,25.0,36.1,98.3,160.2,271.1,36.1,2010-09-15,0,none,Synthetic negative example,No recorded landslide at this location on 2010-09-15
26.8727,94.9275,134.0,2.273255293928232,Af48-2ab,Af,Assam,India,IN,25.0,8.8,37.5,68.5,145.2,19.7,2013-09-03,0,none,Synthetic negative example,No recorded landslide at this location on 2013-09-03
26.4333,94.8833,554.0,27.021028298552192,Ao76-2/3c,Ao,Nagaland,India,IN,25.0,29.7,80.39999999999999,98.8,188.5,41.3,2018-06-26,0,none,Synthetic negative example,No recorded landslide at this location on 2018-06-26
26.4333,94.8833,554.0,27.021028298552192,Ao76-2/3c,Ao,Nagaland,India,IN,25.0,21.3,38.300000000000004,116.60000000000001,207.8,25.3,2015-07-09,0,none,Synthetic negative example,No recorded landslide at this location on 2015-07-09
26.4333,94.8833,554.0,27.021028298552192,Ao76-2/3c,Ao,Nagaland,India,IN,25.0,88.6,116.8,141.7,294.8,88.6,2014-09-02,0,none,Synthetic negative example,No recorded landslide at this location on 2014-09-02
27.3721,88.708,3159.0,38.00689623991378,Bd32-2bc,Bd,Sikkim,India,IN,25.0,11.8,32.7,133.0,238.5,50.7,2010-09-17,0,none,Synthetic negative example,No recorded landslide at this location on 2010-09-17
27.3721,88.708,3159.0,38.00689623991378,Bd32-2bc,Bd,Sikkim,India,IN,25.0,26.5,43.4,58.4,139.1,26.5,2010-06-05,0,none,Synthetic negative example,No recorded landslide at this location on 2010-06-05
27.3721,88.708,3159.0,38.00689623991378,Bd32-2bc,Bd,Sikkim,India,IN,25.0,10.5,59.9,125.2,277.3,35.5,2023-07-04,0,none,Synthetic negative example,No recorded landslide at this location on 2023-07-04
26.222,94.9152,1762.0,28.42576702358958,Ao76-2/3c,Ao,Nagaland,India,IN,25.0,6.5,50.6,147.3,265.6,35.7,2014-08-21,0,none,Synthetic negative example,No recorded landslide at this location on 2014-08-21
26.222,94.9152,1762.0,28.42576702358958,Ao76-2/3c,Ao,Nagaland,India,IN,25.0,18.9,54.4,153.4,269.0,48.0,2014-07-27,0,none,Synthetic negative example,No recorded landslide at this location on 2014-07-27
26.222,94.9152,1762.0,28.42576702358958,Ao76-2/3c,Ao,Nagaland,India,IN,25.0,4.0,21.8,129.4,174.7,46.4,2021-08-03,0,none,Synthetic negative example,No recorded landslide at this location on 2021-08-03
27.2298,94.0989,94.0,2.1247789427521147,Be82-a,Be,Assam,India,IN,25.0,8.1,24.299999999999997,78.3,241.0,28.2,2022-09-12,0,none,Synthetic negative example,No recorded landslide at this location on 2022-09-12
27.2298,94.0989,94.0,2.1247789427521147,Be82-a,Be,Assam,India,IN,25.0,9.5,47.7,193.7,218.79999999999998,57.8,2017-06-05,0,none,Synthetic negative example,No recorded landslide at this location on 2017-06-05
27.2298,94.0989,94.0,2.1247789427521147,Be82-a,Be,Assam,India,IN,25.0,16.0,58.199999999999996,113.5,137.4,37.8,2014-06-11,0,none,Synthetic negative example,No recorded landslide at this location on 2014-06-11
25.1333,93.9667,1008.0,2.1157468041581975,Ao76-2/3c,Ao,Manipur,India,IN,25.0,4.7,34.4,59.2,120.8,26.0,2020-08-17,0,none,Synthetic negative example,No recorded landslide at this location on 2020-08-17
25.1333,93.9667,1008.0,2.1157468041581975,Ao76-2/3c,Ao,Manipur,India,IN,25.0,5.4,9.4,20.0,57.1,5.4,2014-07-14,0,none,Synthetic negative example,No recorded landslide at this location on 2014-07-14
25.1333,93.9667,1008.0,2.1157468041581975,Ao76-2/3c,Ao,Manipur,India,IN,25.0,5.1,16.8,31.1,93.3,9.0,2020-07-21,0,none,Synthetic negative example,No recorded landslide at this location on 2020-07-21
25.31006064,94.48265093,1528.0,30.18256697884878,Bh16-2/3c,Bh,Manipur,India,IN,25.0,4.3,6.3,64.0,106.0,46.0,2020-07-18,0,none,Synthetic negative example,No recorded landslide at this location on 2020-07-18
25.31006064,94.48265093,1528.0,30.18256697884878,Bh16-2/3c,Bh,Manipur,India,IN,25.0,1.3,4.2,21.7,44.1,7.3,2018-09-19,0,none,Synthetic negative example,No recorded landslide at this location on 2018-09-19
25.31006064,94.48265093,1528.0,30.18256697884878,Bh16-2/3c,Bh,Manipur,India,IN,25.0,27.7,32.9,100.8,360.2,29.3,2015-07-27,0,none,Synthetic negative example,No recorded landslide at this location on 2015-07-27
23.7281,92.7175,1075.0,8.496937956006335,Bd61-2c,Bd,Mizoram,India,IN,25.0,3.4,15.3,50.1,145.2,11.1,2014-08-05,0,none,Synthetic negative example,No recorded landslide at this location on 2014-08-05
23.7281,92.7175,1075.0,8.496937956006335,Bd61-2c,Bd,Mizoram,India,IN,25.0,1.0,3.0,17.900000000000002,77.8,6.2,2014-08-24,0,none,Synthetic negative example,No recorded landslide at this location on 2014-08-24
23.7281,92.7175,1075.0,8.496937956006335,Bd61-2c,Bd,Mizoram,India,IN,25.0,11.2,43.0,86.7,132.8,21.7,2015-09-20,0,none,Synthetic negative example,No recorded landslide at this location on 2015-09-20
24.6005,92.3814,86.0,17.429220646877386,Ge53-3a,Ge,Assam,India,IN,25.0,0.0,6.1000000000000005,51.6,108.3,15.5,2020-09-19,0,none,Synthetic negative example,No recorded landslide at this location on 2020-09-19
24.6005,92.3814,86.0,17.429220646877386,Ge53-3a,Ge,Assam,India,IN,25.0,0.8,7.6000000000000005,43.3,120.2,12.9,2014-07-08,0,none,Synthetic negative example,No recorded landslide at this location on 2014-07-08
24.6005,92.3814,86.0,17.429220646877386,Ge53-3a,Ge,Assam,India,IN,25.0,3.6,26.1,90.8,221.6,20.8,2014-08-04,0,none,Synthetic negative example,No recorded landslide at this location on 2014-08-04
22.7176,92.8416,728.0,24.51559955702803,Bh16-2/3c,Bh,Mizoram,India,IN,25.0,18.5,87.0,113.3,193.8,56.2,2023-08-27,0,none,Synthetic negative example,No recorded landslide at this location on 2023-08-27
22.7176,92.8416,728.0,24.51559955702803,Bh16-2/3c,Bh,Mizoram,India,IN,25.0,20.4,52.7,83.3,152.1,20.4,2012-08-10,0,none,Synthetic negative example,No recorded landslide at this location on 2012-08-10
22.7176,92.8416,728.0,24.51559955702803,Bh16-2/3c,Bh,Mizoram,India,IN,25.0,13.8,47.3,116.7,178.5,43.3,2013-07-02,0,none,Synthetic negative example,No recorded landslide at this location on 2013-07-02
25.5215,93.1645,278.0,3.2128253404789087,Ao76-2/3c,Ao,Assam,India,IN,25.0,1.2,1.2,4.3,56.2,1.9,2011-07-11,0,none,Synthetic negative example,No recorded landslide at this location on 2011-07-11
25.5215,93.1645,278.0,3.2128253404789087,Ao76-2/3c,Ao,Assam,India,IN,25.0,20.7,50.0,59.8,201.7,20.7,2013-06-06,0,none,Synthetic negative example,No recorded landslide at this location on 2013-06-06
25.5215,93.1645,278.0,3.2128253404789087,Ao76-2/3c,Ao,Assam,India,IN,25.0,8.9,19.200000000000003,103.10000000000001,210.0,49.7,2017-09-23,0,none,Synthetic negative example,No recorded landslide at this location on 2017-09-23
27.0998,93.6287,406.0,7.160045497826495,Nd53-3bc,Nd,Arunachal Pradesh,India,IN,25.0,1.0,2.9,18.2,259.3,9.1,2017-07-17,0,none,Synthetic negative example,No recorded landslide at this location on 2017-07-17
27.0998,93.6287,406.0,7.160045497826495,Nd53-3bc,Nd,Arunachal Pradesh,India,IN,25.0,2.2,33.199999999999996,38.3,164.8,23.9,2019-06-05,0,none,Synthetic negative example,No recorded landslide at this location on 2019-06-05
27.0998,93.6287,406.0,7.160045497826495,Nd53-3bc,Nd,Arunachal Pradesh,India,IN,25.0,6.3,24.9,374.3,447.5,141.4,2014-08-19,0,none,Synthetic negative example,No recorded landslide at this location on 2014-08-19
27.337,88.609,1540.0,12.901696398278036,Bd32-2bc,Bd,Sikkim,India,IN,25.0,9.4,27.1,38.8,123.5,12.1,2022-07-15,0,none,Synthetic negative example,No recorded landslide at this location on 2022-07-15
27.337,88.609,1540.0,12.901696398278036,Bd32-2bc,Bd,Sikkim,India,IN,25.0,1.6,11.3,32.8,233.2,9.1,2022-07-11,0,none,Synthetic negative example,No recorded landslide at this location on 2022-07-11
27.337,88.609,1540.0,12.901696398278036,Bd32-2bc,Bd,Sikkim,India,IN,25.0,28.5,56.9,143.6,254.8,50.3,2017-09-23,0,none,Synthetic negative example,No recorded landslide at this location on 2017-09-23
25.1604,93.6795,1091.0,12.975482111654207,Bh16-2/3c,Bh,Manipur,India,IN,25.0,9.1,27.0,72.7,113.1,19.9,2016-08-10,0,none,Synthetic negative example,No recorded landslide at this location on 2016-08-10
25.1604,93.6795,1091.0,12.975482111654207,Bh16-2/3c,Bh,Manipur,India,IN,25.0,4.4,40.0,57.300000000000004,97.9,29.1,2023-06-28,0,none,Synthetic negative example,No recorded landslide at this location on 2023-06-28
25.1604,93.6795,1091.0,12.975482111654207,Bh16-2/3c,Bh,Manipur,India,IN,25.0,19.9,28.4,48.1,129.5,19.9,2016-08-05,0,none,Synthetic negative example,No recorded landslide at this location on 2016-08-05
24.75,93.4333,467.0,22.45952250962254,Bh16-2/3c,Bh,Assam,India,IN,25.0,31.7,170.0,203.5,230.0,98.4,2021-06-03,0,none,Synthetic negative example,No recorded landslide at this location on 2021-06-03
24.75,93.4333,467.0,22.45952250962254,Bh16-2/3c,Bh,Assam,India,IN,25.0,21.2,38.1,95.7,267.2,28.5,2022-06-28,0,none,Synthetic negative example,No recorded landslide at this location on 2022-06-28
24.75,93.4333,467.0,22.45952250962254,Bh16-2/3c,Bh,Assam,India,IN,25.0,4.6,20.7,66.3,151.5,14.7,2017-09-23,0,none,Synthetic negative example,No recorded landslide at this location on 2017-09-23
25.1553,93.028,573.0,23.25770246880801,Ao76-2/3c,Ao,Assam,India,IN,25.0,9.2,10.5,101.8,111.1,42.8,2023-06-14,0,none,Synthetic negative example,No recorded landslide at this location on 2023-06-14
25.1553,93.028,573.0,23.25770246880801,Ao76-2/3c,Ao,Assam,India,IN,25.0,4.8,7.6,24.3,95.1,12.6,2020-07-18,0,none,Synthetic negative example,No recorded landslide at this location on 2020-07-18
25.1553,93.028,573.0,23.25770246880801,Ao76-2/3c,Ao,Assam,India,IN,25.0,14.0,87.39999999999999,105.6,123.89999999999999,63.3,2018-07-04,0,none,Synthetic negative example,No recorded landslide at this location on 2018-07-04
24.9356,93.8443,849.0,0.926369172997235,Ao76-2/3c,Ao,Manipur,India,IN,25.0,11.2,20.0,60.8,109.6,13.5,2012-07-21,0,none,Synthetic negative example,No recorded landslide at this location on 2012-07-21
24.9356,93.8443,849.0,0.926369172997235,Ao76-2/3c,Ao,Manipur,India,IN,25.0,2.1,4.1,18.5,48.199999999999996,6.3,2021-09-25,0,none,Synthetic negative example,No recorded landslide at this location on 2021-09-25
24.9356,93.8443,849.0,0.926369172997235,Ao76-2/3c,Ao,Manipur,India,IN,25.0,5.7,18.0,37.2,154.0,7.0,2015-07-08,0,none,Synthetic negative example,No recorded landslide at this location on 2015-07-08
26.0814,94.803,944.0,36.44619065843627,Ao76-2/3c,Ao,Nagaland,India,IN,25.0,10.0,19.2,73.9,117.8,27.3,2015-06-28,0,none,Synthetic negative example,No recorded landslide at this location on 2015-06-28
26.0814,94.803,944.0,36.44619065843627,Ao76-2/3c,Ao,Nagaland,India,IN,25.0,6.4,17.0,63.5,127.8,20.8,2015-08-14,0,none,Synthetic negative example,No recorded landslide at this location on 2015-08-14
26.0814,94.803,944.0,36.44619065843627,Ao76-2/3c,Ao,Nagaland,India,IN,25.0,5.7,18.7,217.8,270.4,85.4,2018-06-17,0,none,Synthetic negative example,No recorded landslide at this location on 2018-06-17
25.67,94.1066,1442.0,18.41213576563324,Ao76-2/3c,Ao,Nagaland,India,IN,25.0,10.6,47.3,75.2,240.4,27.1,2013-07-13,0,none,Synthetic negative example,No recorded landslide at this location on 2013-07-13
25.67,94.1066,1442.0,18.41213576563324,Ao76-2/3c,Ao,Nagaland,India,IN,25.0,22.4,82.2,156.8,238.3,34.2,2014-07-19,0,none,Synthetic negative example,No recorded landslide at this location on 2014-07-19
25.67,94.1066,1442.0,18.41213576563324,Ao76-2/3c,Ao,Nagaland,India,IN,25.0,22.7,55.8,111.6,222.3,25.9,2013-08-15,0,none,Synthetic negative example,No recorded landslide at this location on 2013-08-15
25.0477,92.801,169.0,26.744232985272472,Gd25-2a,Gd,Assam,India,IN,25.0,13.7,33.6,81.4,178.1,19.5,2013-08-17,0,none,Synthetic negative example,No recorded landslide at this location on 2013-08-17
25.0477,92.801,169.0,26.744232985272472,Gd25-2a,Gd,Assam,India,IN,25.0,33.1,122.2,214.6,253.5,52.4,2023-08-28,0,none,Synthetic negative example,No recorded landslide at this location on 2023-08-28
25.0477,92.801,169.0,26.744232985272472,Gd25-2a,Gd,Assam,India,IN,25.0,31.1,38.0,55.9,260.4,31.1,2011-06-08,0,none,Synthetic negative example,No recorded landslide at this location on 2011-06-08
22.533,92.899,801.0,15.868646633497285,Bh16-2/3c,Bh,Mizoram,India,IN,25.0,15.4,54.6,102.5,213.4,35.2,2020-08-25,0,none,Synthetic negative example,No recorded landslide at this location on 2020-08-25
22.533,92.899,801.0,15.868646633497285,Bh16-2/3c,Bh,Mizoram,India,IN,25.0,17.0,33.4,83.2,169.3,19.2,2010-09-23,0,none,Synthetic negative example,No recorded landslide at this location on 2010-09-23
22.533,92.899,801.0,15.868646633497285,Bh16-2/3c,Bh,Mizoram,India,IN,25.0,21.9,52.3,110.89999999999999,220.5,29.4,2020-08-18,0,none,Synthetic negative example,No recorded landslide at this location on 2020-08-18
23.591,92.9296,802.0,14.408778587162091,Bh16-2/3c,Bh,Mizoram,India,IN,25.0,7.1,42.1,63.6,93.4,25.6,2011-07-16,0,none,Synthetic negative example,No recorded landslide at this location on 2011-07-16
23.591,92.9296,802.0,14.408778587162091,Bh16-2/3c,Bh,Mizoram,India,IN,25.0,0.9,18.6,24.6,72.3,14.1,2022-09-04,0,none,Synthetic negative example,No recorded landslide at this location on 2022-09-04
23.591,92.9296,802.0,14.408778587162091,Bh16-2/3c,Bh,Mizoram,India,IN,25.0,6.1,28.0,49.6,89.1,16.7,2013-09-12,0,none,Synthetic negative example,No recorded landslide at this location on 2013-09-12
24.2451,94.0691,1281.0,25.95439328643043,Bh16-2/3c,Bh,Manipur,India,IN,25.0,2.0,4.2,24.8,227.0,9.4,2017-06-09,0,none,Synthetic negative example,No recorded landslide at this location on 2017-06-09
24.2451,94.0691,1281.0,25.95439328643043,Bh16-2/3c,Bh,Manipur,India,IN,25.0,2.7,26.0,67.0,107.3,18.2,2022-08-10,0,none,Synthetic negative example,No recorded landslide at this location on 2022-08-10
24.2451,94.0691,1281.0,25.95439328643043,Bh16-2/3c,Bh,Manipur,India,IN,25.0,17.5,81.1,88.89999999999999,119.0,61.3,2011-09-07,0,none,Synthetic negative example,No recorded landslide at this location on 2011-09-07
27.1761,88.5287,296.0,10.768510295209571,Bd32-2bc,Bd,Sikkim,India,IN,25.0,0.2,4.7,42.8,78.3,16.0,2019-06-13,0,none,Synthetic negative example,No recorded landslide at this location on 2019-06-13
27.1761,88.5287,296.0,10.768510295209571,Bd32-2bc,Bd,Sikkim,India,IN,25.0,18.4,42.6,58.6,164.7,24.0,2022-08-14,0,none,Synthetic negative example,No recorded landslide at this location on 2022-08-14
27.1761,88.5287,296.0,10.768510295209571,Bd32-2bc,Bd,Sikkim,India,IN,25.0,50.7,305.6,397.3,581.0,237.5,2010-07-11,0,none,Synthetic negative example,No recorded landslide at this location on 2010-07-11
24.8286,93.5935,729.0,37.974740545343984,Bh16-2/3c,Bh,Manipur,India,IN,50.0,23.8,46.6,127.1,192.6,44.8,2017-08-05,0,none,Synthetic negative example,No recorded landslide at this location on 2017-08-05
24.8286,93.5935,729.0,37.974740545343984,Bh16-2/3c,Bh,Manipur,India,IN,50.0,4.3,11.2,139.1,211.7,58.1,2015-09-07,0,none,Synthetic negative example,No recorded landslide at this location on 2015-09-07
24.8286,93.5935,729.0,37.974740545343984,Bh16-2/3c,Bh,Manipur,India,IN,50.0,10.1,10.799999999999999,43.9,161.3,19.0,2017-09-17,0,none,Synthetic negative example,No recorded landslide at this location on 2017-09-17
25.38,91.88,1305.0,40.39713922078188,Ao78-3c,Ao,Meghalaya,India,IN,50.0,10.7,29.9,74.4,197.3,16.1,2011-09-24,0,none,Synthetic negative example,No recorded landslide at this location on 2011-09-24
25.38,91.88,1305.0,40.39713922078188,Ao78-3c,Ao,Meghalaya,India,IN,50.0,11.0,37.6,74.7,130.9,20.1,2011-06-16,0,none,Synthetic negative example,No recorded landslide at this location on 2011-06-16
25.38,91.88,1305.0,40.39713922078188,Ao78-3c,Ao,Meghalaya,India,IN,50.0,79.9,235.6,311.3,378.9,91.8,2014-08-15,0,none,Synthetic negative example,No recorded landslide at this location on 2014-08-15
25.7658,93.9413,808.0,44.2276920510005,Ao76-2/3c,Ao,Nagaland,India,IN,50.0,8.3,31.9,76.5,211.7,20.8,2012-08-18,0,none,Synthetic negative example,No recorded landslide at this location on 2012-08-18
25.7658,93.9413,808.0,44.2276920510005,Ao76-2/3c,Ao,Nagaland,India,IN,50.0,29.6,91.9,144.6,243.4,48.2,2012-08-21,0,none,Synthetic negative example,No recorded landslide at this location on 2012-08-21
25.7658,93.9413,808.0,44.2276920510005,Ao76-2/3c,Ao,Nagaland,India,IN,50.0,2.6,4.5,25.900000000000002,50.2,6.4,2014-06-01,0,none,Synthetic negative example,No recorded landslide at this location on 2014-06-01
27.3383,88.6069,1514.0,14.993125541982852,Bd32-2bc,Bd,Sikkim,India,IN,50.0,3.7,13.8,28.2,207.29999999999998,9.5,2022-07-11,0,none,Synthetic negative example,No recorded landslide at this location on 2022-07-11
27.3383,88.6069,1514.0,14.993125541982852,Bd32-2bc,Bd,Sikkim,India,IN,50.0,9.2,59.8,131.3,415.2,28.4,2010-08-12,0,none,Synthetic negative example,No recorded landslide at this location on 2010-08-12
27.3383,88.6069,1514.0,14.993125541982852,Bd32-2bc,Bd,Sikkim,India,IN,50.0,5.2,38.8,143.9,262.4,39.5,2010-06-13,0,none,Synthetic negative example,No recorded landslide at this location on 2010-06-13
24.4279,94.0564,895.0,8.395047652311604,Ao76-2/3c,Ao,Manipur,India,IN,50.0,0.7,8.200000000000001,19.7,41.8,7.1,2022-09-19,0,none,Synthetic negative example,No recorded landslide at this location on 2022-09-19
24.4279,94.0564,895.0,8.395047652311604,Ao76-2/3c,Ao,Manipur,India,IN,50.0,7.9,11.2,24.1,86.5,7.9,2023-06-22,0,none,Synthetic negative example,No recorded landslide at this location on 2023-06-22
24.4279,94.0564,895.0,8.395047652311604,Ao76-2/3c,Ao,Manipur,India,IN,50.0,1.1,8.0,51.2,101.0,19.6,2010-06-02,0,none,Synthetic negative example,No recorded landslide at this location on 2010-06-02
24.9818,93.5142,1249.0,3.700645055238003,Bh16-2/3c,Bh,Manipur,India,IN,50.0,10.0,35.9,69.3,107.7,20.9,2011-07-01,0,none,Synthetic negative example,No recorded landslide at this location on 2011-07-01
24.9818,93.5142,1249.0,3.700645055238003,Bh16-2/3c,Bh,Manipur,India,IN,50.0,29.2,56.4,101.5,474.6,29.2,2018-06-25,0,none,Synthetic negative example,No recorded landslide at this location on 2018-06-25
24.9818,93.5142,1249.0,3.700645055238003,Bh16-2/3c,Bh,Manipur,India,IN,50.0,1.6,20.1,52.4,96.5,23.7,2010-07-14,0,none,Synthetic negative example,No recorded landslide at this location on 2010-07-14
25.7131,94.0885,1413.0,25.132660081730556,Ao76-2/3c,Ao,Nagaland,India,IN,50.0,1.2,16.0,154.3,250.8,106.8,2018-08-18,0,none,Synthetic negative example,No recorded landslide at this location on 2018-08-18
25.7131,94.0885,1413.0,25.132660081730556,Ao76-2/3c,Ao,Nagaland,India,IN,50.0,26.4,57.9,96.5,397.6,26.4,2018-08-11,0,none,Synthetic negative example,No recorded landslide at this location on 2018-08-11
25.7131,94.0885,1413.0,25.132660081730556,Ao76-2/3c,Ao,Nagaland,India,IN,50.0,4.4,19.5,71.1,213.9,17.2,2015-08-16,0,none,Synthetic negative example,No recorded landslide at this location on 2015-08-16
25.6682,94.1099,1428.0,12.471496205387888,Ao76-2/3c,Ao,Nagaland,India,IN,50.0,17.1,55.0,120.9,225.4,23.4,2012-07-04,0,none,Synthetic negative example,No recorded landslide at this location on 2012-07-04
25.6682,94.1099,1428.0,12.471496205387888,Ao76-2/3c,Ao,Nagaland,India,IN,50.0,67.0,148.7,227.5,405.4,67.0,2023-07-26,0,none,Synthetic negative example,No recorded landslide at this location on 2023-07-26
25.6682,94.1099,1428.0,12.471496205387888,Ao76-2/3c,Ao,Nagaland,India,IN,50.0,16.1,44.1,153.6,232.70000000000002,48.2,2012-08-26,0,none,Synthetic negative example,No recorded landslide at this location on 2012-08-26
27.4,92.35,2622.0,27.60616139709439,Ao80-2bc,Ao,Arunachal Pradesh,India,IN,50.0,21.4,91.7,194.3,469.0,41.3,2014-07-05,0,none,Synthetic negative example,No recorded landslide at this location on 2014-07-05
27.4,92.35,2622.0,27.60616139709439,Ao80-2bc,Ao,Arunachal Pradesh,India,IN,50.0,43.8,67.8,100.6,281.3,43.8,2018-07-23,0,none,Synthetic negative example,No recorded landslide at this location on 2018-07-23
27.4,92.35,2622.0,27.60616139709439,Ao80-2bc,Ao,Arunachal Pradesh,India,IN,50.0,42.1,96.6,238.2,472.9,58.3,2021-06-08,0,none,Synthetic negative example,No recorded landslide at this location on 2021-06-08
25.4749,93.1477,147.0,3.5885571438036794,Ao76-2/3c,Ao,Assam,India,IN,50.0,8.8,22.9,45.0,79.4,10.1,2018-06-11,0,none,Synthetic negative example,No recorded landslide at this location on 2018-06-11
25.4749,93.1477,147.0,3.5885571438036794,Ao76-2/3c,Ao,Assam,India,IN,50.0,0.4,11.5,31.5,116.0,9.0,2012-09-12,0,none,Synthetic negative example,No recorded landslide at this location on 2012-09-12
25.4749,93.1477,147.0,3.5885571438036794,Ao76-2/3c,Ao,Assam,India,IN,50.0,2.0,16.9,28.5,70.4,8.3,2023-08-06,0,none,Synthetic negative example,No recorded landslide at this location on 2023-08-06
25.8833,91.2,252.0,26.701404884610746,Nd2-2b,Nd,Meghalaya,India,IN,50.0,11.8,32.9,80.9,165.6,27.6,2019-08-04,0,none,Synthetic negative example,No recorded landslide at this location on 2019-08-04
25.8833,91.2,252.0,26.701404884610746,Nd2-2b,Nd,Meghalaya,India,IN,50.0,15.2,157.6,350.3,512.3000000000001,84.2,2015-09-05,0,none,Synthetic negative example,No recorded landslide at this location on 2015-09-05
25.8833,91.2,252.0,26.701404884610746,Nd2-2b,Nd,Meghalaya,India,IN,50.0,7.3,14.6,56.300000000000004,142.7,23.1,2019-06-03,0,none,Synthetic negative example,No recorded landslide at this location on 2019-06-03
25.5242,92.9914,156.0,16.865567463034814,Ao76-2/3c,Ao,Assam,India,IN,50.0,22.6,40.6,131.4,220.5,68.2,2022-06-16,0,none,Synthetic negative example,No recorded landslide at this location on 2022-06-16
25.5242,92.9914,156.0,16.865567463034814,Ao76-2/3c,Ao,Assam,India,IN,50.0,1.4,21.4,86.3,96.9,63.1,2012-08-25,0,none,Synthetic negative example,No recorded landslide at this location on 2012-08-25
25.5242,92.9914,156.0,16.865567463034814,Ao76-2/3c,Ao,Assam,India,IN,50.0,4.3,12.9,27.7,70.7,6.4,2022-07-09,0,none,Synthetic negative example,No recorded landslide at this location on 2022-07-09
27.8776,94.25,945.0,42.26732210621416,Ao80-2bc,Ao,Arunachal Pradesh,India,IN,50.0,0.0,14.200000000000001,95.6,259.4,44.3,2019-08-25,0,none,Synthetic negative example,No recorded landslide at this location on 2019-08-25
27.8776,94.25,945.0,42.26732210621416,Ao80-2bc,Ao,Arunachal Pradesh,India,IN,50.0,4.3,9.2,189.7,485.2,93.6,2020-08-20,0,none,Synthetic negative example,No recorded landslide at this location on 2020-08-20
27.8776,94.25,945.0,42.26732210621416,Ao80-2bc,Ao,Arunachal Pradesh,India,IN,50.0,7.0,11.0,151.1,413.3,59.8,2012-09-28,0,none,Synthetic negative example,No recorded landslide at this location on 2012-09-28
25.4379,94.1162,1497.0,16.038678192026104,Ao76-2/3c,Ao,Nagaland,India,IN,50.0,2.8,6.3,15.9,155.3,5.0,2020-08-28,0,none,Synthetic negative example,No recorded landslide at this location on 2020-08-28
25.4379,94.1162,1497.0,16.038678192026104,Ao76-2/3c,Ao,Nagaland,India,IN,50.0,6.6,14.399999999999999,22.1,44.6,6.6,2019-09-03,0,none,Synthetic negative example,No recorded landslide at this location on 2019-09-03
25.4379,94.1162,1497.0,16.038678192026104,Ao76-2/3c,Ao,Nagaland,India,IN,50.0,15.3,61.6,148.8,280.4,38.4,2013-07-03,0,none,Synthetic negative example,No recorded landslide at this location on 2013-07-03
24.6869,93.9157,777.0,0.0,Gh12-2a,Gh,Manipur,India,IN,50.0,4.2,7.4,11.8,29.8,4.2,2021-09-16,0,none,Synthetic negative example,No recorded landslide at this location on 2021-09-16
24.6869,93.9157,777.0,0.0,Gh12-2a,Gh,Manipur,India,IN,50.0,17.5,25.6,40.3,106.60000000000001,17.5,2012-09-14,0,none,Synthetic negative example,No recorded landslide at this location on 2012-09-14
24.6869,93.9157,777.0,0.0,Gh12-2a,Gh,Manipur,India,IN,50.0,21.4,30.299999999999997,32.6,95.6,21.4,2023-07-05,0,none,Synthetic negative example,No recorded landslide at this location on 2023-07-05
24.954,94.2156,926.0,20.94185253514824,Ao76-2/3c,Ao,Manipur,India,IN,50.0,6.9,10.9,30.9,69.7,11.7,2012-08-19,0,none,Synthetic negative example,No recorded landslide at this location on 2012-08-19
24.954,94.2156,926.0,20.94185253514824,Ao76-2/3c,Ao,Manipur,India,IN,50.0,10.9,22.7,61.7,80.0,24.2,2023-06-14,0,none,Synthetic negative example,No recorded landslide at this location on 2023-06-14
24.954,94.2156,926.0,20.94185253514824,Ao76-2/3c,Ao,Manipur,India,IN,50.0,0.0,1.6,9.4,49.1,6.4,2015-09-27,0,none,Synthetic negative example,No recorded landslide at this location on 2015-09-27
28.4659,95.86,1066.0,27.396267400283048,I-Af-Bd-2c,I,Arunachal Pradesh,India,IN,50.0,10.5,148.7,349.4,475.40000000000003,70.5,2010-07-12,0,none,Synthetic negative example,No recorded landslide at this location on 2010-07-12
28.4659,95.86,1066.0,27.396267400283048,I-Af-Bd-2c,I,Arunachal Pradesh,India,IN,50.0,0.0,0.8,24.0,233.3,11.4,2012-09-08,0,none,Synthetic negative example,No recorded landslide at this location on 2012-09-08
28.4659,95.86,1066.0,27.396267400283048,I-Af-Bd-2c,I,Arunachal Pradesh,India,IN,50.0,5.4,63.4,255.6,319.3,81.4,2015-07-05,0,none,Synthetic negative example,No recorded landslide at this location on 2015-07-05
24.2315,92.6755,672.0,5.527812889706318,Bd61-2c,Bd,Mizoram,India,IN,50.0,5.3,30.400000000000002,41.6,168.0,18.6,2019-07-20,0,none,Synthetic negative example,No recorded landslide at this location on 2019-07-20
24.2315,92.6755,672.0,5.527812889706318,Bd61-2c,Bd,Mizoram,India,IN,50.0,11.1,20.1,49.2,110.4,11.1,2010-08-20,0,none,Synthetic negative example,No recorded landslide at this location on 2010-08-20
24.2315,92.6755,672.0,5.527812889706318,Bd61-2c,Bd,Mizoram,India,IN,50.0,4.2,78.60000000000001,200.0,239.70000000000002,60.2,2016-06-14,0,none,Synthetic negative example,No recorded landslide at this location on 2016-06-14
27.2333,94.1167,87.0,2.2793545475188526,Be82-a,Be,Assam,India,IN,50.0,35.0,86.89999999999999,182.6,220.29999999999998,57.8,2017-06-03,0,none,Synthetic negative example,No recorded landslide at this location on 2017-06-03
27.2333,94.1167,87.0,2.2793545475188526,Be82-a,Be,Assam,India,IN,50.0,21.4,48.9,85.0,148.7,21.4,2013-07-22,0,none,Synthetic negative example,No recorded landslide at this location on 2013-07-22
27.2333,94.1167,87.0,2.2793545475188526,Be82-a,Be,Assam,India,IN,50.0,46.8,100.1,118.5,171.4,46.8,2021-08-01,0,none,Synthetic negative example,No recorded landslide at this location on 2021-08-01
27.44,92.2833,2613.0,1.0437789193849585,Ao80-2bc,Ao,Arunachal Pradesh,India,IN,50.0,54.5,167.5,217.4,355.7,59.8,2023-09-23,0,none,Synthetic negative example,No recorded landslide at this location on 2023-09-23
27.44,92.2833,2613.0,1.0437789193849585,Ao80-2bc,Ao,Arunachal Pradesh,India,IN,50.0,38.8,254.2,565.2,1162.4,120.6,2023-07-14,0,none,Synthetic negative example,No recorded landslide at this location on 2023-07-14
27.44,92.2833,2613.0,1.0437789193849585,Ao80-2bc,Ao,Arunachal Pradesh,India,IN,50.0,3.3,11.2,38.1,155.4,18.5,2022-07-11,0,none,Synthetic negative example,No recorded landslide at this location on 2022-07-11
24.8628,94.4182,910.0,36.03357894696324,Bh16-2/3c,Bh,Manipur,India,IN,50.0,3.4,158.5,222.29999999999998,289.09999999999997,85.0,2017-06-14,0,none,Synthetic negative example,No recorded landslide at this location on 2017-06-14
24.8628,94.4182,910.0,36.03357894696324,Bh16-2/3c,Bh,Manipur,India,IN,50.0,7.9,48.599999999999994,111.2,144.5,37.8,2015-08-26,0,none,Synthetic negative example,No recorded landslide at this location on 2015-08-26
24.8628,94.4182,910.0,36.03357894696324,Bh16-2/3c,Bh,Manipur,India,IN,50.0,0.3,4.6,70.2,155.1,29.5,2022-06-27,0,none,Synthetic negative example,No recorded landslide at this location on 2022-06-27
24.8063,93.9482,780.0,1.3781307546716215,Ao76-2/3c,Ao,Manipur,India,IN,50.0,7.0,116.30000000000001,221.5,336.5,90.7,2017-07-09,0,none,Synthetic negative example,No recorded landslide at this location on 2017-07-09
24.8063,93.9482,780.0,1.3781307546716215,Ao76-2/3c,Ao,Manipur,India,IN,50.0,0.1,2.9,11.0,38.699999999999996,4.8,2022-08-12,0,none,Synthetic negative example,No recorded landslide at this location on 2022-08-12
24.8063,93.9482,780.0,1.3781307546716215,Ao76-2/3c,Ao,Manipur,India,IN,50.0,5.8,74.5,84.7,93.6,55.3,2020-09-23,0,none,Synthetic negative example,No recorded landslide at this location on 2020-09-23
26.9986,95.4993,641.0,31.568430941138818,Ao76-2/3c,Ao,Arunachal Pradesh,India,IN,50.0,89.3,100.8,165.1,286.0,89.3,2016-07-15,0,none,Synthetic negative example,No recorded landslide at this location on 2016-07-15
26.9986,95.4993,641.0,31.568430941138818,Ao76-2/3c,Ao,Arunachal Pradesh,India,IN,50.0,17.4,47.099999999999994,80.69999999999999,161.7,17.4,2014-09-06,0,none,Synthetic negative example,No recorded landslide at this location on 2014-09-06
26.9986,95.4993,641.0,31.568430941138818,Ao76-2/3c,Ao,Arunachal Pradesh,India,IN,50.0,17.7,116.1,200.79999999999998,253.8,56.5,2011-07-01,0,none,Synthetic negative example,No recorded landslide at this location on 2011-07-01
28.4298,95.8776,516.0,15.81679952401605,I-Af-Bd-2c,I,Arunachal Pradesh,India,IN,50.0,0.0,0.3,2.2,16.7,1.5,2021-09-15,0,none,Synthetic negative example,No recorded landslide at this location on 2021-09-15
28.4298,95.8776,516.0,15.81679952401605,I-Af-Bd-2c,I,Arunachal Pradesh,India,IN,50.0,1.4,17.4,72.5,111.0,21.9,2011-08-19,0,none,Synthetic negative example,No recorded landslide at this location on 2011-08-19
28.4298,95.8776,516.0,15.81679952401605,I-Af-Bd-2c,I,Arunachal Pradesh,India,IN,50.0,6.5,8.2,66.9,383.5,42.1,2018-09-19,0,none,Synthetic negative example,No recorded landslide at this location on 2018-09-19
23.7131,92.7362,893.0,22.497546016791755,Bd61-2c,Bd,Mizoram,India,IN,50.0,1.0,20.4,56.8,145.9,11.1,2014-08-04,0,none,Synthetic negative example,No recorded landslide at this location on 2014-08-04
23.7131,92.7362,893.0,22.497546016791755,Bd61-2c,Bd,Mizoram,India,IN,50.0,1.1,19.7,32.0,112.60000000000001,10.9,2016-07-18,0,none,Synthetic negative example,No recorded landslide at this location on 2016-07-18
23.7131,92.7362,893.0,22.497546016791755,Bd61-2c,Bd,Mizoram,India,IN,50.0,0.8,20.0,64.5,110.9,22.1,2017-07-17,0,none,Synthetic negative example,No recorded landslide at this location on 2017-07-17
24.7543,93.5039,403.0,16.099431076325118,Bh16-2/3c,Bh,Manipur,India,IN,50.0,1.4,12.8,56.8,189.3,16.5,2016-08-16,0,none,Synthetic negative example,No recorded landslide at this location on 2016-08-16
24.7543,93.5039,403.0,16.099431076325118,Bh16-2/3c,Bh,Manipur,India,IN,50.0,21.6,33.300000000000004,70.0,185.4,21.6,2014-08-27,0,none,Synthetic negative example,No recorded landslide at this location on 2014-08-27
24.7543,93.5039,403.0,16.099431076325118,Bh16-2/3c,Bh,Manipur,India,IN,50.0,17.0,59.3,101.4,134.9,23.8,2014-07-19,0,none,Synthetic negative example,No recorded landslide at this location on 2014-07-19
28.8254,96.1517,3607.0,22.241130168890972,I-Af-Bd-2c,I,Arunachal Pradesh,India,IN,50.0,2.4,7.9,28.5,57.0,9.9,2013-09-23,0,none,Synthetic negative example,No recorded landslide at this location on 2013-09-23
28.8254,96.1517,3607.0,22.241130168890972,I-Af-Bd-2c,I,Arunachal Pradesh,India,IN,50.0,35.4,165.7,400.7,564.9,85.1,2019-07-15,0,none,Synthetic negative example,No recorded landslide at this location on 2019-07-15
28.8254,96.1517,3607.0,22.241130168890972,I-Af-Bd-2c,I,Arunachal Pradesh,India,IN,50.0,7.5,84.0,206.5,288.6,63.0,2015-06-11,0,none,Synthetic negative example,No recorded landslide at this location on 2015-06-11
23.9939,94.0573,976.0,12.803323355556538,Bh16-2/3c,Bh,Manipur,India,IN,50.0,7.9,40.4,88.0,183.8,26.2,2013-08-08,0,none,Synthetic negative example,No recorded landslide at this location on 2013-08-08
23.9939,94.0573,976.0,12.803323355556538,Bh16-2/3c,Bh,Manipur,India,IN,50.0,18.1,60.4,96.5,169.2,33.3,2023-07-07,0,none,Synthetic negative example,No recorded landslide at this location on 2023-07-07
23.9939,94.0573,976.0,12.803323355556538,Bh16-2/3c,Bh,Manipur,India,IN,50.0,32.3,57.9,136.6,239.79999999999998,32.3,2012-07-27,0,none,Synthetic negative example,No recorded landslide at this location on 2012-07-27
26.138,94.25,1013.0,12.074502330273894,Ao76-2/3c,Ao,Nagaland,India,IN,50.0,1.2,4.3999999999999995,11.8,107.6,5.2,2012-09-23,0,none,Synthetic negative example,No recorded landslide at this location on 2012-09-23
26.138,94.25,1013.0,12.074502330273894,Ao76-2/3c,Ao,Nagaland,India,IN,50.0,21.1,41.7,52.1,116.4,21.1,2021-07-09,0,none,Synthetic negative example,No recorded landslide at this location on 2021-07-09
26.138,94.25,1013.0,12.074502330273894,Ao76-2/3c,Ao,Nagaland,India,IN,50.0,0.9,2.2,19.900000000000002,107.5,10.4,2011-09-28,0,none,Synthetic negative example,No recorded landslide at this location on 2011-09-28
27.3425,88.2426,1384.0,28.364376855574704,Bd32-2bc,Bd,Sikkim,India,IN,50.0,184.1,310.0,369.7,503.8,184.1,2013-07-06,0,none,Synthetic negative example,No recorded landslide at this location on 2013-07-06
27.3425,88.2426,1384.0,28.364376855574704,Bd32-2bc,Bd,Sikkim,India,IN,50.0,9.6,41.3,176.6,393.6,65.6,2017-09-15,0,none,Synthetic negative example,No recorded landslide at this location on 2017-09-15
27.3425,88.2426,1384.0,28.364376855574704,Bd32-2bc,Bd,Sikkim,India,IN,50.0,9.6,28.1,113.1,262.0,32.0,2010-09-15,0,none,Synthetic negative example,No recorded landslide at this location on 2010-09-15
24.8142,93.5444,519.0,34.77802218832971,Bh16-2/3c,Bh,Manipur,India,IN,50.0,8.8,62.5,96.7,219.9,38.1,2010-07-04,0,none,Synthetic negative example,No recorded landslide at this location on 2010-07-04
24.8142,93.5444,519.0,34.77802218832971,Bh16-2/3c,Bh,Manipur,India,IN,50.0,0.0,23.8,100.30000000000001,130.3,27.8,2013-06-11,0,none,Synthetic negative example,No recorded landslide at this location on 2013-06-11
24.8142,93.5444,519.0,34.77802218832971,Bh16-2/3c,Bh,Manipur,India,IN,50.0,6.7,25.3,68.7,199.8,16.5,2014-08-22,0,none,Synthetic negative example,No recorded landslide at this location on 2014-08-22
24.9849,92.8411,262.0,19.51816573573522,Ge53-3a,Ge,Assam,India,IN,50.0,23.6,38.7,64.5,187.6,23.6,2018-08-21,0,none,Synthetic negative example,No recorded landslide at this location on 2018-08-21
24.9849,92.8411,262.0,19.51816573573522,Ge53-3a,Ge,Assam,India,IN,50.0,6.9,33.2,113.2,210.5,24.5,2013-07-01,0,none,Synthetic negative example,No recorded landslide at this location on 2013-07-01
24.9849,92.8411,262.0,19.51816573573522,Ge53-3a,Ge,Assam,India,IN,50.0,6.6,18.7,41.5,149.5,13.2,2022-09-23,0,none,Synthetic negative example,No recorded landslide at this location on 2022-09-23
25.0951,92.3567,233.0,23.072954772058488,Ge53-3a,Ge,Assam,India,IN,50.0,0.0,5.0,99.39999999999999,134.79999999999998,47.3,2013-06-12,0,none,Synthetic negative example,No recorded landslide at this location on 2013-06-12
25.0951,92.3567,233.0,23.072954772058488,Ge53-3a,Ge,Assam,India,IN,50.0,17.0,64.8,169.8,589.5,46.3,2010-06-17,0,none,Synthetic negative example,No recorded landslide at this location on 2010-06-17
25.0951,92.3567,233.0,23.072954772058488,Ge53-3a,Ge,Assam,India,IN,50.0,3.6,19.099999999999998,119.0,263.5,42.8,2018-09-08,0,none,Synthetic negative example,No recorded landslide at this location on 2018-09-08
25.0604,93.9877,1519.0,37.35514278400912,Ao76-2/3c,Ao,Manipur,India,IN,50.0,1.2,7.0,79.6,130.5,34.9,2015-09-05,0,none,Synthetic negative example,No recorded landslide at this location on 2015-09-05
25.0604,93.9877,1519.0,37.35514278400912,Ao76-2/3c,Ao,Manipur,India,IN,50.0,1.7,19.6,23.2,78.10000000000001,9.4,2013-06-18,0,none,Synthetic negative example,No recorded landslide at this location on 2013-06-18
25.0604,93.9877,1519.0,37.35514278400912,Ao76-2/3c,Ao,Manipur,India,IN,50.0,6.7,155.2,267.6,356.0,90.8,2015-08-02,0,none,Synthetic negative example,No recorded landslide at this location on 2015-08-02
28.235,94.9612,312.0,43.508931111637935,Ao80-2bc,Ao,Arunachal Pradesh,India,IN,50.0,10.7,10.7,274.2,576.6,95.9,2020-09-21,0,none,Synthetic negative example,No recorded landslide at this location on 2020-09-21
28.235,94.9612,312.0,43.508931111637935,Ao80-2bc,Ao,Arunachal Pradesh,India,IN,50.0,4.4,10.6,14.1,140.70000000000002,6.1,2014-09-06,0,none,Synthetic negative example,No recorded landslide at this location on 2014-09-06
28.235,94.9612,312.0,43.508931111637935,Ao80-2bc,Ao,Arunachal Pradesh,India,IN,50.0,29.5,114.6,211.3,438.3,44.0,2022-06-25,0,none,Synthetic negative example,No recorded landslide at this location on 2022-06-25
25.4916,91.2698,1493.0,11.383724956082276,Ao75-2b,Ao,Meghalaya,India,IN,50.0,9.0,15.1,73.8,151.7,39.8,2018-07-22,0,none,Synthetic negative example,No recorded landslide at this location on 2018-07-22
25.4916,91.2698,1493.0,11.383724956082276,Ao75-2b,Ao,Meghalaya,India,IN,50.0,24.5,59.9,118.7,171.6,29.4,2014-08-11,0,none,Synthetic negative example,No recorded landslide at this location on 2014-08-11
25.4916,91.2698,1493.0,11.383724956082276,Ao75-2b,Ao,Meghalaya,India,IN,50.0,8.7,29.2,71.9,124.6,13.4,2010-09-13,0,none,Synthetic negative example,No recorded landslide at this location on 2010-09-13
24.1293,92.6921,822.0,12.81474088364528,Bd61-2c,Bd,Mizoram,India,IN,50.0,0.8,6.5,27.4,61.699999999999996,10.9,2014-06-04,0,none,Synthetic negative example,No recorded landslide at this location on 2014-06-04
24.1293,92.6921,822.0,12.81474088364528,Bd61-2c,Bd,Mizoram,India,IN,50.0,5.0,39.8,91.5,176.8,24.4,2018-08-25,0,none,Synthetic negative example,No recorded landslide at this location on 2018-08-25
24.1293,92.6921,822.0,12.81474088364528,Bd61-2c,Bd,Mizoram,India,IN,50.0,15.2,62.6,108.10000000000001,139.6,31.3,2021-09-19,0,none,Synthetic negative example,No recorded landslide at this location on 2021-09-19
27.1667,88.35,1154.0,24.48993370133901,Rd29-1a,Rd,Sikkim,India,IN,50.0,18.1,47.3,369.1,426.90000000000003,154.8,2012-07-10,0,none,Synthetic negative example,No recorded landslide at this location on 2012-07-10
27.1667,88.35,1154.0,24.48993370133901,Rd29-1a,Rd,Sikkim,India,IN,50.0,4.8,58.0,139.2,263.2,28.6,2022-07-14,0,none,Synthetic negative example,No recorded landslide at this location on 2022-07-14
27.1667,88.35,1154.0,24.48993370133901,Rd29-1a,Rd,Sikkim,India,IN,50.0,5.7,8.3,11.2,30.5,5.7,2023-06-09,0,none,Synthetic negative example,No recorded landslide at this location on 2023-06-09
27.4888,93.0153,540.0,28.976817364678165,Ao80-2bc,Ao,Arunachal Pradesh,India,IN,50.0,13.8,53.5,171.5,204.1,50.4,2022-09-04,0,none,Synthetic negative example,No recorded landslide at this location on 2022-09-04
27.4888,93.0153,540.0,28.976817364678165,Ao80-2bc,Ao,Arunachal Pradesh,India,IN,50.0,22.1,23.6,32.4,79.5,22.1,2023-06-10,0,none,Synthetic negative example,No recorded landslide at this location on 2023-06-10
27.4888,93.0153,540.0,28.976817364678165,Ao80-2bc,Ao,Arunachal Pradesh,India,IN,50.0,5.6,44.9,47.1,118.4,23.7,2023-06-03,0,none,Synthetic negative example,No recorded landslide at this location on 2023-06-03
27.2872,88.2816,572.0,20.504325237480952,Bd32-2bc,Bd,Sikkim,India,IN,50.0,18.3,63.8,122.0,156.6,33.9,2014-06-25,0,none,Synthetic negative example,No recorded landslide at this location on 2014-06-25
27.2872,88.2816,572.0,20.504325237480952,Bd32-2bc,Bd,Sikkim,India,IN,50.0,7.8,35.300000000000004,119.8,170.4,28.7,2022-06-14,0,none,Synthetic negative example,No recorded landslide at this location on 2022-06-14
27.2872,88.2816,572.0,20.504325237480952,Bd32-2bc,Bd,Sikkim,India,IN,50.0,13.1,18.0,73.2,466.0,32.8,2015-09-12,0,none,Synthetic negative example,No recorded landslide at this location on 2015-09-12
25.9611,91.3681,181.0,5.635158792453883,Ao77-2a,Ao,Assam,India,IN,50.0,15.8,17.1,23.7,105.1,15.8,2019-09-02,0,none,Synthetic negative example,No recorded landslide at this location on 2019-09-02
25.9611,91.3681,181.0,5.635158792453883,Ao77-2a,Ao,Assam,India,IN,50.0,0.1,27.2,81.7,160.8,34.8,2018-07-19,0,none,Synthetic negative example,No recorded landslide at this location on 2018-07-19
25.9611,91.3681,181.0,5.635158792453883,Ao77-2a,Ao,Assam,India,IN,50.0,7.8,9.1,369.1,520.7,143.9,2014-07-08,0,none,Synthetic negative example,No recorded landslide at this location on 2014-07-08
25.5265,93.8673,1369.0,27.026628812346573,Bh16-2/3c,Bh,Nagaland,India,IN,50.0,16.7,76.0,175.1,293.7,67.1,2013-07-01,0,none,Synthetic negative example,No recorded landslide at this location on 2013-07-01
25.5265,93.8673,1369.0,27.026628812346573,Bh16-2/3c,Bh,Nagaland,India,IN,50.0,7.4,40.8,85.6,233.3,20.4,2011-09-17,0,none,Synthetic negative example,No recorded landslide at this location on 2011-09-17
25.5265,93.8673,1369.0,27.026628812346573,Bh16-2/3c,Bh,Nagaland,India,IN,50.0,4.8,22.8,30.9,83.3,16.0,2022-09-07,0,none,Synthetic negative example,No recorded landslide at this location on 2022-09-07
25.7428,93.9136,463.0,20.935780187981493,Ao76-2/3c,Ao,Nagaland,India,IN,50.0,45.1,87.0,190.5,298.1,52.4,2010-06-24,0,none,Synthetic negative example,No recorded landslide at this location on 2010-06-24
25.7428,93.9136,463.0,20.935780187981493,Ao76-2/3c,Ao,Nagaland,India,IN,50.0,7.2,32.8,111.7,300.8,31.6,2013-08-03,0,none,Synthetic negative example,No recorded landslide at this location on 2013-08-03
25.7428,93.9136,463.0,20.935780187981493,Ao76-2/3c,Ao,Nagaland,India,IN,50.0,2.8,21.2,92.4,263.2,48.2,2016-07-17,0,none,Synthetic negative example,No recorded landslide at this location on 2016-07-17
25.5006,90.0896,45.0,4.806912083386269,Ge51-2a,Ge,Meghalaya,India,IN,50.0,10.0,20.3,76.5,105.5,33.3,2010-08-21,0,none,Synthetic negative example,No recorded landslide at this location on 2010-08-21
25.5006,90.0896,45.0,4.806912083386269,Ge51-2a,Ge,Meghalaya,India,IN,50.0,1.0,11.2,81.2,123.0,31.4,2017-09-14,0,none,Synthetic negative example,No recorded landslide at this location on 2017-09-14
25.5006,90.0896,45.0,4.806912083386269,Ge51-2a,Ge,Meghalaya,India,IN,50.0,2.3,7.699999999999999,16.8,25.6,4.0,2023-09-11,0,none,Synthetic negative example,No recorded landslide at this location on 2023-09-11
26.1662,91.7138,140.0,21.63720584577714,Ao79-a,Ao,Assam,India,IN,50.0,24.8,49.0,297.4,327.2,78.8,2023-06-14,0,none,Synthetic negative example,No recorded landslide at this location on 2023-06-14
26.1662,91.7138,140.0,21.63720584577714,Ao79-a,Ao,Assam,India,IN,50.0,3.1,58.0,79.7,101.9,47.0,2019-08-17,0,none,Synthetic negative example,No recorded landslide at this location on 2019-08-17
26.1662,91.7138,140.0,21.63720584577714,Ao79-a,Ao,Assam,India,IN,50.0,13.8,34.6,107.7,212.3,25.9,2014-09-06,0,none,Synthetic negative example,No recorded landslide at this location on 2014-09-06
26.0214,94.5224,1621.0,30.342707714734605,Ao76-2/3c,Ao,Nagaland,India,IN,50.0,0.4,19.9,64.1,237.8,21.7,2017-07-17,0,none,Synthetic negative example,No recorded landslide at this location on 2017-07-17
26.0214,94.5224,1621.0,30.342707714734605,Ao76-2/3c,Ao,Nagaland,India,IN,50.0,4.2,33.5,80.7,138.4,37.0,2019-08-25,0,none,Synthetic negative example,No recorded landslide at this location on 2019-08-25
26.0214,94.5224,1621.0,30.342707714734605,Ao76-2/3c,Ao,Nagaland,India,IN,50.0,7.6,12.1,61.5,180.0,23.1,2013-09-15,0,none,Synthetic negative example,No recorded landslide at this location on 2013-09-15
25.318,94.0441,993.0,6.125906246428548,Ao76-2/3c,Ao,Nagaland,India,IN,50.0,8.5,36.8,62.6,101.3,26.0,2023-09-23,0,none,Synthetic negative example,No recorded landslide at this location on 2023-09-23
25.318,94.0441,993.0,6.125906246428548,Ao76-2/3c,Ao,Nagaland,India,IN,50.0,45.4,63.6,87.0,123.4,45.4,2012-09-04,0,none,Synthetic negative example,No recorded landslide at this location on 2012-09-04
25.318,94.0441,993.0,6.125906246428548,Ao76-2/3c,Ao,Nagaland,India,IN,50.0,2.7,8.3,39.699999999999996,99.39999999999999,10.1,2014-07-27,0,none,Synthetic negative example,No recorded landslide at this location on 2014-07-27
27.8835,96.9262,976.0,39.35204569756175,I-Af-Bd-2c,I,Arunachal Pradesh,India,IN,50.0,7.0,28.8,63.400000000000006,266.5,13.4,2012-07-04,0,none,Synthetic negative example,No recorded landslide at this location on 2012-07-04
27.8835,96.9262,976.0,39.35204569756175,I-Af-Bd-2c,I,Arunachal Pradesh,India,IN,50.0,29.9,59.1,102.8,277.4,29.9,2013-07-13,0,none,Synthetic negative example,No recorded landslide at this location on 2013-07-13
27.8835,96.9262,976.0,39.35204569756175,I-Af-Bd-2c,I,Arunachal Pradesh,India,IN,50.0,5.1,15.2,76.8,143.4,25.2,2015-07-26,0,none,Synthetic negative example,No recorded landslide at this location on 2015-07-26
26.3333,91.25,41.0,1.3878521111919373,Ao79-a,Ao,Assam,India,IN,50.0,1.2,8.1,21.0,95.3,8.2,2013-06-17,0,none,Synthetic negative example,No recorded landslide at this location on 2013-06-17
26.3333,91.25,41.0,1.3878521111919373,Ao79-a,Ao,Assam,India,IN,50.0,1.4,2.5,3.9,96.5,1.4,2023-06-04,0,none,Synthetic negative example,No recorded landslide at this location on 2023-06-04
26.3333,91.25,41.0,1.3878521111919373,Ao79-a,Ao,Assam,India,IN,50.0,10.7,19.5,94.0,226.1,29.5,2019-09-16,0,none,Synthetic negative example,No recorded landslide at this location on 2019-09-16
26.5836,93.0038,69.0,1.852254273911334,Af48-2ab,Af,Assam,India,IN,50.0,63.3,132.5,170.8,326.5,63.3,2014-09-20,0,none,Synthetic negative example,No recorded landslide at this location on 2014-09-20
26.5836,93.0038,69.0,1.852254273911334,Af48-2ab,Af,Assam,India,IN,50.0,27.5,70.1,155.6,177.3,31.3,2022-09-02,0,none,Synthetic negative example,No recorded landslide at this location on 2022-09-02
26.5836,93.0038,69.0,1.852254273911334,Af48-2ab,Af,Assam,India,IN,50.0,7.6,70.8,123.7,201.0,44.7,2021-06-02,0,none,Synthetic negative example,No recorded landslide at this location on 2021-06-02
27.163,94.0,93.0,2.0816688582685057,Be82-a,Be,Assam,India,IN,50.0,14.6,24.7,97.8,134.4,42.0,2020-09-27,0,none,Synthetic negative example,No recorded landslide at this location on 2020-09-27
27.163,94.0,93.0,2.0816688582685057,Be82-a,Be,Assam,India,IN,50.0,9.4,25.1,59.9,177.3,17.3,2021-07-16,0,none,Synthetic negative example,No recorded landslide at this location on 2021-07-16
27.163,94.0,93.0,2.0816688582685057,Be82-a,Be,Assam,India,IN,50.0,28.7,54.4,92.8,223.1,28.7,2019-06-27,0,none,Synthetic negative example,No recorded landslide at this location on 2019-06-27
26.1677,94.2442,774.0,12.19922578147437,Ao76-2/3c,Ao,Nagaland,India,IN,100.0,1.5,18.8,47.7,96.1,13.9,2022-08-25,0,none,Synthetic negative example,No recorded landslide at this location on 2022-08-25
26.1677,94.2442,774.0,12.19922578147437,Ao76-2/3c,Ao,Nagaland,India,IN,100.0,5.5,34.6,106.80000000000001,215.0,27.6,2016-08-11,0,none,Synthetic negative example,No recorded landslide at this location on 2016-08-11
26.1677,94.2442,774.0,12.19922578147437,Ao76-2/3c,Ao,Nagaland,India,IN,100.0,12.7,44.7,59.5,128.3,21.1,2021-07-10,0,none,Synthetic negative example,No recorded landslide at this location on 2021-07-10
25.5125,93.3613,317.0,8.604664913794034,Af47-2b,Af,Assam,India,IN,,0.3,13.899999999999999,39.1,86.0,17.0,2020-07-04,0,none,Synthetic negative example,No recorded landslide at this location on 2020-07-04
25.5125,93.3613,317.0,8.604664913794034,Af47-2b,Af,Assam,India,IN,,23.7,51.8,76.4,175.0,23.7,2011-08-24,0,none,Synthetic negative example,No recorded landslide at this location on 2011-08-24
25.5125,93.3613,317.0,8.604664913794034,Af47-2b,Af,Assam,India,IN,,12.9,13.5,27.200000000000003,56.8,13.3,2016-08-25,0,none,Synthetic negative example,No recorded landslide at this location on 2016-08-25
28.9205,95.3429,4053.0,30.316394624804257,I-Be-2c,I,Arunachal Pradesh,India,IN,,19.0,28.4,142.6,374.40000000000003,44.2,2015-06-05,0,none,Synthetic negative example,No recorded landslide at this location on 2015-06-05
28.9205,95.3429,4053.0,30.316394624804257,I-Be-2c,I,Arunachal Pradesh,India,IN,,55.4,109.5,177.4,316.3,55.4,2011-06-02,0,none,Synthetic negative example,No recorded landslide at this location on 2011-06-02
28.9205,95.3429,4053.0,30.316394624804257,I-Be-2c,I,Arunachal Pradesh,India,IN,,71.3,172.0,250.6,328.7,71.3,2015-08-19,0,none,Synthetic negative example,No recorded landslide at this location on 2015-08-19
26.1548,91.7351,56.0,1.852254273911334,Ao79-a,Ao,Assam,India,IN,,12.9,45.7,196.7,429.2,80.6,2011-07-27,0,none,Synthetic negative example,No recorded landslide at this location on 2011-07-27
26.1548,91.7351,56.0,1.852254273911334,Ao79-a,Ao,Assam,India,IN,,16.3,88.7,145.4,296.6,44.8,2016-07-18,0,none,Synthetic negative example,No recorded landslide at this location on 2016-07-18
26.1548,91.7351,56.0,1.852254273911334,Ao79-a,Ao,Assam,India,IN,,11.3,135.1,261.0,427.7,95.0,2011-07-25,0,none,Synthetic negative example,No recorded landslide at this location on 2011-07-25
27.8965,96.1779,207.0,9.350473782917254,Af48-2ab,Af,Arunachal Pradesh,India,IN,,11.9,37.8,143.29999999999998,279.5,50.8,2018-09-05,0,none,Synthetic negative example,No recorded landslide at this location on 2018-09-05
27.8965,96.1779,207.0,9.350473782917254,Af48-2ab,Af,Arunachal Pradesh,India,IN,,31.7,60.9,63.0,143.5,31.7,2018-06-12,0,none,Synthetic negative example,No recorded landslide at this location on 2018-06-12
27.8965,96.1779,207.0,9.350473782917254,Af48-2ab,Af,Arunachal Pradesh,India,IN,,25.8,35.7,39.2,103.3,25.8,2011-08-04,0,none,Synthetic negative example,No recorded landslide at this location on 2011-08-04
27.0011,93.7273,105.0,2.2754136063184394,Be82-a,Be,Arunachal Pradesh,India,IN,,1.3,64.2,249.6,306.5,78.2,2014-06-25,0,none,Synthetic negative example,No recorded landslide at this location on 2014-06-25
27.0011,93.7273,105.0,2.2754136063184394,Be82-a,Be,Arunachal Pradesh,India,IN,,9.5,35.4,104.1,212.1,27.8,2020-07-08,0,none,Synthetic negative example,No recorded landslide at this location on 2020-07-08
27.0011,93.7273,105.0,2.2754136063184394,Be82-a,Be,Arunachal Pradesh,India,IN,,18.1,36.800000000000004,140.1,246.5,38.9,2011-07-22,0,none,Synthetic negative example,No recorded landslide at this location on 2011-07-22
26.1978,91.7665,90.0,18.979049044864023,Ao79-a,Ao,Assam,India,IN,,23.6,60.699999999999996,176.79999999999998,390.9,54.8,2013-07-03,0,none,Synthetic negative example,No recorded landslide at this location on 2013-07-03
26.1978,91.7665,90.0,18.979049044864023,Ao79-a,Ao,Assam,India,IN,,24.9,26.4,94.5,234.1,39.4,2015-06-28,0,none,Synthetic negative example,No recorded landslide at this location on 2015-06-28
26.1978,91.7665,90.0,18.979049044864023,Ao79-a,Ao,Assam,India,IN,,1.1,12.3,117.8,282.3,64.5,2010-06-13,0,none,Synthetic negative example,No recorded landslide at this location on 2010-06-13
25.8376,94.5234,797.0,2.767591398229724,Ao76-2/3c,Ao,Nagaland,India,IN,,9.9,49.800000000000004,177.8,283.2,66.4,2023-08-10,0,none,Synthetic negative example,No recorded landslide at this location on 2023-08-10
25.8376,94.5234,797.0,2.767591398229724,Ao76-2/3c,Ao,Nagaland,India,IN,,7.9,24.700000000000003,64.0,162.8,22.2,2020-06-04,0,none,Synthetic negative example,No recorded landslide at this location on 2020-06-04
25.8376,94.5234,797.0,2.767591398229724,Ao76-2/3c,Ao,Nagaland,India,IN,,5.8,11.2,20.6,187.0,5.8,2012-06-10,0,none,Synthetic negative example,No recorded landslide at this location on 2012-06-10
26.0481,94.4619,865.0,29.6360306360278,Ao76-2/3c,Ao,Nagaland,India,IN,,4.5,16.1,40.6,86.9,8.9,2023-09-25,0,none,Synthetic negative example,No recorded landslide at this location on 2023-09-25
26.0481,94.4619,865.0,29.6360306360278,Ao76-2/3c,Ao,Nagaland,India,IN,,4.2,8.6,41.0,107.9,10.1,2020-06-09,0,none,Synthetic negative example,No recorded landslide at this location on 2020-06-09
26.0481,94.4619,865.0,29.6360306360278,Ao76-2/3c,Ao,Nagaland,India,IN,,1.5,17.2,222.4,368.2,100.9,2018-08-06,0,none,Synthetic negative example,No recorded landslide at this location on 2018-08-06
27.1614,93.7525,152.0,3.1207434178512083,Be82-a,Be,Arunachal Pradesh,India,IN,,0.0,13.899999999999999,32.1,35.3,12.0,2021-09-23,0,none,Synthetic negative example,No recorded landslide at this location on 2021-09-23
27.1614,93.7525,152.0,3.1207434178512083,Be82-a,Be,Arunachal Pradesh,India,IN,,4.9,34.2,74.9,204.9,16.4,2021-07-20,0,none,Synthetic negative example,No recorded landslide at this location on 2021-07-20
27.1614,93.7525,152.0,3.1207434178512083,Be82-a,Be,Arunachal Pradesh,India,IN,,3.3,5.6,11.8,109.2,3.3,2011-09-01,0,none,Synthetic negative example,No recorded landslide at this location on 2011-09-01
25.5576,91.8506,1682.0,4.807840935153697,Ao74-2b,Ao,Meghalaya,India,IN,,42.6,132.5,205.2,295.0,61.3,2017-07-04,0,none,Synthetic negative example,No recorded landslide at this location on 2017-07-04
25.5576,91.8506,1682.0,4.807840935153697,Ao74-2b,Ao,Meghalaya,India,IN,,94.0,223.4,367.9,538.0,95.4,2010-06-26,0,none,Synthetic negative example,No recorded landslide at this location on 2010-06-26
25.5576,91.8506,1682.0,4.807840935153697,Ao74-2b,Ao,Meghalaya,India,IN,,33.5,97.9,151.2,191.9,34.6,2016-06-11,0,none,Synthetic negative example,No recorded landslide at this location on 2016-06-11
26.1619,91.7697,55.0,1.852254273911334,Af48-2ab,Af,Assam,India,IN,,6.3,52.2,106.6,275.9,23.6,2023-07-04,0,none,Synthetic negative example,No recorded landslide at this location on 2023-07-04
26.1619,91.7697,55.0,1.852254273911334,Af48-2ab,Af,Assam,India,IN,,6.7,21.900000000000002,74.7,228.5,20.7,2013-06-04,0,none,Synthetic negative example,No recorded landslide at this location on 2013-06-04
26.1619,91.7697,55.0,1.852254273911334,Af48-2ab,Af,Assam,India,IN,,0.5,1.8,65.6,109.2,45.0,2019-08-21,0,none,Synthetic negative example,No recorded landslide at this location on 2019-08-21
28.1737,94.7596,568.0,22.113876912814764,Ao80-2bc,Ao,Arunachal Pradesh,India,IN,,1.9,4.1,213.7,542.5,92.6,2012-09-28,0,none,Synthetic negative example,No recorded landslide at this location on 2012-09-28
28.1737,94.7596,568.0,22.113876912814764,Ao80-2bc,Ao,Arunachal Pradesh,India,IN,,18.8,44.2,163.6,377.6,94.4,2021-06-13,0,none,Synthetic negative example,No recorded landslide at this location on 2021-06-13
28.1737,94.7596,568.0,22.113876912814764,Ao80-2bc,Ao,Arunachal Pradesh,India,IN,,10.9,37.6,209.5,410.7,77.4,2014-08-20,0,none,Synthetic negative example,No recorded landslide at this location on 2014-08-20
25.5498,92.0757,1269.0,24.802602340897124,Ao74-2b,Ao,Meghalaya,India,IN,,7.9,17.6,71.2,210.20000000000002,17.5,2010-07-28,0,none,Synthetic negative example,No recorded landslide at this location on 2010-07-28
25.5498,92.0757,1269.0,24.802602340897124,Ao74-2b,Ao,Meghalaya,India,IN,,4.9,7.6000000000000005,14.6,43.0,4.9,2020-08-14,0,none,Synthetic negative example,No recorded landslide at this location on 2020-08-14
25.5498,92.0757,1269.0,24.802602340897124,Ao74-2b,Ao,Meghalaya,India,IN,,9.2,25.7,42.2,135.9,9.2,2014-08-03,0,none,Synthetic negative example,No recorded landslide at this location on 2014-08-03
25.2946,92.8339,885.0,17.07308516773084,Ao74-2b,Ao,Assam,India,IN,,15.7,46.8,91.3,140.0,35.4,2019-07-07,0,none,Synthetic negative example,No recorded landslide at this location on 2019-07-07
25.2946,92.8339,885.0,17.07308516773084,Ao74-2b,Ao,Assam,India,IN,,1.3,4.4,128.70000000000002,148.1,109.7,2019-08-21,0,none,Synthetic negative example,No recorded landslide at this location on 2019-08-21
25.2946,92.8339,885.0,17.07308516773084,Ao74-2b,Ao,Assam,India,IN,,4.4,54.8,98.9,226.6,28.7,2011-08-17,0,none,Synthetic negative example,No recorded landslide at this location on 2011-08-17
24.6596,93.9784,772.0,3.8377078345156304,Gh12-2a,Gh,Manipur,India,IN,,11.5,26.0,58.6,95.6,14.7,2023-08-07,0,none,Synthetic negative example,No recorded landslide at this location on 2023-08-07
24.6596,93.9784,772.0,3.8377078345156304,Gh12-2a,Gh,Manipur,India,IN,,1.8,2.1,13.8,56.0,8.8,2014-07-10,0,none,Synthetic negative example,No recorded landslide at this location on 2014-07-10
24.6596,93.9784,772.0,3.8377078345156304,Gh12-2a,Gh,Manipur,India,IN,,1.1,3.2,51.2,195.29999999999998,18.4,2010-08-09,0,none,Synthetic negative example,No recorded landslide at this location on 2010-08-09
28.8254,96.1509,3640.0,29.62275080740819,I-Af-Bd-2c,I,Arunachal Pradesh,India,IN,,12.5,28.5,111.3,242.2,35.9,2018-08-07,0,none,Synthetic negative example,No recorded landslide at this location on 2018-08-07
28.8254,96.1509,3640.0,29.62275080740819,I-Af-Bd-2c,I,Arunachal Pradesh,India,IN,,6.6,25.3,121.9,189.5,28.1,2010-07-14,0,none,Synthetic negative example,No recorded landslide at this location on 2010-07-14
28.8254,96.1509,3640.0,29.62275080740819,I-Af-Bd-2c,I,Arunachal Pradesh,India,IN,,50.5,74.1,88.4,135.4,50.5,2016-09-01,0,none,Synthetic negative example,No recorded landslide at this location on 2016-09-01
28.3036,95.4112,1828.0,39.11774685252796,Ao80-2bc,Ao,Arunachal Pradesh,India,IN,,46.0,56.3,118.2,231.79999999999998,46.0,2023-07-11,0,none,Synthetic negative example,No recorded landslide at this location on 2023-07-11
28.3036,95.4112,1828.0,39.11774685252796,Ao80-2bc,Ao,Arunachal Pradesh,India,IN,,49.5,146.9,310.0,703.2,94.5,2012-06-15,0,none,Synthetic negative example,No recorded landslide at this location on 2012-06-15
28.3036,95.4112,1828.0,39.11774685252796,Ao80-2bc,Ao,Arunachal Pradesh,India,IN,,59.0,223.7,320.4,504.5,115.0,2012-07-13,0,none,Synthetic negative example,No recorded landslide at this location on 2012-07-13
25.5144,90.2167,316.0,13.589593958391731,Nd2-2b,Nd,Meghalaya,India,IN,,3.1,24.6,161.8,228.0,79.3,2017-06-17,0,none,Synthetic negative example,No recorded landslide at this location on 2017-06-17
25.5144,90.2167,316.0,13.589593958391731,Nd2-2b,Nd,Meghalaya,India,IN,,16.6,41.7,59.2,326.3,16.6,2019-07-23,0,none,Synthetic negative example,No recorded landslide at this location on 2019-07-23
25.5144,90.2167,316.0,13.589593958391731,Nd2-2b,Nd,Meghalaya,India,IN,,6.2,12.5,45.1,124.8,23.9,2013-08-25,0,none,Synthetic negative example,No recorded landslide at this location on 2013-08-25
25.52,91.27,1346.0,10.988566845299832,Ao75-2b,Ao,Meghalaya,India,IN,,37.2,112.10000000000001,123.4,132.9,56.7,2023-06-11,0,none,Synthetic negative example,No recorded landslide at this location on 2023-06-11
25.52,91.27,1346.0,10.988566845299832,Ao75-2b,Ao,Meghalaya,India,IN,,4.5,10.3,97.3,546.4,36.1,2015-09-09,0,none,Synthetic negative example,No recorded landslide at this location on 2015-09-09
25.52,91.27,1346.0,10.988566845299832,Ao75-2b,Ao,Meghalaya,India,IN,,2.9,5.1,65.3,111.0,43.6,2021-09-27,0,none,Synthetic negative example,No recorded landslide at this location on 2021-09-27
26.1964,91.7652,79.0,12.910612429743768,Ao79-a,Ao,Assam,India,IN,,7.6,78.10000000000001,131.6,184.0,68.7,2017-06-15,0,none,Synthetic negative example,No recorded landslide at this location on 2017-06-15
26.1964,91.7652,79.0,12.910612429743768,Ao79-a,Ao,Assam,India,IN,,7.7,49.900000000000006,133.1,291.1,32.0,2012-07-11,0,none,Synthetic negative example,No recorded landslide at this location on 2012-07-11
26.1964,91.7652,79.0,12.910612429743768,Ao79-a,Ao,Assam,India,IN,,1.5,1.9,84.60000000000001,248.6,33.2,2010-07-09,0,none,Synthetic negative example,No recorded landslide at this location on 2010-07-09
25.83,94.13,1014.0,8.821089630664796,Ao76-2/3c,Ao,Nagaland,India,IN,,22.6,88.30000000000001,157.5,214.0,45.6,2012-07-10,0,none,Synthetic negative example,No recorded landslide at this location on 2012-07-10
25.83,94.13,1014.0,8.821089630664796,Ao76-2/3c,Ao,Nagaland,India,IN,,24.6,39.1,109.10000000000001,149.3,26.0,2012-06-21,0,none,Synthetic negative example,No recorded landslide at this location on 2012-06-21
25.83,94.13,1014.0,8.821089630664796,Ao76-2/3c,Ao,Nagaland,India,IN,,0.1,2.5,14.5,42.7,9.5,2019-09-04,0,none,Synthetic negative example,No recorded landslide at this location on 2019-09-04
24.7992,93.948,780.0,2.7545823875732576,Ao76-2/3c,Ao,Manipur,India,IN,,2.0,31.2,47.4,105.9,27.8,2010-08-15,0,none,Synthetic negative example,No recorded landslide at this location on 2010-08-15
24.7992,93.948,780.0,2.7545823875732576,Ao76-2/3c,Ao,Manipur,India,IN,,2.0,3.7,9.2,112.7,4.6,2019-07-22,0,none,Synthetic negative example,No recorded landslide at this location on 2019-07-22
24.7992,93.948,780.0,2.7545823875732576,Ao76-2/3c,Ao,Manipur,India,IN,,0.3,2.3,25.2,77.0,10.9,2015-08-15,0,none,Synthetic negative example,No recorded landslide at this location on 2015-08-15
25.8143,90.5763,59.0,2.2560210150566906,Nd2-2b,Nd,Meghalaya,India,IN,,13.3,35.7,41.5,117.7,13.3,2014-06-08,0,none,Synthetic negative example,No recorded landslide at this location on 2014-06-08
25.8143,90.5763,59.0,2.2560210150566906,Nd2-2b,Nd,Meghalaya,India,IN,,24.8,39.9,77.0,122.3,33.3,2020-09-07,0,none,Synthetic negative example,No recorded landslide at this location on 2020-09-07
25.8143,90.5763,59.0,2.2560210150566906,Nd2-2b,Nd,Meghalaya,India,IN,,5.2,232.9,261.2,338.7,168.6,2017-08-13,0,none,Synthetic negative example,No recorded landslide at this location on 2017-08-13
