source_name,source_link,event_id,event_date,event_title,event_description,location_description,landslide_category,landslide_trigger,landslide_size,landslide_setting,fatality_count,injury_count,country_name,country_code,admin_division_name,admin_division_population,gazeteer_closest_point,gazeteer_distance,longitude,latitude,rainfall_1d,rainfall_3d,rainfall_7d,rainfall_14d,max_rainfall_7d,elevation_m,slope_deg,location_accuracy_km,is_rain_triggered,landslide_size_encoded,FAOSOIL,DOMSOI
morungexpress,http://www.morungexpress.com/local/56264.html,2587,2010-10-10 06:00:00,"Lower Chandmari area, PWD department, Kohima, Manipur","Today, a government quarter belonging to PWD department and three private houses in Lower Chandmari area, Kohima started to sink around 6 am. Informing the media, a concerned citizen, Temjentiba, stated “I want to make the concerned authority aware of the damage and arrange necessary measures to help the effected victims who are like you and me. As a responsible citizen I’m sharing this with the rest of the people.” It was estimated that altogether, four houses were completely sunk and damages estimated to be worth 40 to 50 lakhs of rupees.","Lower Chandmari area, PWD department, Kohima, Manipur",landslide,downpour,medium,unknown,0.0,0.0,India,IN,Nagaland,92113.0,Kohima,1.4225,94.1072,25.6623,0.87,76.09,120.34,131.06,52.1,1382.0,9.350342558119696,1.0,True,2.0,Ao76-2/3c,Ao
The Shillong Times,http://www.theshillongtimes.com/2015/06/17/entire-family-among-5-dead-in-tura-landslides/,6969,2015-06-16 06:15:00,"Nakham Bazaar, Tura, Meghalaya",Huge tons of mud and boulders came crashing down from the above cliffs completely destroying the home.,"Nakham Bazaar, Tura, Meghalaya",landslide,downpour,medium,urban,4.0,0.0,India,IN,Meghalaya,63645.0,Tura,1.30159,90.215,25.5114,27.16,62.64,230.34,245.52,61.76,306.0,8.213794389737659,1.0,True,2.0,Nd2-2b,Nd
e-pao.net,http://e-pao.net/GP.asp?src=Snipp8..080911.sep11,3965,2011-09-06 08:00:00,NH 37 at Awang Khul,A massive landslide along the NH 37 at Awang Khul has cut off Imphal and Jiribam,NH 37 at Awang Khul,landslide,rain,medium,unknown,3.0,0.0,India,IN,Assam,12871.0,Lakhipur,11.03875,93.117,24.808,22.29,30.58,45.24,61.51,22.29,39.0,5.900698486822301,1.0,True,2.0,Gd25-2a,Gd
gsi.gov,"http://www.portal.gsi.gov.in/portal/page?_pageid=127,875814&_dad=portal&_schema=PORTAL",2205,2010-08-06 00:00:00,"Dawrpui Vengthar cemetary, Aizwal, Mizoram","As per PTI report a massive landslide triggered by heavy rains on 6th August 2010 at the cemetery of Dawrpui Vengthar locality, Aizwal has swept away number of tombs.","Dawrpui Vengthar cemetary, Aizwal, Mizoram",landslide,downpour,medium,unknown,0.0,0.0,India,IN,Mizoram,265331.0,Aizawl,0.90276,92.7146,23.7365,0.38,16.06,42.25,101.53,15.24,1024.0,35.93984192404095,1.0,True,2.0,Bd61-2c,Bd
www.indiatvnews.com,http://www.indiatvnews.com/news/india/sikkim-landslide-army-rescues-tourists-stranded-near-nathu-la-24315.html,4990,2013-06-27 23:00:00,"Near Changu Lake, 15Km Away From Nathu La, On India-China Border In Eastern Sikkim","The Mountain Black Cat Division of the Indian Army has rescued 230 tourists last night when they were stranded near Changu Lake (13300 ft height) , 15 km away from Nathu La, on India-China border in eastern Sikkim. Heavy rain and landslides in this area has cut off traffic. The nearest regiment of army jawans noticed nearly 47 vehicles carrying tourists who were stranded at night.","Near Changu Lake, 15Km Away From Nathu La, On India-China Border In Eastern Sikkim",landslide,downpour,medium,unknown,0.0,0.0,India,IN,Sikkim,30700.0,Gangtok,15.93151,88.7628,27.3765,10.5,37.88,89.33,108.19,20.53,3756.0,12.964867886244122,1.0,True,2.0,I-Bh-U-c,I
Mizoram Express,http://mizoramexpress.com/index.php/2010/09/mizoram-landslides-kill-one-woman/,2422,2010-09-13 00:00:00,"Hunthar Veng, Mizoram","In Hunthar Veng, the kitchen side of H. Lalchhanhima’s house was damaged by a landslide while the road to Kanan Veng was blocked by a landslide. ","Hunthar Veng, Mizoram",landslide,downpour,medium,urban,0.0,0.0,India,IN,Mizoram,20244.0,Serchhīp,8.59507,92.7141905,23.74182634,9.93,17.18,36.45,64.21,9.93,930.0,14.76547201733368,1.0,True,2.0,Bd61-2c,Bd
E-Pao,http://www.e-pao.net/GP.asp?src=Snipp1..260716.jul16,9186,2016-07-25 12:30:00,"Imphal-Dimapur road  in Tadubi, Senapati district, Manipur, India","Continuous downpour in the past three days led to a massive mudslide along Imphal-Dimapur road (NH-2) and destroyed 6 stalls constructed at the heart of Tadubi town at around 12.30pm today, reports NNN.  An 81 year old woman identified as S Koshuni, who was in one of the shops miraculously escaped with minor injuries.","Imphal-Dimapur road  in Tadubi, Senapati district, Manipur, India",landslide,continuous_rain,medium,above_road,0.0,1.0,India,IN,Manipur,92113.0,Kohima,21.74404,94.1383,25.48,18.3,31.65,48.82,130.34,18.3,1699.0,16.072160878428527,1.0,True,2.0,Ao76-2/3c,Ao
Mizoram Express,http://mizoramexpress.com/index.php/2010/09/mizoram-landslides-kill-one-woman/,2420,2010-09-13 00:00:00,"Tuikual 'C', Aizawl, Mizoram","Landslide triggered by heavy rain in Tuikual ‘C’ on Monday killed a woman, R. Laltanpuii.  According to Aizawl Police sources, the landslide buried the woman while she was collecting water with her friend. Luckily, her friend who was nearby her escaped unhurt.  The dead body was handed over to her relatives after post mortem examination in Aizawl Civil Hospital. ","Tuikual 'C', Aizawl, Mizoram",landslide,downpour,medium,urban,1.0,0.0,India,IN,Mizoram,20244.0,Serchhīp,8.59507,92.71495623,23.72988966,9.93,17.18,36.45,64.21,9.93,980.0,23.342694612103696,1.0,True,2.0,Bd61-2c,Bd
articles.timesofindia,http://articles.timesofindia.indiatimes.com/2012-09-19/guwahati/33951873_1_landslides-road-communication-water-tank,4570,2012-09-19 00:00:00, Arunachal Pradesh ,"Landslides blocked the main road culvert (PWD) near the beat office causing soil erosion from lower portion of the compound. Beat officer Bapak Koyu said if such rain continues, government quarters and office buildings may get washed away. He added that the staff, along with office files and documents, have been shifted to a safe place for the time being. Stating that the matter has been intimated to the higher authorities, Koyu urged for hiring one JCB immediately to divert the nullah passing through the forest compound.", Arunachal Pradesh ,landslide,downpour,medium,unknown,0.0,0.0,India,IN,Arunachal Pradesh,25581.0,Pāsighāt,26.39832,95.2253,27.8458,62.91,108.4,203.85,348.6,62.91,131.0,0.926369172997235,1.0,True,2.0,Ao79-a,Ao
Assam Times,http://www.assamtimes.org/node/15150,8339,2015-09-23 00:00:00,Kamakhya Temple,Surface communication remains heavily disrupted atop the Nilachal Hill when a huge rock collapsed on the road leading to the historic Kamakhya temple on Wednesday.It took several hours for PWD and forest officials to clear the road after the rock along with uprooted trees blocked a portion of the hillside road in the morning. There is no report of casualty. Local residents fear the repeat of more landslide in view of the non stopped rains during the last 48 hours. The authority have asked the residents in the hillock to come down to the safe places to avoid further disaster.Tourists from the far flung areas have been remaining stranded on way to the historic Kamakhya temple from early in the morning.,Kamakhya Temple,landslide,continuous_rain,medium,above_road,0.0,0.0,India,IN,Assam,17516.0,North Guwāhāti,3.77975,91.7042,26.1666,61.13,106.92,116.73,186.09,61.13,235.0,17.151823509523624,1.0,True,2.0,Ao79-a,Ao
Assam Tribune,http://www.assamtribune.com/scripts/detailsnew.asp?id=sep2414/at051,6283,2014-09-22 00:00:00,Dakhingaon,"Flash flood and landslides continued to cause devastation in Guwahati for the second day today with the death toll due to landslip rising to four. Two persons died in two separate incidents of landslides in Lalmati and Dakhingaon, whereas a woman was injured in another landslide incident at Batahghuli.",Dakhingaon,landslide,rain,small,unknown,0.0,0.0,India,IN,Assam,2000.0,Dispur,4.61338,91.7548,26.1314,126.76,191.59,231.7,266.59,126.76,74.0,7.148839105606214,1.0,True,1.0,Nd2-2b,Nd
Sciency Thoughts,http://sciencythoughts.blogspot.com/2014/05/seven-members-of-one-family-killed-by.html,6016,2014-05-09 23:00:00,"Satgarakul Village, Karimganj, Assam State","Seven members of a single family have been killed by a landslide that struck their home in the village of Satkoragool in the Karimganj District of Assam State, India, overnight between Friday 9 May and Saturday 10 May/2014. Nobody witnessed the incident, which occurred during heavy rain, but neighbours found that part of a hillside had collapsed onto the home, burying it under a debris heap of mud rocks and trees. The bodies of Lubub Uddin (45), his wife Saina Begam (35). and their five children, aged between two and eleven were all recovered from the site.","Satgarakul Village, Karimganj, Assam State",landslide,rain,small,unknown,7.0,0.0,India,IN,Assam,55290.0,Karīmganj,0.3326,92.3576,24.8669,43.71,124.37,171.03,215.65,44.97,20.0,2.0413777681804106,1.0,True,1.0,Ge53-3a,Ge
Mizoram Express,http://mizoramexpress.com/index.php/2010/09/mizoram-landslides-kill-one-woman/,2421,2010-09-13 09:00:00,"road to Muanna Godown, Zuangtui, Mizoram",The heavy rain also caused landslides in several places blocking the road. The approach road to Muanna Godown in Zuangtui was blocked by a landslide since this morning.  It is expected to be restored this evening. ,"road to Muanna Godown, Zuangtui, Mizoram",landslide,downpour,medium,above_road,0.0,0.0,India,IN,Mizoram,20244.0,Serchhīp,8.59507,92.74128531,23.75406693,11.41,19.1,46.34,93.87,11.41,959.0,22.717560039379222,1.0,True,2.0,Bd61-2c,Bd
indiablooms,http://www.indiablooms.com/EnvironmentDetailsPage/environmentDetails190810a.php,2282,2010-08-19 06:30:00,"Tuensang-Kohima rd, 3 km outside Tuensang, Nagaland","Even in Tuensang town, a couple of roads have to be cleared daily due to mudslides. On Thursday morning, the Kohima-bound NST bus left Tuensang station around 9.30 am, three hours behind schedule due to mudslides near GREF camp, some 3km from the station.   People cross a portion of the landslide area, along the National Highway 39, below Kohima, on Saturday, August 21, 2010. The calamities which affect the National Highway 39 started from August 7 after continuous heavy rainfall in the hilly state of Nagaland.","Tuensang-Kohima rd, 3 km outside Tuensang, Nagaland",landslide,downpour,medium,unknown,0.0,0.0,India,IN,Nagaland,33748.0,Tuensang,7.65096,94.8158,26.1984,13.74,29.82,94.99,131.16,26.51,1884.0,32.421818019787125,1.0,True,2.0,Ao76-2/3c,Ao
Indian Express,http://indianexpress.com/article/india/india-news-india/at-least-10-killed-in-landslides-in-assam-rescue-operations-underway-2806810/,9335,2016-05-18 08:00:00,"Bilaipur, Hailakandi district, Assam, India","One of two landslides in Bilaipur triggered by the same rainfall event. Ten people were killed in landslides in Karimganj and Hailakandi districts in Barak Valley in Assam on Wednesday following incessant rains. In neighbouring Hailakandi district, two incidents of landslide killed four persons at Bilaipur and a six-year old boy at Ramchandi area, police officials said. The debris fell on two houses where the victims were sleeping early in the morning, they said. NDRF and police have been engaged in rescue and relief operations.","Bilaipur, Hailakandi district, Assam, India",landslide,continuous_rain,unknown,unknown,2.0,0.0,India,IN,Assam,10942.0,Lāla,11.569,92.7239,24.5202,75.63,179.71,267.55,301.52,75.63,40.0,0.0,1.0,True,,Gd25-2a,Gd
www.nagalandpost.com,http://www.nagalandpost.com/ChannelNews/State/StateNews.aspx?news=TkVXUzEwMDA0MDQ4MQ%3D%3D-gEvw8J4DIOI%3D,5006,2013-07-01 00:00:00,"Thillong Village, Doyang Along State Highway 1, Wokha To Merapani Road","Meanwhile, a massive landslide occurred at Thillong Village, Doyang along the state highway 1, Wokha to Merapani road. Chairman, Thillong Village Council, Wokha, Samuel, Y. Patton in a press release stated five residential buildings have been destroyed and human lives are put at stake if immediate steps are not initiated to clear this landslide.","Thillong Village, Doyang Along State Highway 1, Wokha To Merapani Road",landslide,downpour,medium,unknown,0.0,0.0,India,IN,Nagaland,54010.0,Wokha,12.97304,94.3864,26.1147,9.11,27.57,97.88,139.57,28.08,350.0,5.226876247386835,1.0,True,2.0,Ao76-2/3c,Ao
twocircles.net,http://twocircles.net/2012jun22/landslide_kills_three_assam.html,4424,2012-06-20 00:00:00,"Lalunggaon, Guwahati,  Assam","A man and his two minor sons were killed after their house here collapsed following a landslide Friday, police said. The accident took place in Lalunggaon area.Police said that incessant rains in the area since Thursday evening led to the landslide. ","Lalunggaon, Guwahati,  Assam",landslide,downpour,medium,unknown,0.0,0.0,India,IN,Assam,899094.0,Guwahati,4.06526,91.7351,26.149,32.69,36.57,116.35,187.68,50.7,52.0,1.852254273911334,1.0,True,2.0,Ao79-a,Ao
Nagaland Post,https://issuu.com/nagalandpost90/docs/july_13__2016,8930,2016-07-11 23:00:00,"North Point Colony, Akuluto, Nagaland, India","A massive landslide occurred at North Point Colony, Akuluto on July 11 at around 11p.m. According an official bulletin, SDO (civil) Akuluto, Kikumsangla Jamir, who visited the affected area, said five houses were damaged badly and the road leading to colony was also blocked.  Local residents and personnel of 8th NAP, B Coy helped in clearing the road and also the affected families.","North Point Colony, Akuluto, Nagaland, India",landslide,unknown,large,unknown,0.0,0.0,India,IN,Nagaland,34021.0,Mokokchūng,17.35373,94.4922,26.1699,8.39,28.43,66.58,162.44,16.82,1161.0,42.54038516410769,1.0,False,3.0,Ao76-2/3c,Ao
Nagaland Post,http://nagalandpost.com/ChannelNews/State/StateNews.aspx?news=TkVXUzEwMDEwMDI0Mw%3D%3D,9251,2016-07-28 23:00:00,"Government Middle School (GMS) Kiphire station “B”, Kiphire, Nagaland, India","Owing to heavy downpour in Kiphire, a retaining wall and water tank collapsed and destroyed the classrooms of Government Middle School (GMS) Kiphire station “B” on the night of July 28. According to the head teacher GMS Kiphire station “B” Lisecho Sangtam, class 6 and 7 classrooms have been completely damaged for which classes could not be held.  Sangtam has also informed that until the building was renovated classes would not resume. He also appealed the school education department to urgently look into the matter as students cannot attend schools if necessary action was not taken. Meanwhile, district administration and School education department Kiphire visited the school.","Government Middle School (GMS) Kiphire station “B”, Kiphire, Nagaland, India",landslide,downpour,medium,retaining_wall,0.0,0.0,India,IN,Nagaland,29499.0,Zunheboto,28.86795,94.7844,25.8702,28.36,51.51,114.4,171.55,28.36,1140.0,7.675353195263384,1.0,True,2.0,Ao76-2/3c,Ao
Business Standard,http://www.business-standard.com/article/pti-stories/landslides-in-arunachal-district-no-loss-of-life-116050200846_1.html,9404,2016-05-01 00:00:00,"Hayuliang, Anjaw district,Arunachal Pradesh, India",Landslide triggered by heavy rains have cut off road communication to Hayuliang in remote Anjaw district of Arunachal Pradesh but there was no report of any loss of life.   Heavy rains have lashed Anjaw for the past 26 days and official sources said Hayuliang has remained cut off since yesterday.,"Hayuliang, Anjaw district,Arunachal Pradesh, India",landslide,downpour,medium,above_road,0.0,0.0,India,IN,Arunachal Pradesh,1834.0,Hayuliang,1.5198,96.5316,28.0822,6.31,22.57,39.76,175.28,13.47,582.0,31.735828847521173,1.0,True,2.0,I-Af-Bd-2c,I
indianexpress,http://www.indianexpress.com/news/Landslides-cut-off-N-E/695456,2579,2010-10-09 00:00:00,"Lower Pezielietsie(Tinpati), Kohima, Manipur","Landslides caused by heavy rain damaged several houses and shops in Lower Pezielietsie in Kohima Saturday, rendering several families homeless. A Maruti van was washed away and damaged after it was buried in the debris, reports from Kohima said. ","Lower Pezielietsie(Tinpati), Kohima, Manipur",landslide,downpour,medium,unknown,0.0,0.0,India,IN,Nagaland,92113.0,Kohima,0.88008,94.1076,25.682,23.12,99.99,119.47,142.62,52.1,1439.0,4.9508487656938565,1.0,True,2.0,Ao76-2/3c,Ao
E-Pao,http://e-pao.net/GP.asp?src=34..200615.jun15,6945,2015-06-19 00:00:00,"amei to Kangpokpi via Imphal road, 0.5 km from Tamei, Tamenglang District",Tamei to Kangpokpi via Imphal road remained cut off for the last few days due to huge landslides near a diesel oil pump located some half a kilometer from Tamei Headquarters.  Contractor engaged under NEC road construction at Tamei has been clearing the site for two days,"amei to Kangpokpi via Imphal road, 0.5 km from Tamei, Tamenglang District",landslide,monsoon,medium,above_road,0.0,0.0,India,IN,Manipur,223523.0,Imphal,46.89414,93.686,25.16,1.74,5.62,28.44,103.94,8.69,1016.0,36.10655674778545,1.0,True,2.0,Bh16-2/3c,Bh
assamtribune,http://www.assamtribune.com/scripts/detailsnew.asp?id=apr2110/at06,1770,2010-04-20 00:00:00,"Kharghuli, Guwahati, Assam","GUWAHATI, April 20 – Civic woes of Guwahatians is continuing to unfold its murkier side with incessant downpour today forcing district administration to engage National Disaster Response Force (NDRF) to facilitate movement of residents of low-lying areas at the heart of the capital city.   The incessant rains also led to landslide in the hilly areas of the city, including at Kharghuli hillside and the hills adjoining the Raj Bhavan.","Kharghuli, Guwahati, Assam",landslide,downpour,medium,unknown,0.0,0.0,India,IN,Assam,899094.0,Guwahati,2.18012,91.763,26.1965,33.21,123.36,189.67,209.12,61.16,93.0,2.7771727466475022,1.0,True,2.0,Ao79-a,Ao
english.peopledaily,http://english.peopledaily.com.cn/90001/90777/90852/6938742.html,1613,2010-04-02 23:00:00,"Koloriang, Kuring Kumey district, Arunachal Pradesh","At least seven persons, including four children, were buried alive after torrential rains triggered landslides caved in their dwelling house at Koloriang, the headquarters of remote Kurung Kumey district in Arunachal Pradesh, last night.  The disaster occurred at around 11 pm when all the victims were under sleep after having the night’s meal. The velocity of the landslide was so strong that it completely collapsed the occupants’ bamboo-made house within no time, killing all seven persons on the spot. Two other people, who were sleeping outside the ill-fated house, escaped unhurt, informed the Kurung Kumey district SP, A Tamut.  Kurung Kumey, along with other parts of Arunachal, has been experiencing heavy showers for the past one week, paralyzing the normal life  of the people of this air-fed hilly station.","Koloriang, Kuring Kumey district, Arunachal Pradesh",mudslide,downpour,large,unknown,12.0,0.0,India,IN,Arunachal Pradesh,13893.0,Ziro,58.84724,93.3497,27.8997,6.29,18.64,40.38,76.9,8.99,867.0,6.540767028653907,1.0,True,3.0,Ao80-2bc,Ao
Indian Express,http://indianexpress.com/article/india/india-news-india/separate-landslides-kill-two-in-assam-2913748/,8996,2016-07-14 00:00:00,"Pub Sarania hill, South Sarania, Guwahati, Assam, India","Trigger is likely monsoon rains because the incident occurred during monsoon season.  Two persons, including a girl, were killed in landslides in Assam on Thursday. An octogenarian was killed when a sudden landslide buried his house at Pub Sarania hill, district deputy commissioner M Angamathu said.","Pub Sarania hill, South Sarania, Guwahati, Assam, India",landslide,monsoon,small,natural_slope,1.0,0.0,India,IN,Assam,899094.0,Guwahati,2.58336,91.7702,26.1768,7.89,16.48,48.2,189.46,11.26,83.0,30.11204693140904,1.0,True,1.0,Ao79-a,Ao
www.nagalandpost.com,http://www.nagalandpost.com/ChannelNews/State/StateNews.aspx?news=TkVXUzEwMDA0MjY4Nw%3D%3D-bSp8jh3okxw%3D,5272,2013-08-04 00:00:00,"Longsa, Nagaland","Incessant torrential rain, which began Sunday at around 11.30 p.m. has completely cut off Suruhuto town from the rest of the state. In a press release, NGZPMC joint secretary Hotoshe Sema said all three links connecting Zunheboto, Mokokchung and Tuensang have been cut off. Road to Zunheboto has been  blocked in 5-6 places and Mokokchung road has been blocked in two places near Zhekuto and Longsa. The valleys of Nanga (Dikhu), Phizo and Tizu, known as rice bowls of Suruhuto Area has been damaged by floods and landslides. Many terrace fields and canals have been washed away by flood. A team of Nanga (Dikhu) Greener Zone Project Management Committee (NGZPMC) who were on GPS mapping of Community Conserved Area (CCA) has been stranded at Nanga valley owing to flood. Log bridges connecting Phuye New/Old and Suruhuto/Surumi/Aichi Saghemi villages have been washed away. Travelers from Tuensang to Kohima/Dimapur via Suruhuto-Coco shortcut road have been requested to take the via Mokokchung rout","Longsa, Nagaland",landslide,monsoon,medium,unknown,0.0,0.0,India,IN,Nagaland,34021.0,Mokokchūng,13.15534,94.5438,26.2083,5.78,14.93,47.43,91.56,17.14,1477.0,7.149705606575251,1.0,True,2.0,Ao76-2/3c,Ao
Hindu,http://www.thehindu.com/news/states/other-states/article2276615.ece,3805,2011-07-19 00:00:00,200 meters from Teesta Bridge towards Siliguri,"The ongoing monsoons have once again started to take its toll along NH-31A, with various places along the West Bengal-Sikkim highway being blocked because of landslides, police said.  After closing down the highway for over 12 hours at Rambi in the West Bengal side on June 17, the rains have once again disrupted traffic along the highway since Tuesday.  “The highway is blocked at a place around 200 meters from Teesta Bridge towards Siliguri. The spot which is near the Shiv Mandir at the infamous Likhey Bhir is informed to have lost a section of the road due to heavy rains,” Janmukti Chalak Mahasangh’s (JCM) president Milan Pradhan said.  The section of the road broke down at around mid-night on Tuesday after which traffic came to a standstill with vehicles on either side returning back to their destinations or taking alternative routes via Darjeeling, Kurseong or Mirik, police said.  Drivers are also taking the route via Kalimpong-Lava-Gurubathan and Damdim and entering Siliguri throug",200 meters from Teesta Bridge towards Siliguri,landslide,rain,medium,above_road,0.0,0.0,India,IN,Sikkim,3596.0,Jorethang,4.44389,88.42572376,27.05374234,36.35,54.71,109.87,198.02,36.35,229.0,28.07860733151429,1.0,True,2.0,Rd29-1a,Rd
The Hindu,http://www.thehindu.com/news/national/many-killed-in-arunachal-landslip/article8798739.ece,8237,2016-07-01 00:00:00,"Old Inspection Bungalow, Bhalukpong town, West Kameng, Arunachal Pradesh, India","At least five persons, including two women, were killed on Friday, while five others remained missing in a landslip that buried several houses in Arunachal Pradesh’s West Kameng district, which is being lashed by torrential rain.  The landslip occurred when a small hillock near the Old Inspection Bungalow caved in and buried several houses in Bhalukpong town, West Kameng district Superintendent of Police A. Koan said. While five bodies were retrieved from the debris, five others were still missing as rescue operation had to be suspended due to darkness.  Three rescued  The SP, who is camping at Bhalukpong to supervise rescue operations, said torrential rain in the past couple of days have triggered flood-like situation in the town bordering Assam.         Three persons have been rescued from the debris, but they have sustained serious injuries, he said.","Old Inspection Bungalow, Bhalukpong town, West Kameng, Arunachal Pradesh, India",landslide,downpour,large,unknown,5.0,3.0,India,IN,Arunachal Pradesh,18739.0,Rangāpāra,19.7667,92.6351,27.0136,7.67,13.51,20.96,60.96,7.67,221.0,4.832634573500187,1.0,True,3.0,Be82-a,Be
Indian Express,http://indianexpress.com/article/india/india-news-india/at-least-10-killed-in-landslides-in-assam-rescue-operations-underway-2806810/,9334,2016-05-18 08:00:00,"Bilaipur, Hailakandi district, Assam, India","One of two landslides in Bilaipur triggered by the same rainfall event. Ten people were killed in landslides in Karimganj and Hailakandi districts in Barak Valley in Assam on Wednesday following incessant rains. In neighbouring Hailakandi district, two incidents of landslide killed four persons at Bilaipur and a six-year old boy at Ramchandi area, police officials said. The debris fell on two houses where the victims were sleeping early in the morning, they said. NDRF and police have been engaged in rescue and relief operations.","Bilaipur, Hailakandi district, Assam, India",landslide,continuous_rain,unknown,unknown,2.0,0.0,India,IN,Assam,10942.0,Lāla,11.80305,92.7264,24.5204,75.63,179.71,267.55,301.52,75.63,42.0,1.3764031215077237,1.0,True,,Gd25-2a,Gd
voiceofsikkim.com,http://voiceofsikkim.com/2010/04/18/rains-trigger-major-landslide-at-pani-house/,1756,2010-04-17 00:00:00,"Nam Nang, Gangtok","On the same day, another minor landslide was reported at Nam-Nang. ","Nam Nang, Gangtok",landslide,downpour,small,unknown,0.0,0.0,India,IN,Sikkim,30700.0,Gangtok,0.53719,88.6087,27.322,0.26,1.83,3.59,4.09,1.22,1509.0,32.9637078729091,1.0,True,1.0,Bd32-2bc,Bd
Business Standard,http://www.business-standard.com/article/pti-stories/two-killed-in-mizoram-landslide-116072900324_1.html,9232,2016-07-28 23:00:00,"Ngur, near Mizoram-Myanmar border, India","A woman and her three-year-old daughter were killed and six others injured when a house was hit by a massive landslide at Ngur village at Mizoram-Myanmar border, police said today.   Bodies of Dawnsianmuangi (42) and her daughter were taken out from the mud by the villagers following the landslide last night.   Dawnsiangmuangi's youngest daughter, who is three-month old, is safe, police said.   One of the six injured persons was Laltlanthanga, a voluntary rescue worker, who sustained spinal injury and was brought to the Aizawl Civil Hospital.   Nine families abandoned their houses in Ngur after incessant rainfall in village for two days, police said.","Ngur, near Mizoram-Myanmar border, India",landslide,continuous_rain,medium,unknown,2.0,6.0,India,IN,Mizoram,2537.0,Khawhai,31.21935,93.3783,23.5397,7.01,19.12,53.22,102.28,16.45,1564.0,10.138358485391878,1.0,True,2.0,Bh16-2/3c,Bh
thesop.org,http://thesop.org/story/20120701/woman-killed-in-guwahati-by-landslide.html,4434,2012-06-25 18:00:00,"Sonaighuli area near Kahilipara, Guwahati City, Assam","A woman was killed and a man injured in landslide in Guwahati city on Monday evening, June 25, police said. The incident took place at Sonaighuli area near Kahilipara in the city on Monday evening, when a woman was hit by a rock during landslide after heavy rain in previous 48 hours. The deceased was identified as Pinky Mondal. n the same incident, a person named Anup Mondal was also injured, and he was admitted to the Guwahati Medical College hospital for treatment.","Sonaighuli area near Kahilipara, Guwahati City, Assam",landslide,downpour,large,unknown,1.0,0.0,India,IN,Assam,2000.0,Dispur,7.2318,91.7369,26.1049,100.21,151.86,234.0,352.79,100.21,156.0,16.672500924387776,1.0,True,3.0,Nd2-2b,Nd
Nagaland Post,http://www.nagalandpost.com/channelnews/state/StateNews.aspx?news=TkVXUzEwMDA5ODM4NA%3D%3D,9142,2016-06-14 08:00:00,"lower Majakong Ward, Mokokchung, Nagaland, India","A landslide occurred early Tuesday morning due to incessant rain, at lower Majakong Ward, where, a 3 tier retaining wall had collapsed destroying the bathroom and damaging the building walls below. Hearing the news of the calamity, the personnel of the State Disater Response Force, Mokokchung, led by dist. comm, Civil Defence & Home Guards, Watilemba promptly responded and carried out safety measures and debris removal. According to dist. commandant, Civil Defence & Home Guards, Watilemba, said “in cases of natural calamities or manmade disasters, the district administration intimates the State Disaster Response Force and that the personnel are ever ready to respond”.  In such cases, one can also call the Toll Free Emergency Operation Center (EOC) No.913702291122, he added. Earlier, the district administration had verified the site of the slide.","lower Majakong Ward, Mokokchung, Nagaland, India",landslide,continuous_rain,medium,retaining_wall,0.0,0.0,India,IN,Nagaland,34021.0,Mokokchūng,0.94289,94.5247,26.3185,6.05,35.82,62.33,86.43,18.39,1163.0,1.387753790258008,1.0,True,2.0,Ao76-2/3c,Ao
Mizoram Express,http://mizoramexpress.com/index.php/2010/09/mizoram-landslides-kill-one-woman/,2423,2010-09-13 00:00:00,"road to Kanan Veng from Hunthar Veng, Mizoram","In Hunthar Veng, the kitchen side of H. Lalchhanhima’s house was damaged by a landslide while the road to Kanan Veng was blocked by a landslide. ","road to Kanan Veng from Hunthar Veng, Mizoram",landslide,downpour,medium,above_road,0.0,0.0,India,IN,Mizoram,20244.0,Serchhīp,8.59507,92.71060943,23.73504471,9.93,17.18,36.45,64.21,9.93,941.0,30.27625293414386,1.0,True,2.0,Bd61-2c,Bd
The Assam Tribune,http://www.assamtribune.com/scripts/detailsnew.asp?id=sep0615/city053,7956,2015-09-05 00:00:00,Byrnihat,"Another landslide occurred in the 17th Mile area of Byrnihat today, blocking the four lanes of the Guwahati-Shillong Road (NH-40). The road on one side will be cleared by midnight, informed NHAI personnel. Clearance of the other side will be possible only tomorrow.",Byrnihat,landslide,unknown,medium,above_road,0.0,0.0,India,IN,Meghalaya,2000.0,Dispur,11.90419,91.8695,26.048,3.69,63.5,156.6,245.34,37.65,72.0,12.284413866136306,1.0,False,2.0,Nd2-2b,Nd
The Shillong Times,http://www.theshillongtimes.com/2015/06/17/entire-family-among-5-dead-in-tura-landslides/,6970,2015-06-16 00:00:00,Akonggre,Chotelal Prasad was severely injured after boulders fell on his house and was rushed to Tura Civil Hospital where he succumbed to his injuries.,Akonggre,rock_fall,downpour,small,above_road,1.0,0.0,India,IN,Meghalaya,63645.0,Tura,1.79502,90.2191,25.5084,27.16,62.64,230.34,245.52,61.76,323.0,23.705749643396505,1.0,True,1.0,Nd2-2b,Nd
Morung Express,https://web.archive.org/web/20110627132314/http://www.morungexpress.com/regional/67365.html,3637,2011-06-21 00:00:00,"Lasumi village in Phek district, Kohima","June 24 : A major landslide damaged a residential building including paddy fields at Lasumi village in Phek district on June 21 last, destroying properties and crops worth nearly Rs. 16 lakhs. The landslide carried away the whole residential building of Dipelo, G.B, Lasumi village, costing an estimated amount of Rs 4,07,000.   Besides damaging the residential building, about 30 households rice paddy fields where paddy transplantation already been done, also badly affected worth Rs 10,70,000. Meanwhile, the Zuketsa Area Public Organization (ZAPO) expressed its appreciation to the EAC Zuketsa, Police OC Khezhak committee, BDO Pfutsero, entire Lasumi villagers, neighbouring villages for coming forward to extend helping hand to retrieve the properties though it was not possible to rescue or take out anything.","Lasumi village in Phek district, Kohima",landslide,rain,medium,deforested_slope,0.0,0.0,India,IN,Nagaland,92113.0,Kohima,0.50696,94.2341227,25.51614662,8.32,18.31,51.05,87.17,11.49,1646.0,20.170835089310476,1.0,True,2.0,Ao76-2/3c,Ao
Assam Times,http://www.assamtimes.org/node/14780,7933,2015-09-01 00:00:00,Maligaon,"The incessant rains that lashed Guwahati and its adjoining areas are likely to result in landslide soon. Local residents in Amingaon, Thirteenth Mile, Nineth Mile, Maligaon areas fear the tragic rerun of landslide incidents in near future. The district administration has yet to keep the denizens on alert in view of the incessant rains to be followed by massive landslide. Notably, a woman and her 2 year old daughter died a tragic death when a huge rock slipped into the hut where they were sleeping in Amingaon area on Tuesday wee hours.",Maligaon,rock_fall,rain,medium,unknown,2.0,0.0,India,IN,Assam,17516.0,North Guwāhāti,4.7809,91.6739,26.1868,8.4,82.12,160.64,275.04,43.38,49.0,2.9622641720368694,1.0,True,2.0,Ao79-a,Ao
The Sangai Express,http://www.thesangaiexpress.com/page/items/54212/massive-landslide-along-maram-peren-road-downpour-creates-havoc-in-different-parts,7263,2015-07-22 00:00:00,"15 kms from Maram, National Highway-102/A (Maram Peren road)",Reports collected from different areas of the district said that massive landslide along the newly christened National Highway-102/A (Maram Peren road) has totally cut off villages in Willong and Yangkhullen circle. Sources specified of major landslides in different locations including 15 kms from Maram,"15 kms from Maram, National Highway-102/A (Maram Peren road)",landslide,continuous_rain,medium,above_road,0.0,0.0,India,IN,Manipur,92113.0,Kohima,25.91151,94.0489,25.4477,10.3,41.39,117.9,163.55,33.49,1325.0,24.119907126086968,1.0,True,2.0,Ao76-2/3c,Ao
morungexpress,http://www.morungexpress.com/local/50451.html,1986,2010-06-15 00:00:00,"Fazl Ali College, Mokokchung, Nagaland","On Tuesday, June 15, 2010 incessant rain triggered landslides at Falz Ali College Mokokchung, at one side of the 3-storied building Science Stream, damaging the Physics laboratory set up at the ground floor.  The Principal of the college, Kuholi Chishi reported the incident to the district administration. SDO (Civil) Nungsangmenla visited the college to ascertain the damage caused to the building, particularly the Physics lab of the college. Following the landslide, two pillars of the stairway connecting the Science Stream building with the premises of the main building were forced to hang precariously.","Fazl Ali College, Mokokchung, Nagaland",landslide,downpour,medium,unknown,0.0,0.0,India,IN,Nagaland,34021.0,Mokokchūng,3.41935,94.5512,26.3335,40.07,75.47,135.07,246.39,40.07,1372.0,7.704690069377325,1.0,True,2.0,Ao76-2/3c,Ao
Daily News and Analysis,http://www.dnaindia.com/india/report_tawang-monastery-faces-danger-due-to-landslides_1472890,2743,2010-11-22 00:00:00,"Tawang Monastery, Arunachal Pradesh","The famous Tawang Monastery in Arunachal Pradesh is under imminent threat of collapse following massive landslides around it.  The 330-year-old monastery, also known as Gaden Namgyal Lhatse, which stands on the spur of a hill about 10,000 feet above sea level, is witnessingmassive landslide around it since Monday, officials said.  The landslide had already damaged the plantation and some electric posts around the monastery located in Twang-chu valley of Tawang district, they said.","Tawang Monastery, Arunachal Pradesh",landslide,unknown,medium,natural_slope,0.0,0.0,India,IN,Arunachal Pradesh,4831.0,Tawang,6.76172,91.85672387,27.5798729,0.0,1.5,2.56,2.56,1.42,2745.0,23.60412220046119,1.0,False,2.0,Ao80-2bc,Ao
The Olympian,http://www.theolympian.com/2015/05/27/3746897/rhododendron-explorers-from-south.html,7031,2015-05-24 00:00:00,"Bop, Sikkim","Approximately 1200 tourists were stranded. The landslide blocked three switchbacks on the main road. By the evening, that stretch was impassable.","Bop, Sikkim",landslide,unknown,medium,above_road,0.0,0.0,India,IN,Sikkim,1464.0,Mangan,17.93173,88.6586,27.6163,0.21,9.49,26.27,51.07,11.83,1842.0,31.364113895216203,1.0,False,2.0,Bd32-2bc,Bd
Indian Express,http://indianexpress.com/article/india/india-news-india/at-least-10-killed-in-landslides-in-assam-rescue-operations-underway-2806810/,9336,2016-05-18 08:00:00,"Ramchandi , Hailakandi District, Assam, India","Ten people were killed in landslides in Karimganj and Hailakandi districts in Barak Valley in Assam on Wednesday following incessant rains. In neighbouring Hailakandi district, two incidents of landslide killed four persons at Bilaipur and a six-year old boy at Ramchandi area, police officials said. The debris fell on two houses where the victims were sleeping early in the morning, they said. NDRF and police have been engaged in rescue and relief operations.","Ramchandi , Hailakandi District, Assam, India",landslide,continuous_rain,small,unknown,1.0,0.0,India,IN,Assam,10942.0,Lāla,10.83583,92.5121,24.5308,75.63,179.71,267.55,301.52,75.63,58.0,10.280713071431196,1.0,True,1.0,Gd25-2a,Gd
Business Standard,http://www.business-standard.com/article/pti-stories/communication-to-tezu-snapped-due-to-landslide-114051000401_1.html,6015,2014-05-08 00:00:00,Lohit District of Arunachal Pradesh,"Landslides triggered by the first monsoon spell have snapped surface communication to Tezu in Lohit district of Arunachal Pradesh. The headquarters town of Tezu was cut off from rest of the state following massive landslides due to incessant rain in the past few days. According to official sources, heavy landslides beyond 5 km point from Tohangam (O Point) have brought vehicular movement to a standstill. ""Due to sinking of the steep hill and continuous mudslide, it is foiling our rigorous efforts. For few hours the mud was cleared and the road was made thorough but the continuous rain is creating hurdles in restoration works,"" BRO official P K Gupta informed. The Alubari Ghat connecting Tezu with Namsai had also been closed owing to surging waters of the Lohit river and its tributaries, sources said.",Lohit District of Arunachal Pradesh,mudslide,rain,medium,above_road,0.0,0.0,India,IN,Arunachal Pradesh,14927.0,Tezu,4.5707,96.174,27.9032,33.77,55.08,62.54,76.49,33.77,208.0,0.926369172997235,1.0,True,2.0,Af48-2ab,Af
The Assam Tribune,http://www.assamtribune.com/scripts/detailsnew.asp?id=sep0815/oth058,8012,2015-09-06 15:00:00,"Umling, Meghalaya 793102, India","SHILLONG, Sept 7 - Traffic movement was disrupted on National Highway 40 (Guwahati-Shillong Road) on Sunday afternoon due to a massive landslide at Umling, Ri-Bhoi district. However, one lane has been cleared for traffic movement today. Vehicles were stranded for several hours at the Highway. Superintendent of Police, Ri-Bhoi district, GD Kharwanlang rushed to the spot and diverted light vehicles through a different route.  Light vehicles were directed from Byrnihat to Umden and onward towards Nongpoh and Shillong. Similarly, vehicles from Shillong were diverted to Umling-Sohkhwai route and then to 20 Mile. But heavy vehicles were stranded on the highway yesterday.  “Weather permitting we would be able to clear the other lane this evening or tomorrow,” Kharwanlang said over the phone from Nongpoh today.  It is also being advised that those travelling between Guwahati and Shillong can take the Shillong-Mairang- Patharkhmah-Rani route.","Umling, Meghalaya 793102, India",landslide,unknown,medium,above_road,0.0,0.0,India,IN,Meghalaya,14387.0,Nongpoh,7.75972,91.8584,25.9703,0.87,29.57,121.4,241.37,37.65,285.0,11.565823006032677,1.0,False,2.0,Nd2-2b,Nd
Shillong Times,http://www.theshillongtimes.com/2015/08/20/child-washed-away-in-tura/,7335,2015-08-18 09:00:00,Tura Civil Hospital,A landslip on Tuesday also damaged shops in the Tura Civil Hospital vicinity.,Tura Civil Hospital,landslide,continuous_rain,medium,urban,0.0,0.0,India,IN,Meghalaya,63645.0,Tura,0.03796,90.2023,25.5145,15.22,43.75,59.02,97.19,17.21,313.0,11.56504348955916,1.0,True,2.0,Nd2-2b,Nd
Assam Tribune,http://www.assamtribune.com/scripts/detailsnew.asp?id=may0216/oth058,9405,2016-04-19 00:00:00,"Techahan Ward, Mon, Nagaland, India","(Landslide may have occurred within a week of April 19. )Altogether, 200 hailstorm affected families in Mon town of Nagaland have been given cash relief under the State Disaster Response Fund. Nagaland State Disaster Management Authority (NSDMA) and District Disaster Management Authority (DDMA) officials had undertaken a field assessment of the damages caused by heavy rainfall, hailstorm and windstorm in Mon district in April. Accordingly, relief was given to the families affected by landslide at Techahan Ward of Mon town.  Techahan Ward was affected by a massive landslide triggered by the incessant heavy rainfall that lashed the town for about six days in a row during the third week of April. About 70 houses were completely damaged and 130 houses severely affected displacing about 125 families.  One Government Primary School building located in the ward was also damaged by the landslide. Massive landslide had caused road blockage of Tobu-Mon BRO road.","Techahan Ward, Mon, Nagaland, India",landslide,continuous_rain,medium,unknown,0.0,0.0,India,IN,Nagaland,18742.0,Mon,3.71285,95.0243,26.7223,10.83,37.9,68.11,126.33,19.13,698.0,15.584319140976891,1.0,True,2.0,Ao76-2/3c,Ao
e-pao.net,http://e-pao.net/GP.asp?src=24..050913.sep13,5431,2013-09-01 00:00:00,"Tamenglong, Manipur","The incessant rains have caused mudslides causing great havoc in different parts of Tamenglong district. Many people have also lost their properties in the mudslides at Tamenglong town areas. One major mudslide was occurred at Tamenglong ward No.IV near the petrol pump. One store belonging to DM Wangiangdin has been totally damaged. His Alto Maruti car (Suzuki MN01X3673) which was kept inside the store house was also partially damaged by the mudslide. The residence of one Asam Gonmei has also been submerged by the mudslide, leading to lose of all properties. On account of the mudslide, Tamei- Tamenglong road has remained cut off since September 1.","Tamenglong, Manipur",mudslide,continuous_rain,medium,unknown,0.0,0.0,India,IN,Assam,7176.0,Mahur,45.4148,93.5063,24.9829,5.42,8.29,54.14,85.41,27.94,1305.0,31.44272371697256,5.0,True,2.0,Bh16-2/3c,Bh
Assam Tribune,http://www.assamtribune.com/scripts/detailsnew.asp?id=sep2414/at051,6287,2014-09-22 00:00:00,Dhirenpara,"On the other hand, several incidents of landslides were reported from Dhirenpara, Koinadhara, Gorhchuk, Noonmati and Pamohi.",Dhirenpara,landslide,rain,small,unknown,0.0,0.0,India,IN,Assam,899094.0,Guwahati,7.29559,91.7056,26.1295,126.76,191.59,231.7,266.59,126.76,142.0,5.55400861892472,5.0,True,1.0,Ao79-a,Ao
kanglaonline.com,http://www.kanglaonline.com/index.php?template=headline&newsid=39638&typeid=2,313,2007-10-16 00:00:00,"NH-39 at Piphema,  6 km towards Dimapur from Kohima in Nagaland","occurred at 2pm, stranded vehicles on road between cities, multiple events on road","NH-39 at Piphema,  6 km towards Dimapur from Kohima in Nagaland",landslide,rain,large,unknown,0.0,0.0,India,IN,Nagaland,92113.0,Kohima,10.39298,94.0132,25.7055,15.77,31.91,39.47,71.12,15.78,1451.0,14.569286101009892,5.0,True,3.0,Ao76-2/3c,Ao
Arunchal Times,http://www.arunachaltimes.in/monsoon-fury-continues-to-pound-tawang/,9252,2016-07-28 00:00:00,"Dolma Lhakang complex, Lumla, Tawang,  Arunachal Pradesh, India","Monsoon fury continues to pound Tawang with the rain not stopping, triggering heavy landslide causing extensive damages to roads, snapping water and power supplies in large part of the district. Fresh incidents of landslides and house collapses were reported on Friday after moderate to heavy rains lashed the region. Already cut-off from the mainland with water and power supply snapped, the connectivity inside the Lumla sub-division has been choked, bringing administrative functioning to a grinding halt. A major landslide has occurred at Dolma Lhakang complex on Thursday posing threat to the Tara Devi statue which is religious tourist place. “Landslide was taking place since last few days but it has reached near the statue due to continuous rain since Thursday. Immediate measures are needed to prevent further damage”, said Lama Tsedar, a monk. “Dolma Lhakang is an important landmark for Lumla, both from religious and tourism point of view. We are positive that administration will work o","Dolma Lhakang complex, Lumla, Tawang,  Arunachal Pradesh, India",landslide,monsoon,medium,unknown,0.0,0.0,India,IN,Arunachal Pradesh,4831.0,Tawang,5.92679,91.8644,27.5748,14.04,27.35,78.71,147.03,22.38,2687.0,11.67372935280908,5.0,True,2.0,Ao80-2bc,Ao
E-PAO,http://e-pao.net/GP.asp?src=26..120815.aug15,7665,2015-08-11 00:00:00,Khoupum,"In a press statement, ZB-AMN General Secretary Dr Gairiangmei Maringmei said due to recent incessant rain, several areas of the Zeliangrong region have experienced landslides.",Khoupum,landslide,continuous_rain,medium,unknown,0.0,0.0,India,IN,Manipur,0.0,Bishnupur,31.62348,93.5291,24.7016,1.62,29.54,76.66,200.84,33.86,657.0,12.984858642158148,5.0,True,2.0,Bh16-2/3c,Bh
International Business Times,http://www.ibtimes.co.in/meghalaya-massive-landslide-east-jaintia-hills-flash-floods-shillong-hit-normal-life-643439,7590,2015-08-19 00:00:00,Tongseng,"Minor landslides were also reported in Tongseng, Ratacherra and Dona areas.",Tongseng,landslide,rain,small,unknown,0.0,0.0,India,IN,Meghalaya,55290.0,Karīmganj,30.27913,92.3807,25.1416,41.24,100.47,149.45,253.17,41.77,158.0,10.756185231515634,5.0,True,1.0,Ge53-3a,Ge
ptinews,http://www.ptinews.com/news/316483_Three-killed--ten-injured-in-Mizoram-landslide,1222,2009-10-05 00:00:00,"Chhinga Veng, Aizawl","Three persons, including a five-year-old girl, were killed and ten others injured when a massive landslide triggered by rains swept away a building at Chhinga Veng locality here, police said. Besides a five-year-old girl, her grandmother and a 23-year-old woman were also killed when the building, occupied by four families, collapsed and swept away by the landslide, they said.","Chhinga Veng, Aizawl",landslide,downpour,medium,urban,3.0,0.0,India,IN,Mizoram,265331.0,Aizawl,0.93904,92.72124394,23.73478778,16.64,63.8,74.72,104.01,31.84,980.0,23.248272553867388,5.0,True,2.0,Bd61-2c,Bd
Assam Tribune,http://www.assamtribune.com/scripts/detailsnew.asp?id=sep2414/at051,6284,2014-09-22 00:00:00,Batahghuli,"Flash flood and landslides continued to cause devastation in Guwahati for the second day today with the death toll due to landslip rising to four. Two persons died in two separate incidents of landslides in Lalmati and Dakhingaon, whereas a woman was injured in another landslide incident at Batahghuli.",Batahghuli,landslide,rain,small,unknown,0.0,1.0,India,IN,Assam,2000.0,Dispur,3.3724,91.8342,26.1324,126.76,191.59,231.7,266.59,126.76,67.0,2.7771727466475022,5.0,True,1.0,Nd2-2b,Nd
NYOOOZ,http://www.nyoooz.com/guwahati/515423/woman-killed-in-wall-collapse-after-landslide-in-guwahati,8222,2016-06-22 12:00:00,"Piyali Phukan Nagar, Guwahati, India","A woman was buried alive in Piyali Phukan Nagar in the city when the guard wall of her house collapsed after a landslide. No one else from her family was injured.The rescue official said Rukia's house was located just on the edge of a hill. ""After almost three hours of wroking through the debris, Rukia's body was found,"" an official of the rescue team said. The victim was identified as Rukia Khatun.The incident occurred around noon on Wednesday.Though an operation to extricate her began soon, she could not be saved. Around 120 families have been relocated and more than 50 others have been asked to shift.","Piyali Phukan Nagar, Guwahati, India",mudslide,downpour,medium,natural_slope,1.0,0.0,India,IN,Assam,899094.0,Guwahati,3.88766,91.7825,26.1961,19.78,46.18,154.1,242.93,42.22,124.0,12.523591942861296,5.0,True,2.0,Ao79-a,Ao
morungexpress,http://www.morungexpress.com/local/67219.html,3633,2011-06-20 00:00:00,Mokokchung,"Mokokchung, June 21 (DIPR): Several houses were damaged at Mokokchung town by landslide after heavy downpour on Monday night (July 20). On receiving report from different wards, District Administration, MMC and concern officials visited the affected houses in different wards.  Three houses were badly damaged in Artang and Majakong wards while minor damaged of several houses mainly in Artang, Majakong and Alempang wards were reported. Beside many roads were blocked by landslide in and around Mokokchung town affecting vehicular movements. District Administration, Mokokchung Municipal Council and Department of Food and Civil Supplies, have given cash and kind to the major affected families as immediate relief. While personnel of fire services, ward Members are giving their best effort to restore the damage.",Mokokchung,landslide,downpour,medium,unknown,0.0,0.0,India,IN,Nagaland,34021.0,Mokokchūng,0.92729,94.5121,26.3186,3.79,13.89,32.67,69.94,10.44,1250.0,14.80546141353928,5.0,True,2.0,Ao76-2/3c,Ao
nagalandpost,http://www.nagalandpost.com/ShowStory.aspx?npoststoryiden=UzEwMjg4MDU%3D-2pMJ7cwWh98%3D,2098,2010-07-19 06:00:00,"Jahjon ward(?), Mon town, Nagaland","Due to heavy rainfall, one house was damaged while other was washed away by the landslide at Jahjon ward, Mon town on July 19 around 6 am.  Apart from the damage of properties and houses, no casualty was reported.","Jahjon ward(?), Mon town, Nagaland",landslide,downpour,medium,unknown,0.0,0.0,India,IN,Nagaland,18742.0,Mon,3.39049,95.0283,26.7215,13.18,50.87,108.57,173.74,20.09,722.0,13.369645277910749,5.0,True,2.0,Ao76-2/3c,Ao
Assam Times,http://www.assamtimes.org/node/14622,7706,2015-08-19 00:00:00,National Highway at Kuliang,"More landslide has complicated the surface communication in Ratachora, Tansen and Kuliang keeping a major portion of the National Highway blocked.",National Highway at Kuliang,landslide,rain,medium,above_road,0.0,0.0,India,IN,Meghalaya,55290.0,Karīmganj,22.56409,92.3636,25.0728,41.24,100.47,149.45,253.17,41.77,130.0,10.024134913751013,5.0,True,2.0,Ge53-3a,Ge
ASSAM Talks,http://www.assamtalks.com/2-killed-in-jorabat-landslide.html,7276,2015-07-25 09:00:00,"Dispur : According to report, a huge hillock slipped into the house after heavy rain where Dinesh Bodo along with his wife and daughter lived in. Thi*","According to report, a huge hillock slipped into the house after heavy rain where Dinesh Bodo along with his wife and daughter lived in. This incident occurred at Tamulkuchi village of Jorabat.  Bodo’s wife Bharati Bodo and his daughter were died and other more houses got damaged",,landslide,continuous_rain,medium,natural_slope,2.0,0.0,India,IN,Assam,2000.0,Dispur,7.81437,91.8717,26.1062,11.76,44.78,112.45,200.86,31.29,246.0,6.166308477023598,5.0,True,2.0,Nd2-2b,Nd
Hindu,http://www.thehindu.com/news/national/other-states/life-remains-hit-in-darjeeling-hills/article9222389.ece,9620,2016-10-15 00:00:00,Rangpo,"The road on way to Peiling in Sikkim remained cut off due to landslides at Namchi and Rangpo but the Lava-Lolegaon route in Darjeeling was still working, though only for cars and the small vehicles took long detour through the second route, the officials said.",Rangpo,landslide,downpour,medium,above_road,0.0,0.0,India,IN,Sikkim,4026.0,Rangpo,0.7337,88.5292,27.172,0.46,24.83,85.99,123.02,25.99,322.0,37.359591147855866,5.0,True,2.0,Bd32-2bc,Bd
articles.timesofindia.indiatimes.com,http://articles.timesofindia.indiatimes.com/2013-09-08/guwahati/41872983_1_flood-situation-arunachal-pradesh-landslides,5441,2013-09-02 00:00:00,"Gosang Village Under Jengging Circle, Arunachal Pradesh","With improvement in the weather, the water level of major rivers in Eastern Arunachal showed a receding trend even as West and Upper Siang districts in the state remained cut off due to massive landslides triggered by torrential rain. Chief Minister Nabam Tuki on Saturday undertook an aerial survey of the affected areas accompanied by Chief Secretary Hari Krishna and Secretary, Disaster Management, Kapa Kholie, officials said on Sunday. Reports had poured in of the Noa Dihing River rising over danger level and inundating portions of Dumpani and four other villages under Diyun circle in Changlang district. At least 13,246 people of eleven villages have been affected by the current wave of flood. Landing at Diyun, Tuki took first hand report of the situation from local Legislator C C Singpho and officials of the district administration, sources said. The swollen river has triggered landslides in at least seven villages while about 85 hectares have been submerged in five villages, they sa","Gosang Village Under Jengging Circle, Arunachal Pradesh",landslide,downpour,large,unknown,0.0,0.0,India,IN,Arunachal Pradesh,18425.0,Along,52.08889,94.9829,28.611,24.66,57.5,122.63,157.11,24.66,1668.0,32.48339327835614,5.0,True,3.0,Ao80-2bc,Ao
Two Circles,http://twocircles.net/2014jun27/8_killed_assam_landslides_electrocution.html#.U70ydPldU1L,6106,2014-06-26 23:00:00,Narakasur,"At least eight people, including three members of a family, were killed here due to landslides and flash floods triggered by incessant rain since Thursday night, officials said Friday. Four persons were killed due to landslides in two places while another four died due to electrocution in four different locations, the officials said. Another person remained missing after he was washed away by the surging waters of the Bharalu river. ""Three members of a family Kanak Barman (45), Pratima Barman (12) and Tulasi Barman (8) lost their lives in a landslide that took place Thursday night in Narakasur area,"" said Rajib Prakash Baruah, deputy commissioner in-charge of Kamrup (Metro) district. He said another woman died in Bamunimaidam area due to landslide. Baruah said Bhaskarjyoti Das (48), Dinesh Das (55), Prafulla Das (46) and Suren Bharali (57) died due to electrocution.",Narakasur,landslide,continuous_rain,small,unknown,3.0,0.0,India,IN,Assam,2000.0,Dispur,3.66283,91.7645,26.1407,14.23,20.69,180.1,290.92,52.32,61.0,2.96212250130175,5.0,True,1.0,Af48-2ab,Af
Telegraph India,http://www.telegraphindia.com/1100605/jsp/northeast/story_12529386.jsp,1935,2010-06-03 00:00:00,"atharamura hills, Highway 44, Tripura","Heavy rainfall across Tripura with the onset of monsoon has created serious transportation problems, intensified by landslides along National Highway 44, and disruption of power supply.  The monsoon hit the state on Wednesday, nearly a week early, and till today 69mm rainfall has been recorded by the Met office. The road connectivity has also been adversely affected by frequent landslides caused by rain along NH44 and other important link roads within the state. Yesterday, massive landslides in the Atharomura hill range on the national highway held up traffic for more than six hours.","atharamura hills, Highway 44, Tripura",landslide,downpour,medium,unknown,0.0,0.0,India,IN,Tripura,6373.0,Āmbāsa,10.47164,91.7599,23.8986,40.65,82.29,196.52,333.71,73.31,188.0,9.238837475306015,5.0,True,2.0,Bd61-2c,Bd
The Northeast Today,http://thenortheasttoday.com/landslides-damage-houses-graves-in-aizawl/,8224,2015-09-14 01:30:00,"Aizawl, Mizoram, India","Earlier around 1:30am, landslide damaged 39 graves at Republic Veng locality in the heart of the city. The landslide also blocked internal road of the locality. With this, landslides have damaged a total of 311 graves in four localities in Aizawl.","Aizawl, Mizoram, India",landslide,downpour,medium,above_road,0.0,0.0,India,IN,Mizoram,265331.0,Aizawl,0.27245,92.7187,23.7313,13.58,44.56,78.75,137.25,17.41,1024.0,15.805360539732332,5.0,True,2.0,Bd61-2c,Bd
International Business Times,http://www.ibtimes.co.in/meghalaya-massive-landslide-east-jaintia-hills-flash-floods-shillong-hit-normal-life-643439,7591,2015-03-19 00:00:00,Ratacherra,"Minor landslides were also reported in Tongseng, Ratacherra and Dona areas.",Ratacherra,landslide,rain,small,unknown,0.0,0.0,India,IN,Assam,55290.0,Karīmganj,20.79709,92.4584,25.0318,0.01,0.01,0.01,0.03,0.01,82.0,17.3079457888422,5.0,True,1.0,Ge53-3a,Ge
newKarala,http://www.newkerala.com/news/2015/fullnews-73439.html,6968,2015-06-13 00:00:00,"Ratacherra village along the NH-44 connecting to Barak Valley in Assam and Tripura, Meghalaya, Mizoramon",At least four people including three women were killed and two others injured in landslide following heavy rainfall…when a tea shop was buried,"Ratacherra village along the NH-44 connecting to Barak Valley in Assam and Tripura, Meghalaya, Mizoramon",landslide,continuous_rain,medium,unknown,4.0,2.0,India,IN,Meghalaya,132842.0,Shillong,35.09387,92.2121,25.463,32.26,105.13,265.65,345.41,96.34,1379.0,2.1170938186387036,5.0,True,2.0,Ao74-2b,Ao
Hindu,http://www.thehindu.com/news/national/other-states/life-remains-hit-in-darjeeling-hills/article9222389.ece,9619,2016-10-15 00:00:00,Namchi,"The road on way to Peiling in Sikkim remained cut off due to landslides at Namchi and Rangpo but the Lava-Lolegaon route in Darjeeling was still working, though only for cars and the small vehicles took long detour through the second route, the officials said.",Namchi,landslide,rain,medium,above_road,0.0,0.0,India,IN,Sikkim,1147.0,Namchi,0.56687,88.3664,27.1695,0.71,17.25,66.59,110.6,20.4,1583.0,23.603277744846192,5.0,True,2.0,Rd29-1a,Rd
news.oneindia,http://news.oneindia.in/2010/03/29/rainsstorm-cause-havoc-inmanipur.html,1596,2010-03-27 20:00:00,"LangthAbal Khoupum, Imphal, Manipur","Pre-monsoon rains and a heavy storm  have created havoc in Manipur state.  Sudden sporadic downpours accompanied by heavy storm, which struck late on Saturday (March 27), left a trail of mass destruction in both the valley and hilly areas, as several rooftops were blown away and houses collapsed. Several houses along Mayai Lambi, in the vicinity of Loktak Lake, are reported to have been either blown away, or damaged.  One house at LangthAbal Khoupum in Imphal has been completely damaged due to landslide.  No loss of human lives has been reported from anywhere in the State.  Locals are helping rescuers to help restore the damaged buildings.  ""At that time, those who woke up early morning, including my mother, survived the landslide. But two persons who were sleeping at that time were buried. So, all the villagers joined hands and rescued the two from the debris. No loss of lives was there but some have sustained injuries,"" said Thawaijao Kamei, a local resident, on Monday (March 29).","LangthAbal Khoupum, Imphal, Manipur",mudslide,downpour,medium,unknown,0.0,0.0,India,IN,Manipur,223523.0,Imphal,8.69174,93.9161,24.7339,11.35,12.42,14.34,16.37,11.35,879.0,14.24689258589194,5.0,True,2.0,Ao76-2/3c,Ao
articles.timesofindia,http://articles.timesofindia.indiatimes.com/2012-07-07/guwahati/32577108_1_arunachal-district-landslides-arunachal-pradesh,4446,2012-07-05 00:00:00,"Tuting, Upper Siang , Arunachal Pradesh",Tuting in Upper Siang district of Arunachal Pradesh is cut off from the rest of the country following massive landslides triggered by torrential rain over the past couple of days.,"Tuting, Upper Siang , Arunachal Pradesh",landslide,downpour,large,unknown,0.0,0.0,India,IN,Arunachal Pradesh,0.0,Damnyain,52.64616,94.8885,28.9986,4.3,30.75,65.95,162.1,23.62,587.0,9.700569437024638,5.0,True,3.0,I-Af-Bd-2c,I
articles.timesofindia.indiatimes.com,http://articles.timesofindia.indiatimes.com/2013-05-12/guwahati/39203561_1_artificial-floods-guwahati-municipal-corporation-gs-road,4860,2013-05-11 00:00:00,"Boragaon, North Guwahati, Guwahati, Assam,","Landslides occurred in the Nursery area and Maligaon in Nilachal Hills, Sarania Hills and Boragaon on Saturday, alarming hill residents, whose number has crossed two lakh in Guwahati, said sources. Junu Chakraborty (50) was injured in the Nursery area after a wall of her house collapsed on Saturday morning. However, she is out of danger. There are no reports of injury from other parts of the city. A family miraculously escaped unhurt when earth fell on their house in the Sarania Hills.","Boragaon, North Guwahati, Guwahati, Assam,",landslide,rain,medium,unknown,0.0,0.0,India,IN,Assam,899094.0,Guwahati,10.70607,91.6906,26.1016,38.98,109.25,235.03,314.09,55.66,112.0,39.5106853976653,5.0,True,2.0,Ao77-2a,Ao
morungexpress,http://www.morungexpress.com/local/51540.html,2044,2010-07-06 00:00:00,"Kiphire,  Nagaland","Dimapur| July 12  : Yet another monsoon season in Nagaland and one has to batter bad roads.    This year’s monsoon has been the worse by far.  Most interior villagers of Mon, Tuensang and Kiphire are cut out from the rest of the state. With good roads beyond their dreams even on dry days, rainy days are a nightmare for the people. Journey to places like Mimi in Kiphire, Pangsha in Tuensang and parts of Mon and Peren can be made only on four wheel drive vehicles or on foot. Mud slides are common in almost all the highways leading to district headquarters. Exploitation of natural resources like boulders and deforestation is causing more landslides than before. The use of roads by all size vehicles has spoilt most of the soiled roads making it difficult for smaller vehicles to ply.","Kiphire,  Nagaland",mudslide,monsoon,medium,unknown,0.0,0.0,India,IN,Nagaland,29499.0,Zunheboto,28.37402,94.7861,25.8877,9.26,32.72,75.34,124.64,16.89,1166.0,7.440685346262844,5.0,True,2.0,Ao76-2/3c,Ao
www.upi.com,http://www.upi.com/Top_News/World-News/2013/05/09/Cyclonic-storms-kill-seven-in-India/UPI-39151368107292/,4848,2013-05-08 00:00:00,"Purba Simna, Tripura",A large landslide in western Tripura killed at least two people Wednesday night.,"Purba Simna, Tripura",landslide,rain,medium,unknown,1.0,0.0,India,IN,Tripura,20046.0,Khowai,13.61141,91.4663,24.0896,45.59,126.29,207.05,260.03,45.59,107.0,7.483527022769612,5.0,True,2.0,Bd61-2c,Bd
www.morungexpress.com,http://www.morungexpress.com/regional/104056.html,5552,2013-09-24 00:00:00,"Ukhrul, Manipur","Imphal, September 28 (NNN): The massive landslide that occurred in Ukhrul town has been cleared yesterday. The landslide had occurred at Police Bazar, also called Tangrei near Ukhrul police station. According to Kamphasom Tang chairman Alston T Shimrah and its secretary Khamung, the landslide that had given tremendous hardship to the people of the Ukhrul town in the last few days. The chairman and the secretary of Kamphasom Tang, Ukhrul have expressed their deep gratitude to Ukhrul deputy commissioner SK Chaurasoia, Ukhrul superintendent of police K Kabib, Ukhrul sub-divisional officer Worshang Hungyo, Officer commanding of 84 RCC/25 BRTF Asish Kumar, 2nd in command of the BRTF AK Mehra, Jr Engineer, 25 BRTF Swamy S and others for helping to clear the massive landslide yesterday. The Kamphasom Tang leaders also expressed their gratitude to RS Ngaranchui, the Ukhrul district representative of Lok Sabha MLA under whose supervision the slide was cleared.","Ukhrul, Manipur",landslide,unknown,medium,unknown,0.0,0.0,India,IN,Manipur,223523.0,Imphal,53.05172,94.3619,25.0985,0.3,0.56,1.4,69.36,0.37,1892.0,10.523133627119554,5.0,False,2.0,Bh16-2/3c,Bh
New Indian Express,http://www.newindianexpress.com/nation/Landslide-Kills-Three-in-Tripura/2014/08/15/article2381042.ece,6513,2014-08-14 23:00:00,Sabroom,"A woman and her two children were killed when a landslide buried their house in Tripura, police said here Friday.",Sabroom,mudslide,downpour,medium,unknown,3.0,0.0,India,IN,Tripura,6205.0,Sabrūm,1.52162,91.7174,23.0137,85.53,181.53,205.82,261.53,85.53,28.0,4.124319018386397,5.0,True,2.0,Af46-1/2a,Af
e-pao,http://www.e-pao.net/GP.asp?src=5..101010.oct10,2578,2010-10-09 00:00:00,"NH-39 in Karong area, Manipur",Landslide has also been reported at a spot near Khongnem village while there are at least three landslides at Karong area.,"NH-39 in Karong area, Manipur",landslide,downpour,medium,unknown,0.0,0.0,India,IN,Nagaland,92113.0,Kohima,40.0566,94.0462,25.3179,26.82,107.81,120.26,142.24,53.95,998.0,23.248847186308105,5.0,True,2.0,Ao76-2/3c,Ao
E-PAO,http://e-pao.net/GP.asp?src=11..220815.aug15,7727,2015-08-20 18:00:00,between Phesama and Kuima in Nagaland,The situation has been worsened as another huge landslide occurred at the same place on Thursday at around 6 pm.,between Phesama and Kuima in Nagaland,landslide,continuous_rain,medium,below_road,0.0,0.0,India,IN,Nagaland,92113.0,Kohima,5.14863,94.1057,25.6263,8.68,20.24,33.33,110.24,8.68,1511.0,16.03432433908622,5.0,True,2.0,Ao76-2/3c,Ao
mizoramexpress.com,http://mizoramexpress.com/index.php/2010/09/landslide-hits-taithu-village-22-people-escape-death/,2436,2010-09-16 03:00:00,"Taithu village, Churanchandpur district, Mizoram, Manipur","Sep 16, 2010  Rengkai: Landslide struck Taithu village in Churachandpur district of Manipur at around 3.00 AM on Thursday morning and sources said at least 22 people were inside the two houses that were completely destroyed. The village lies in a landslide-prone area and has witnessed several land slips in the past.  Earlier, sources said that at least 22 people were missing in the disaster. However, by 4.15 AM village elders who took a roll call said: “Luckily, no one was hurt in the incident. But the houses of Pu Remvel and Pu Rama were completely destroyed.”  Later, it was learnt that some of the youths were still awake when the landslide struck and they managed to alert their friends. “All of them somehow jumped out safely…some through the windows…some through the doors,” the source said.","Taithu village, Churanchandpur district, Mizoram, Manipur",landslide,downpour,medium,unknown,0.0,0.0,India,IN,Mizoram,3962.0,Darlawn,38.37584,93.125,24.3069,11.4,30.38,48.75,115.28,11.4,750.0,29.11681749159973,5.0,True,2.0,Bh16-2/3c,Bh
The Sangai Express,http://www.thesangaiexpress.com/page/items/54212/massive-landslide-along-maram-peren-road-downpour-creates-havoc-in-different-parts,7265,2015-07-22 00:00:00,Willong-Yangkhullen stretch,Torrential rain in the last many days has created havoc in many places of Senapati district.  Reports collected from different areas of the district said that massive landslide along the newly christened National Highway-102/A (Maram Peren road) has totally cut off villages in Willong and Yangkhullen circle.,Willong-Yangkhullen stretch,landslide,continuous_rain,medium,above_road,0.0,0.0,India,IN,Manipur,92113.0,Kohima,23.04185,93.9854,25.5007,10.3,41.39,117.9,163.55,33.49,1429.0,19.350128854289956,5.0,True,2.0,Bh16-2/3c,Bh
E-PAO,http://www.e-pao.net/GP.asp?src=21..210810.aug10,2243,2010-08-13 00:00:00,"NH-39 near Kohima Municipality Council(KMC) dumping ground, between Zubza(Sechu) and Kohima, Nagaland","Kohima cut off in both directions on NH 39 ... Imphal, August 20 2010: Landslides have occurred near the Kohima Municipality Council (KMC) dumping ground and its vicinity since a week ago.  Fresh landslides occurred again today.  Over 400 Manipur bound trucks are still stranded in the area.","NH-39 near Kohima Municipality Council(KMC) dumping ground, between Zubza(Sechu) and Kohima, Nagaland",landslide,downpour,medium,mine,0.0,0.0,India,IN,Nagaland,92113.0,Kohima,5.6985,94.04619681,25.70223725,10.61,13.72,16.8,46.96,10.61,1013.0,9.356034364378676,5.0,True,2.0,Ao76-2/3c,Ao
Deccan Herald,http://www.deccanherald.com/content/432481/landslide-guwahati-shillong-highway.html,6292,2014-09-23 00:00:00,Hatsingimari,"A child was killed in a landslide in Dhubri district’s Hatsingimari, while one person was electrocuted in Guwahati where a body floating on river Bharalu was also recovered, state government officials said.",Hatsingimari,landslide,continuous_rain,small,unknown,1.0,0.0,India,IN,Assam,31091.0,Mankāchar,21.45798,89.9032,25.7238,13.14,178.28,279.82,387.34,90.9,33.0,14.316083944889312,5.0,True,1.0,Je38-2a,Je
hindustantimes,http://www.hindustantimes.com/Girl-dies-in-landslide-flash-flood-wrecks-havoc-in-Meghalaya/Article1-564450.aspx,2025,2010-06-28 00:00:00,"Police CID complex(?), Shillong, Meghalaya","A 14-year-old girl was killed and at least seven others were injured on Monday after heavy rains triggered a landslide in Shillong. Alicia Arengngma, daughter of a policeman, was buried when debris of a landslide following heavy rain blocked the ground floor of Meghalaya police's CID complex, police said. Some nearby houses were also damaged and rescue operations were on, official sources said.  The injured were admitted in a government hospital.  Incessant rain over the past couple of days has thrown normal life completely out of gear in the state.","Police CID complex(?), Shillong, Meghalaya",landslide,downpour,medium,unknown,1.0,0.0,India,IN,Meghalaya,132842.0,Shillong,0.46891,91.885,25.5728,49.93,121.2,150.53,237.4,49.93,1501.0,9.40412013238775,5.0,True,2.0,Ao74-2b,Ao
Two Circles,http://twocircles.net/2014jun27/8_killed_assam_landslides_electrocution.html#.U70ydPldU1L,6107,2014-06-26 23:00:00,Bamunimaidam,"At least eight people, including three members of a family, were killed here due to landslides and flash floods triggered by incessant rain since Thursday night, officials said Friday. Four persons were killed due to landslides in two places while another four died due to electrocution in four different locations, the officials said. Another person remained missing after he was washed away by the surging waters of the Bharalu river. ""Three members of a family Kanak Barman (45), Pratima Barman (12) and Tulasi Barman (8) lost their lives in a landslide that took place Thursday night in Narakasur area,"" said Rajib Prakash Baruah, deputy commissioner in-charge of Kamrup (Metro) district. He said another woman died in Bamunimaidam area due to landslide. Baruah said Bhaskarjyoti Das (48), Dinesh Das (55), Prafulla Das (46) and Suren Bharali (57) died due to electrocution.",Bamunimaidam,landslide,continuous_rain,small,unknown,1.0,0.0,India,IN,Assam,899094.0,Guwahati,4.37969,91.7896,26.1844,14.23,20.69,180.1,290.92,52.32,61.0,4.818259994255743,5.0,True,1.0,Af48-2ab,Af
First Post,http://www.firstpost.com/india/two-dead-2-injured-landslide-arunachal-pradesh-school-remain-shut-heavy-rainfall-alert-2287954.html,6971,2015-06-09 00:00:00,"Itanagar, Arunachal Pradesh",Two people died while two others were seriously injured when their dwelling was hit by a landslide on Tuesday,"Itanagar, Arunachal Pradesh",landslide,continuous_rain,medium,above_road,2.0,2.0,India,IN,Arunachal Pradesh,44971.0,Itānagar,1.30114,93.816,27.0987,44.35,137.97,228.36,373.06,47.02,214.0,14.236549622926058,5.0,True,2.0,Be82-a,Be
e-pao.net,http://e-pao.net/GP.asp?src=6..111010.oct10,2569,2010-10-08 00:00:00,"Bungte Chiru village(?), Senapati district, Manipur","According to a delayed report reaching here atleast six houses have been damaged in landslides that occurred unexpectedly in the morning of October 8 at Bungte Chiru village under Saitu Assembly Constituency of Senapati district.  The report said that out of the six houses, one has been destroyed beyond redemption while the five others have been partially damaged.  Chief of Bungte Chiru village Rihangkha Thanglen said properties worth around Rs 5 lakhs have been destroyed in the landslides.","Bungte Chiru village(?), Senapati district, Manipur",landslide,downpour,medium,unknown,0.0,0.0,India,IN,Nagaland,92113.0,Kohima,45.24129,94.0212,25.2745,53.95,91.32,93.44,122.96,53.95,1070.0,13.95022570481308,5.0,True,2.0,Ao76-2/3c,Ao
sify.com,http://sify.com/news/500-tourists-stranded-in-Sikkim-due-to-landslides-news-National-kgca4ibdgfd.html,1929,2010-05-31 23:00:00,"North Sikkiim Highway, periphery of Gangtok, Sikkim East district","Over 500 tourists were stranded in the periphery of Gangtok since Monday night following multiple landslides triggered by heavy rainfall in Sikkim.  Sikkim Deputy Inspector General of Police S. Rao said the landslides occurred in the Sikkim East district around this capital town and famous tourist resort.  'Over 500 stranded tourists had to spend the night under open skies. More than 100 vehicles were also stranded as the North Sikkim Highway was blocked,' Rao said.  The Border Roads Organisation (BRO) personnel began clearing the highway and other roads in the morning and rescued the trapped tourists, who were then brought here.  The vehicles were then removed to Gangtok, Rao said.  The East Sikkim district has experienced 100 mm rain since Sunday.","North Sikkiim Highway, periphery of Gangtok, Sikkim East district",landslide,downpour,medium,unknown,0.0,0.0,India,IN,Sikkim,30700.0,Gangtok,4.38314,88.6428,27.3543,4.53,9.04,21.88,85.33,7.34,2116.0,16.813128021329533,5.0,True,2.0,Bd32-2bc,Bd
Nagaland Post,http://www.nagalandpost.com/channelnews/State/StateNews.aspx?news=TkVXUzEwMDA4NDc2Mg%3D%3D,7660,2015-08-12 00:00:00,Phesama village,"Speaking to Nagaland Post after examining the soil at the mountain, senior geologist from Nagaland State Disaster Management Authority (NSDMA) home department, Kekhrie Zavi, said it was found that the soil contained a mixture of sand, clay and sticky mud type, which absorbed excess water and reduced soil’s grabbing capacity resulting in the continuous mudslide.",Phesama village,mudslide,continuous_rain,medium,below_road,0.0,0.0,India,IN,Nagaland,92113.0,Kohima,5.65674,94.1136,25.6237,3.35,14.73,69.02,175.8,23.25,1604.0,33.42494578296137,5.0,True,2.0,Ao76-2/3c,Ao
sikkimnews.blogspot,http://sikkimnews.blogspot.com/2009/09/landslides-at-4th-mile-disrupts-traffic.html,1168,2009-09-17 00:00:00,"4th Mile on road between Rongli, Rhenock and Rangpo in East Sikkim.","A massive landslide that occurred in the morning of September 17 at 4th Mile has completely disrupted the traffic movement between Rongli, Rhenock and Rangpo in East Sikkim. The entire stretch has been washed away by the landslide creating trouble for the commuters.","4th Mile on road between Rongli, Rhenock and Rangpo in East Sikkim.",landslide,rain,medium,unknown,0.0,0.0,India,IN,Sikkim,4026.0,Rangpo,7.97646,88.6115,27.1954,4.39,10.49,13.42,69.31,6.1,471.0,7.161187087203872,5.0,True,2.0,Bd32-2bc,Bd
business-standard,http://www.business-standard.com/generalnews/news/landslides-block-several-roads-in-south-sikkim-district/57119/,4556,2012-09-16 00:00:00,"Namchi to Phongla, Namchi to Melli ,Namchi to Sumbuk","Landslides caused by heavy rainfall has blocked several roads in the South district of Sikkim, official sources said today. The road from Namchi to Phongla, Namchi to Melli and Namchi to Sumbuk were blocked due to landslides, as were the roads from Phongla to Bermiok and Phongla to Mamring.he road from Melli to Phongla and Melli to Sadam is also blocked while last night's downpour also affected road connectivity from Yangang to Ravangla, Yangang to Singtam and Yangang to Lingmoo.","Namchi to Phongla, Namchi to Melli ,Namchi to Sumbuk",landslide,downpour,medium,unknown,0.0,0.0,India,IN,Sikkim,1147.0,Namchi,0.52839,88.3651,27.1675,36.17,98.58,150.96,170.03,43.3,1509.0,20.42254604983192,5.0,True,2.0,Rd29-1a,Rd
e-pao.net,http://e-pao.net/GP.asp?src=6..111010.oct10,2570,2010-10-08 00:00:00,"Tharon(?) and Langol Tarung villages, Thangmeiband constituency, Imphal, Manipur","On the other hand, landslides that occurred along the Langol foothill range following incessant rainfall during the last few days had affected residents of Tharon and Langol Tarung villages.  A team of Thangmeiband Assembly Constituency Development Forum (TACDF) Tribal Committee visited the affected sites to collect first hand report of the devastation and interacted with the affected families today.  Under the initiative of social worker Jyotin Waikhom, the Committee chairman Ajit Panmei handed over Rs 5000 to Amuba Golmei of Tharon village whose house was damaged by the landslide.  The team also visited the houses of Guanbilung Golmei, Dr Athui Gangmei and Chongpu Kom at Langol Tarung village, which have been partially damaged.","Tharon(?) and Langol Tarung villages, Thangmeiband constituency, Imphal, Manipur",landslide,downpour,medium,unknown,0.0,0.0,India,IN,Manipur,223523.0,Imphal,4.5122,93.9128,24.837,76.95,132.5,135.86,160.16,76.95,792.0,17.946031415771497,5.0,True,2.0,Ao76-2/3c,Ao
E-PAO,http://e-pao.net/GP.asp?src=1..020815.aug15,7389,2015-08-01 00:00:00,between Bongyang and Lokchao along the Imphal-Moreh highway,"Meanwhile, landslides also wreaked havoc in between Bongyang and Lokchao along the Imphal-Moreh highway and Tengnoupal-Sangshak road in Chandel district.",between Bongyang and Lokchao along the Imphal-Moreh highway,landslide,continuous_rain,medium,above_road,0.0,0.0,India,IN,Manipur,30418.0,Kakching,13.14385,94.0644,24.4072,3.7,100.7,118.29,201.72,76.06,1169.0,30.250220321793236,5.0,True,2.0,Ao76-2/3c,Ao
mizoramexpress.com,http://mizoramexpress.com/index.php/2010/09/landslide-hits-aizawl-1-house-destroyed/,2437,2010-09-16 00:00:00,"Aizawl-Lengpui rd 3km from Aizawl, Mizoram, Manipur","Sep 19, 2010  Meanwhile, Aizawl-Lengpui road remained blocked for the third day because of massive landslide about 3 km away from Lengpui. According to information received from the Engineer in charge, intermittent rainfall and falling of rocks hampered the work.  It is expected to be restored for all types of vehicles tomorrow. Meanwhile the National Highway No. 54 also is blocked by heavy landslide near Rangvamual.","Aizawl-Lengpui rd 3km from Aizawl, Mizoram, Manipur",landslide,downpour,medium,unknown,0.0,0.0,India,IN,Mizoram,265331.0,Aizawl,3.58713,92.694,23.7527,7.76,34.33,58.77,124.61,19.48,788.0,30.34177918841917,5.0,True,2.0,Bd61-2c,Bd
Nagaland Post,http://www.nagalandpost.com/ChannelNews/State/StateNews.aspx?news=TkVXUzEwMDEwMDE5MQ%3D%3D,9219,2016-07-26 23:00:00,"Zunheboto, Nagaland, India","Incessant heavy downpour since the past few weeks has caused landslides across Zunheboto district.  On July 26 night, the kitchen of one of the employees of Zunheboto Town Council (ZTC) was completely damaged by a retaining wall which fell due to landslide in the area.  On joint verification headed by Head DB, Zunheboto, Toyi and colony GB Vihoto Achumi it was learnt that the property was completely damaged by the landslide.","Zunheboto, Nagaland, India",landslide,downpour,medium,retaining_wall,0.0,0.0,India,IN,Nagaland,29499.0,Zunheboto,4.95159,94.5282,26.0101,1.68,31.23,61.28,139.95,23.43,1706.0,14.964338094507506,5.0,True,2.0,Ao76-2/3c,Ao
articles.timesofindia.indiatimes.com,http://articles.timesofindia.indiatimes.com/2013-10-07/guwahati/42793381_1_anil-nagar-heavy-rain-nabin-nagar,5582,2013-10-06 12:45:00,"Batahguli, Guwahati, Assam","Heavy downpour in the last 24 hours paralyzed life in Guwahati and a landslide triggered by the rain claimed the life of an elderly person in the city on Sunday. The rain also dampened the spirit of Durga Puja shopping in the city. Kamrup (Metro) additional deputy commissioner Dhrubajyoti Das said one Man Bahadur Gurung (80) of Batahghuli area in the city died when a rock rolled down the hills and hit Gurung, who was sitting at the foothills. Another landslide occurred on the Nilachal Hill, but no one was injured in the incident.","Batahguli, Guwahati, Assam",landslide,downpour,medium,unknown,1.0,0.0,India,IN,Assam,2000.0,Dispur,3.79782,91.8383,26.1309,62.76,151.09,174.79,248.9,62.76,105.0,8.517835654237123,5.0,True,2.0,Nd2-2b,Nd
Indian Express,http://indianexpress.com/article/india/india-others/mizoram-aizawl-houses-swept-away-graves-damaged-by-rain-and-landslide/,7837,2015-08-27 00:00:00,three graveyards within Aizawl,"The landslides also damaged as many houses and dislodged, and in some cases swept away, about 160 graves in three graveyards within the city.",three graveyards within Aizawl,landslide,downpour,medium,urban,0.0,0.0,India,IN,Mizoram,265331.0,Aizawl,0.90676,92.7265,23.7269,3.73,7.18,36.98,223.35,15.3,864.0,25.896232878736683,5.0,True,2.0,Bd61-2c,Bd
morungexpress,http://www.morungexpress.com/local/51540.html,2042,2010-07-06 00:00:00,"Zunheboto, Nagaland","Dimapur| July 12  : Yet another monsoon season in Nagaland and one has to batter bad roads.    This year’s monsoon has been the worse by far.  The scenario is no different inside the towns. A glimpse is all you need to notice the neglected state of roads in Zunheboto town. A fast growing town with increasing migration, the condition of roads in Zunheboto town is in total despair. The town wears the look of potholes, poor drainage system and shabby road repairs. With monsoon, the roads are a mess and there is not a patch of good road to spare in the main town.","Zunheboto, Nagaland",mudslide,monsoon,medium,unknown,0.0,0.0,India,IN,Nagaland,29499.0,Zunheboto,4.77695,94.5238,26.0093,9.14,35.75,73.22,125.45,17.0,1808.0,20.62758173058563,5.0,True,2.0,Ao76-2/3c,Ao
www.indiatvnews.com,http://www.indiatvnews.com/news/india/people-in-manipur-evacuate-due-to-landslides-volcanic-eruption-fear-baseless-29544.html,5603,2013-10-13 19:30:00,"Tusom, Manipur",Heavy rains have been lashing Tusom village of Ukhrul in Manipur for the past three days which resulted in a massive landslide here. Ukhrul district of Manipur lies close to the Indo-Myanmar border. Villagers immediately evacuated the area fearing volcanic eruptions after the massive landslide here. The mudslide was followed by eruption of black soil from a village hill by which the road linked between the districts headquarter and Tusom have been badly affected. Though this disaster took place on October 13 but it took several days for the villagers to inform the officials. A media team took two days to reach the spot due to disturbed connectivity between local areas. Some local media even wrongly reported the mudslide as volcanic eruptions.,"Tusom, Manipur",mudslide,downpour,medium,unknown,0.0,0.0,India,IN,Manipur,15118.0,Phek,28.57853,94.6024,25.426,0.02,0.04,17.24,60.56,9.39,1332.0,11.959364186636996,5.0,True,2.0,Bh16-2/3c,Bh
articles.timesofindia,http://articles.timesofindia.indiatimes.com/2012-06-04/guwahati/32030359_1_barail-hill-harangajao-landslides,4382,2012-06-03 00:00:00," between Harangajao and Mailongdisa, Assa,","Torrential rain in the Barail Hill range for the past many days triggered landslides at least five places along the Lumding-Silchar section of Northeast Frontier Railway (NFR) early on Sunday. Authorities have suspended and regulated services of all the trains in this 214-km section until tracks are cleared.   A senior official of NFR here said at around 3am on Sunday, a large amount of soil and mud, boulders and trees came down the Borail Hill on the tracks at five different places in Dima Hasao district. The affected places are between Harangajao and Mailongdisa, Bandarkhal and Chandranathpur, Maibang and Daotohaja, Lower Haflong and Bagetar and between Mahur and Migrendisa."," between Harangajao and Mailongdisa, Assa,",landslide,downpour,medium,unknown,0.0,0.0,India,IN,Assam,39982.0,Hāflong,16.97606,92.8573,25.1175,27.34,76.45,112.95,133.46,27.34,151.0,8.522096262869733,5.0,True,2.0,Ao76-2/3c,Ao
NDTV,http://www.ndtv.com/andhra-pradesh-news/3-killed-in-landslide-in-arunachal-pradesh-781829,7214,2015-07-15 08:00:00,Type-IV Colony of Seppa in East Kameng,"Torrential rains in the past 24 hours have caused heavy landslides in various areas of the district headquarters damaging several houses, roads, culverts, pipelines and electricity poles.  three victims - a couple and their three-year-old son killed on the spot",Type-IV Colony of Seppa in East Kameng,landslide,monsoon,medium,urban,3.0,0.0,India,IN,Arunachal Pradesh,7121.0,Bomdila,61.6633,93.0385,27.36,40.53,70.31,77.28,144.26,40.53,402.0,6.4993257467495305,5.0,True,2.0,Ao80-2bc,Ao
www.nagalandpost.com,http://www.nagalandpost.com/ChannelNews/State/StateNews.aspx?news=TkVXUzEwMDA0MDQ4MQ%3D%3D-gEvw8J4DIOI%3D,5005,2013-07-01 00:00:00,"Walo Ward, Mon Town, Wokha District, Nagaland","Six houses have been damaged by landslide at Walo ward of Mon town. According to an official bulletin, the incident took place on July 1. In order to take note of the situation, the district administration led by deputy commissioner, Mon, Angau I Thou, SDO Civil Mon Sadar, Keyirangding Hgui and DBs visited the affected side and inspected the damaged area on July 2. After interacting with the people, the deputy commissioner announced to release Rs. 5000/- each as an immediate relief to the affected families. ÒIf heavy rain continues, more landslides are likely to occur in the area because there are many cracks in the earth due to unstable soilÓ, added the official bulletin.","Walo Ward, Mon Town, Wokha District, Nagaland",landslide,downpour,medium,unknown,0.0,0.0,India,IN,Nagaland,18742.0,Mon,3.41152,95.029,26.72,14.44,33.33,111.85,167.58,27.52,689.0,8.43238623760218,5.0,True,2.0,Ao76-2/3c,Ao
The Northeast Today,http://thenortheasttoday.com/landslides-damage-houses-graves-in-aizawl/,8223,2015-09-14 03:10:00,"Aizawl, Mizoram, India","Landslides triggered by heavy downpour on Monday night have swept away two houses and damaged 39 graves in Aizawl. In Zemabawk neighbourhood in the eastern periphery of the city, two houses were carried away by landslide which also blocked the national highway 54, connecting Aizawl eastern parts of the state. There were no human casualties as family members of the two buildings managed to flee before the incident that took place around 3:10am this morning. The landslide also buried one maxicab and a truck parked on the roadside.","Aizawl, Mizoram, India",landslide,downpour,large,above_road,0.0,0.0,India,IN,Mizoram,265331.0,Aizawl,0.6548,92.7187,23.7348,13.58,44.56,78.75,137.25,17.41,1038.0,18.14421799352956,5.0,True,3.0,Bd61-2c,Bd
Assam Tribune,http://www.assamtribune.com/scripts/detailsnew.asp?id=sep2414/at051,6285,2014-09-22 00:00:00,VIP Road,A portion of VIP Road was blocked due to landslide,VIP Road,landslide,rain,small,above_road,0.0,0.0,India,IN,Assam,2000.0,Dispur,3.10164,91.8178,26.159,126.76,191.59,231.7,266.59,126.76,61.0,6.774041654801501,5.0,True,1.0,Af48-2ab,Af
Hindu,https://web.archive.org/web/20110722180056/http://www.thehindu.com/news/states/other-states/article2276615.ece,3794,2011-07-17 00:00:00,West Bengal-Sikkim at highway Rambi,"The ongoing monsoons have once again started to take its toll along NH-31A, with various places along the West Bengal-Sikkim highway being blocked because of landslides, police said.  After closing down the highway for over 12 hours at Rambi in the West Bengal side on June 17, the rains have once again disrupted traffic along the highway since Tuesday.  “The highway is blocked at a place around 200 meters from Teesta Bridge towards Siliguri. The spot which is near the Shiv Mandir at the infamous Likhey Bhir is informed to have lost a section of the road due to heavy rains,” Janmukti Chalak Mahasangh’s (JCM) president Milan Pradhan said.  The section of the road broke down at around mid-night on Tuesday after which traffic came to a standstill with vehicles on either side returning back to their destinations or taking alternative routes via Darjeeling, Kurseong or Mirik, police said.  Drivers are also taking the route via Kalimpong-Lava-Gurubathan and Damdim and entering Siliguri throug",West Bengal-Sikkim at highway Rambi,landslide,rain,medium,above_road,0.0,0.0,India,IN,Sikkim,3596.0,Jorethang,4.44389,88.42280921,26.99195749,6.33,24.99,77.76,172.28,18.98,268.0,25.893203347040103,5.0,True,2.0,Rd29-1a,Rd
morungexpress,http://www.morungexpress.com/local/56264.html,2567,2010-10-08 00:00:00,"Phek, Manipur","Also in Phek, due to incessant rains over the last few weeks apart from the paddy fields, landslides/mudslides occurred at different places of the district head quarter town leading to the damage of houses and properties of the denizens. Several parts of the town face dangerous apprehensions if the rains continue in the same manner. The natural calamity scheme which prove futile to the genuine applicants for the last few years reminds the public leaders of the aggrieved farmers. ","Phek, Manipur",complex,downpour,medium,unknown,0.0,0.0,India,IN,Manipur,15118.0,Phek,3.00511,94.4703,25.6633,52.1,92.98,96.35,126.23,52.1,1447.0,8.21793936850887,5.0,True,2.0,Ao76-2/3c,Ao
Indian Express,http://indianexpress.com/article/india/india-news-india/separate-landslides-kill-two-in-assam-2913748/,8995,2016-07-14 00:00:00,"Noonmati Nijarapar area of the city, Guwahati, Assam, India","Trigger is most likely monsoon since this incident occurred during monsoon season.Two persons, including a girl, were killed in landslides in Assam on Thursday. In Noonmati Nijarapar area of the city, a class IV girl student was buried in another landslide which came crashing on her house.","Noonmati Nijarapar area of the city, Guwahati, Assam, India",landslide,monsoon,small,unknown,1.0,0.0,India,IN,Assam,899094.0,Guwahati,6.2948,91.8074,26.1963,7.89,16.48,48.2,189.46,11.26,172.0,12.858314085836204,5.0,True,1.0,Ao79-a,Ao
www.nagalandpost.com,http://www.nagalandpost.com/ChannelNews/State/StateNews.aspx?news=TkVXUzEwMDA0MjY4Nw%3D%3D-bSp8jh3okxw%3D,5273,2013-08-04 00:00:00,"Zhekuto, Nagaland","Incessant torrential rain, which began Sunday at around 11.30 p.m. has completely cut off Suruhuto town from the rest of the state. In a press release, NGZPMC joint secretary Hotoshe Sema said all three links connecting Zunheboto, Mokokchung and Tuensang have been cut off. Road to Zunheboto has been  blocked in 5-6 places and Mokokchung road has been blocked in two places near Zhekuto and Longsa. The valleys of Nanga (Dikhu), Phizo and Tizu, known as rice bowls of Suruhuto Area has been damaged by floods and landslides. Many terrace fields and canals have been washed away by flood. A team of Nanga (Dikhu) Greener Zone Project Management Committee (NGZPMC) who were on GPS mapping of Community Conserved Area (CCA) has been stranded at Nanga valley owing to flood. Log bridges connecting Phuye New/Old and Suruhuto/Surumi/Aichi Saghemi villages have been washed away. Travelers from Tuensang to Kohima/Dimapur via Suruhuto-Coco shortcut road have been requested to take the via Mokokchung rout","Zhekuto, Nagaland",landslide,monsoon,medium,unknown,0.0,0.0,India,IN,Nagaland,34021.0,Mokokchūng,16.2695,94.5497,26.1807,5.78,14.93,47.43,91.56,17.14,1650.0,31.579415431363547,5.0,True,2.0,Ao76-2/3c,Ao
Zee News,http://zeenews.india.com/news/north-east/eight-die-of-landslide-in-east-khasi-hills_1474744.html,6290,2014-09-23 03:00:00,Mawbah under Mawprem area,"Eight persons including a pregnant woman were buried alive under the debris after a massive landslide occurred in Mawbah under Mawprem area in Meghalaya's East Khasi Hills District, officials said.",Mawbah under Mawprem area,landslide,continuous_rain,small,urban,8.0,1.0,India,IN,Meghalaya,132842.0,Shillong,1.8982,91.8666,25.5772,73.98,252.28,349.11,400.48,106.85,1473.0,11.687392758994248,5.0,True,1.0,Ao74-2b,Ao
thehindu,http://www.thehindu.com/news/states/other-states/article600333.ece,2345,2010-08-27 18:00:00,"Daragaon(?), Gangtok city, Sikkim","Gangtok, August 28, 2010  Heavy rains triggering landslides has affected large parts of Sikkim in which one person was killed and many houses were damaged, officials said today.   In the State capital Gangtok, a massive landslide in the residential area below Daragaon damaged four buildings last evening, forcing evacuations from these structures.","Daragaon(?), Gangtok city, Sikkim",landslide,downpour,medium,unknown,0.0,0.0,India,IN,Sikkim,30700.0,Gangtok,1.63012,88.6188,27.3392,11.94,39.91,93.81,197.06,24.76,1859.0,28.525829141462467,5.0,True,2.0,Bd32-2bc,Bd
Nagaland Post,http://nagalandpost.com/ChannelNews/State/StateNews.aspx?news=TkVXUzEwMDA4NTE4Nw%3D%3D,7701,2015-08-19 15:00:00,Phesama,Over 200 vehicles were stranded along NH-29 Phesama landslide area for almost four hours on Wednesday.,Phesama,landslide,continuous_rain,medium,above_road,0.0,0.0,India,IN,Nagaland,92113.0,Kohima,5.22778,94.1051,25.6278,8.1,17.36,37.6,106.62,12.95,1525.0,12.46880569721071,5.0,True,2.0,Ao76-2/3c,Ao
kanglaonline.com,http://www.kanglaonline.com/index.php?template=headline&newsid=39058&typeid=1,211,2007-08-26 00:00:00,Tamenglong,"man killed along road cut, many events in this area affecting people and livestock, occurred at 5:30 pm",Tamenglong,mudslide,continuous_rain,medium,unknown,1.0,0.0,India,IN,Manipur,223523.0,Imphal,43.53546,93.55,24.9667,5.9,7.74,30.56,82.37,14.75,568.0,22.8550987968422,5.0,True,2.0,Bh16-2/3c,Bh
timesofindia.indiatimes,http://timesofindia.indiatimes.com/news/city/guwahati/Landslides-snap-road-links-in-Arunachal-district/articleshow/4916000.cms,1084,2009-08-12 00:00:00,"Upper Subansiri District, Arunanchal Pradesh",Torrential rain has triggered a series of landslides across Arunachal Pradesh. The worst affected by the deluge was the Upper Subansiri district which has been cut off from the rest of the country since August 12.,"Upper Subansiri District, Arunanchal Pradesh",landslide,downpour,medium,unknown,0.0,0.0,India,IN,Arunachal Pradesh,7121.0,Bomdila,60.8421,92.8,27.7,17.32,32.27,50.39,101.58,17.32,2445.0,17.488372713621818,5.0,True,2.0,Ao80-2bc,Ao
Business Standard,http://www.business-standard.com/article/pti-stories/two-labourers-killed-in-landslide-115022000437_1.html,6786,2015-02-19 23:00:00,"Hailākāndi : Two labourers died while another was injured in a landslide in Assam's Hailakandi district, the police said today.","Two labourers died while another was injured in a landslide in Assam's Hailakandi district, the police said today.",,landslide,mining,medium,mine,2.0,1.0,India,IN,Assam,31031.0,Hailākāndi,8.09941,92.562,24.6108,9.38,10.96,11.17,11.17,9.38,30.0,4.921340582296557,5.0,False,2.0,Ge53-3a,Ge
voiceofsikkim.com,http://voiceofsikkim.com/2010/04/18/rains-trigger-major-landslide-at-pani-house/,1755,2010-04-17 15:00:00,"Natl. Highway 31-A at Pani House(?), Gangtok","Much ahead of the Monsoon, Gangtok is already reeling under the ipact of incessant rains and resultant landslides.  The Gangtok traffic came to a stand still when a major landslide hit the road at Pani House this afternoon. The highway was blocked for several hours when a portion of the wall above Pani House came crashing down leaving hundreds of vehicle stranded off in the National Highway 31- A. It took almost an hour for Deorali OP Police and the local people to clear the debris for traffic.  However, no human causalities were reported except for the minor damage of a Mahindra Bolero which was parked below the landslide area. Besides, the rainwater entered into one of the hotels located at Pani House leaving the owner and the staff panic-stricken.","Natl. Highway 31-A at Pani House(?), Gangtok",landslide,downpour,small,unknown,0.0,0.0,India,IN,Sikkim,30700.0,Gangtok,1.00195,88.6083,27.3341,0.26,1.83,3.59,4.09,1.22,1449.0,24.49385858982577,5.0,True,1.0,Bd32-2bc,Bd
Business Standard,http://www.business-standard.com/article/news-ani/over-hundred-homes-displaced-due-to-landslide-in-meghalaya-116072100406_1.html,9124,2016-07-19 00:00:00,"Rongthragittim Songittal village, near Sibbari, South Garo Hills District, Meghalaya, India",At least three houses were destroyed and over a hundred others displaced by a massive landslide near Sibbari in Meghalaya's South Garo Hills District. A large portion of a hill came sliding down on Tuesday at Rongthragittim Songittal village due to incessant rains in the region for over six days. Such was the force with which the portion of the hill came down that some of the displaced houses were pushed as far away as hundred meters from their original position. No causalities have been reported due to the incident.,"Rongthragittim Songittal village, near Sibbari, South Garo Hills District, Meghalaya, India",translational_slide,continuous_rain,large,natural_slope,0.0,0.0,India,IN,Meghalaya,79016.0,Netrakona,39.40241,90.5573,25.203,39.27,219.59,326.26,408.9,98.45,139.0,16.68948805959749,5.0,True,3.0,Nd2-2b,Nd
articles.timesofindia,http://articles.timesofindia.indiatimes.com/2012-06-04/guwahati/32030359_1_barail-hill-harangajao-landslides,4384,2012-06-03 00:00:00,"between Haflong and  Bagetar, Assam","Torrential rain in the Barail Hill range for the past many days triggered landslides at least five places along the Lumding-Silchar section of Northeast Frontier Railway (NFR) early on Sunday. Authorities have suspended and regulated services of all the trains in this 214-km section until tracks are cleared.   A senior official of NFR here said at around 3am on Sunday, a large amount of soil and mud, boulders and trees came down the Borail Hill on the tracks at five different places in Dima Hasao district. The affected places are between Harangajao and Mailongdisa, Bandarkhal and Chandranathpur, Maibang and Daotohaja, Lower Haflong and Bagetar and between Mahur and Migrendisa.","between Haflong and  Bagetar, Assam",landslide,downpour,medium,unknown,0.0,0.0,India,IN,Assam,39982.0,Hāflong,1.50142,93.0123,25.1775,27.34,76.45,112.95,133.46,27.34,652.0,15.42307118570718,5.0,True,2.0,Ao76-2/3c,Ao
Business Standard,http://www.business-standard.com/article/pti-stories/rescue-operations-for-woman-swept-away-by-landslide-continue-114071500831_1.html,6143,2014-07-14 18:00:00,"Zembabawk, Aizawl","The State Disaster Response Force and volunteers from Falkland locality and other places continued their operation to search the body of a 30-year-old woman, swept away by a massive landslide last evening near Aizawl, despite inclement weather. Six persons, including Munna Begum, were inside a house at Falkland area of Zemabawk when the landslide swept it away, Aizawl district Additional SP Remsanga told PTI. A building construction worker Amar Hussein, from Duttapur in neighbouring Cachar district of Assam, had rented the house and was living there with two of his helpers while his wife Begum and two children recently joined them, he said. The landslide, during a heavy downpour, swept away the house and Begum was still missing while the two children sustained minor injuries, Remsanga added. Except her sarees, Begum was yet to be found and the volunteers suspected that the flash flood has swept her body to river Chite, he said.","Zembabawk, Aizawl",landslide,downpour,medium,unknown,1.0,2.0,India,IN,Mizoram,265331.0,Aizawl,2.92778,92.7463,23.7327,4.46,14.06,35.85,91.69,9.9,839.0,23.47891185858705,5.0,True,2.0,Bd61-2c,Bd
articles.timesofindia,http://articles.timesofindia.indiatimes.com/2012-06-04/guwahati/32030359_1_barail-hill-harangajao-landslides,4383,2012-06-03 00:00:00,"between Maibang and Daotohaja, Assam","Torrential rain in the Barail Hill range for the past many days triggered landslides at least five places along the Lumding-Silchar section of Northeast Frontier Railway (NFR) early on Sunday. Authorities have suspended and regulated services of all the trains in this 214-km section until tracks are cleared.   A senior official of NFR here said at around 3am on Sunday, a large amount of soil and mud, boulders and trees came down the Borail Hill on the tracks at five different places in Dima Hasao district. The affected places are between Harangajao and Mailongdisa, Bandarkhal and Chandranathpur, Maibang and Daotohaja, Lower Haflong and Bagetar and between Mahur and Migrendisa.","between Maibang and Daotohaja, Assam",landslide,downpour,medium,unknown,0.0,0.0,India,IN,Assam,8364.0,Maibong,1.26422,93.1265,25.3056,26.59,84.45,114.11,138.49,38.61,309.0,17.86684892489941,5.0,True,2.0,Ao76-2/3c,Ao
Nagaland Post,http://www.nagalandpost.com/channelnews/state/StateNews.aspx?news=TkVXUzEwMDA4MjI0OA%3D%3D,6990,2015-06-24 00:00:00,"New Land (""""New Colony"""")","Incessant rain and heavy downpour took its toll, in the form of huge landslide which destroyed several houses, properties and road connectivity affecting the normal and regular life of the residents here in New Colony, Zunheboto.","New Land (""""New Colony"""")",landslide,continuous_rain,medium,above_road,0.0,0.0,India,IN,Nagaland,29499.0,Zunheboto,7.81915,94.5466,26.0319,13.93,42.27,87.83,155.0,21.66,1554.0,40.77036050242681,5.0,True,2.0,Ao76-2/3c,Ao
thesop.org,http://thesop.org/story/20120701/woman-killed-in-guwahati-by-landslide.html,4426,2012-06-22 00:00:00,Lalunggaon near Gorchuk area,"On June 22, three people including two children of a family were killed in a landslide incident at Lalunggaon near Gorchuk area in the city.Thousands of families live at the bottom of 18 hills in the city. These families have allegedly encroached on the land of the hilly area.",Lalunggaon near Gorchuk area,landslide,downpour,medium,unknown,3.0,0.0,India,IN,Assam,899094.0,Guwahati,7.45913,91.7162,26.1226,43.46,79.73,89.48,224.68,43.46,72.0,15.288279133132818,5.0,True,2.0,Nd2-2b,Nd
Assam Tribune,http://www.assamtribune.com/scripts/detailsnew.asp?id=sep2414/at051,6288,2014-09-22 00:00:00,Noonmati,"On the other hand, several incidents of landslides were reported from Dhirenpara, Koinadhara, Gorhchuk, Noonmati and Pamohi.",Noonmati,landslide,rain,small,unknown,0.0,0.0,India,IN,Assam,899094.0,Guwahati,5.61963,91.7998,26.1985,126.76,191.59,231.7,266.59,126.76,82.0,10.286118871948458,5.0,True,1.0,Ao79-a,Ao
The Assam Tribune,http://www.assamtribune.com/scripts/detailsnew.asp?id=oct0214/oth052,6222,2014-10-01 11:00:00,Karsingsa block point,"The incident occurred around 11 am when a group of commuters were crossing the Karsingsa block point on foot towards Banderdewa, the gateway of Arunachal capital, Itanagar, when a massive landslide hit the victims and buried them alive after dragging them for about 100 metres.  The killed have been identified as 22-year-old Gichik Yake (Tagru) and her husband Tagru Tassa (27) of Tali in Kurung Kumey district, Kamgouthang Kipgen (29) and Jhon Kipgen (16) – both hailing from Manipur, and eight-year-old boy Hriky Dekam (Tamin) from Daporijo, Upper Subansiri district. The police later brought the bodies to the Arunachal State Hospital morgue for identification and later handed them over to their relatives after completing all formalities.",Karsingsa block point,landslide,unknown,small,above_road,5.0,0.0,India,IN,Arunachal Pradesh,26912.0,Naharlagun,7.80995,93.7706,27.1249,0.0,0.01,81.07,271.83,34.68,157.0,30.203926293037487,5.0,False,1.0,Be82-a,Be
assamtribune,http://www.assamtribune.com/scripts/detailsnew.asp?id=jul3110/oth05,2163,2010-07-29 00:00:00,"Maram area in Senapati district, National Highway 39",Manipur’s National Highway 39 has been cut off from the rest of the region after a heavy landslide at Maram area in Senapati district. The Imphal-Mao section of the NH-39 has been cut off due to landslide at Maram bazaar following heavy rainfall in the last few days. The landslide took place on Thursday cutting off the road totally leaving many vehicles stranded on both sides of the stretch.,"Maram area in Senapati district, National Highway 39",landslide,downpour,medium,unknown,0.0,0.0,India,IN,Nagaland,92113.0,Kohima,28.26285,94.1054,25.4196,17.06,32.41,58.35,101.04,17.06,1400.0,22.47272827882763,5.0,True,2.0,Ao76-2/3c,Ao
The Northeast Today,http://www.northeasttoday.in/two-women-buried-alive-in-shillong-landslide/,8366,2015-09-23 15:00:00,"Shillong, Meghalaya, India","Two women were buried alive under a massive pile of debris following a landslide at Lamavilla area in Shillong, Meghalaya on Wednesday afternoon triggered by heavy rainfall over the past few days.  The incident occurred when a retaining wall collapsed onto the houses below. The deceased women have been identified as Meenu Thapa (40’s) and Karuna Shreshta (25). The deceased were tenants of one Bina Lama. A five-year-old child Aditya Shrestha sustained serious injuries and was rushed to the hospital.  Soon after the news of the landslide, a team from the State Disaster Response Force rushed to the spot and started relief works. Incidentally, Wednesday’s landslide comes exactly a year to the day when eight persons including a pregnant woman were buried alive following a massive landslide triggered by incessant rainfall in Mawbah locality in Shillong.  When contacted, East Khasi Hills Deputy Commissioner P.S. Dkhar said he has asked the Meghalaya Urban Development Authority to conduct an i","Shillong, Meghalaya, India",landslide,downpour,medium,natural_slope,2.0,1.0,India,IN,Meghalaya,132842.0,Shillong,1.85404,91.893,25.583,48.8,118.09,140.11,238.3,48.8,1445.0,7.211180224347258,5.0,True,2.0,Ao74-2b,Ao
Zee News,http://zeenews.india.com/news/north-east/landslide-in-tawang-area-of-arunachal-pradesh-watch-video_1878690.html,7655,2016-04-22 02:30:00,"Tawang, Arunachal Pradesh","TRMM shows no significant rainfall accumulation. Article: Continuous rain in the last couple of days led to a landslide at Famla village in Arunachal Pradesh's Tawang district early Friday, killing 17 people.","Tawang, Arunachal Pradesh",landslide,continuous_rain,medium,above_road,17.0,0.0,India,IN,Arunachal Pradesh,4831.0,Tawang,6.69648,91.8569,27.5799,11.02,58.47,118.9,142.58,26.43,2757.0,26.387393427090977,5.0,True,2.0,Ao80-2bc,Ao
The Sangai Express,http://www.thesangaiexpress.com/page/items/54212/massive-landslide-along-maram-peren-road-downpour-creates-havoc-in-different-parts,7264,2015-07-22 00:00:00,22 kms to 30 kms between Sangkungmai and Willong,"Torrential rain in the last many days has created havoc in many places of Senapati district. According to sources, vehicular and human movements have been completely halted. Removal of trees and loose soil are expected to take many weeks before normal movement along the road can begin. Sources specified of major landslides in different locations including 15 kms from Maram, 22 kms to 30 kms between Sangkhumai and Willong, Willong-Yangkhullen stretch and Yangkhullen-Tamphung road till Nagaland border.",22 kms to 30 kms between Sangkungmai and Willong,landslide,continuous_rain,medium,above_road,0.0,0.0,India,IN,Manipur,92113.0,Kohima,27.6588,93.9827,25.4538,10.3,41.39,117.9,163.55,33.49,1778.0,24.17357170238777,5.0,True,2.0,Bh16-2/3c,Bh
Business Standard,http://www.business-standard.com/article/pti-stories/three-injured-houses-collapse-in-landslide-in-arunachal-116080700399_1.html,9464,2016-08-05 00:00:00,Babrang village under Jang circle in Tawang district,"Three persons were injured and eight houses collapsed following landslides triggered by torrential rain at Barbara in Tawang district of Arunachal Pradesh, an official said today.",Babrang village under Jang circle in Tawang district,landslide,downpour,medium,unknown,0.0,3.0,India,IN,Arunachal Pradesh,4831.0,Tawang,5.03841,91.9754,27.5754,0.23,10.25,20.27,96.55,7.21,2410.0,26.864068197615136,5.0,True,2.0,Ao80-2bc,Ao
ibnlive.in,http://ibnlive.in.com/generalnewsfeed/news/barrak-valley-cut-off-due-to-heavy-landslides/1007155.html,4377,2012-06-02 00:00:00,"Guwahati, Assam","South Assam's Barrak valley has been cut off from the rest of the country due to heavy landslides. Northeast Frontier Railway sources said heavy rain have caused landslide in five places between Haranjao and Mailongdifa railway stations. A ""small"" track will be cleared within a couple of hours but the bigger one will take time but the work is on full swing, officials said. Due to this normal train services between Silchar, Lumding and Guwahati will be suspended.","Guwahati, Assam",landslide,downpour,large,unknown,0.0,0.0,India,IN,Assam,899094.0,Guwahati,4.21344,91.7356,26.1475,12.72,43.71,113.79,138.66,59.2,52.0,0.0,5.0,True,3.0,Ao79-a,Ao
Assam Times,http://www.assamtimes.org/node/14643,7728,2015-08-22 09:00:00,Natonal Highway in Jorabat area,Hundreds of vehicles have been remaining stranded on the Natonal Highway in Jorabat area where a huge hillock slipped on road the in the wee hours. It took several hours to clear the road. - See more at: http://www.assamtimes.org/node/14643#sthash.6wgmNZxM.dpuf,Natonal Highway in Jorabat area,landslide,continuous_rain,medium,above_road,0.0,0.0,India,IN,Assam,2000.0,Dispur,8.83912,91.8806,26.1028,4.42,70.45,153.53,189.48,44.17,133.0,15.471112076163267,5.0,True,2.0,Nd2-2b,Nd
e-pao.net,http://e-pao.net/GP.asp?src=23..111010.oct10,2566,2010-10-08 00:00:00,"Sahong, Tabu and Pani village under Tadubi police station of Senapati district, NH-39","Unable to negotiate muddy steep portions on NH-39, over 200 Imphal bound freight trucks including inter-state passenger buses coming from Dimapur side were stranded at Mao area, official reports received here said. A report from Mao police, confirming the report said that the vehicles were stranded as mud brought down by streams piled up on the highway at Sahong village and its nearby areas where minor landslides occurred two days back. Reports said that due to heavy shower in the last few days, landslides occurred at Sahong, Tabu and Pani village under Tadubi police station of Senapati district. The landslides had been cleared but huge masses of mud brought down by the streams have affected the traffic movement.","Sahong, Tabu and Pani village under Tadubi police station of Senapati district, NH-39",mudslide,downpour,medium,unknown,0.0,0.0,India,IN,Nagaland,92113.0,Kohima,22.04313,94.1351,25.4769,52.1,92.98,96.35,126.23,52.1,1673.0,19.73007978274894,5.0,True,2.0,Ao76-2/3c,Ao
articles.timesofindia.indiatimes.com,http://articles.timesofindia.indiatimes.com/2013-10-07/guwahati/42793381_1_anil-nagar-heavy-rain-nabin-nagar,5584,2013-10-06 00:00:00,"Nilachal Hill, Guwahati, Assam","Heavy downpour in the last 24 hours paralyzed life in Guwahati and a landslide triggered by the rain claimed the life of an elderly person in the city on Sunday. The rain also dampened the spirit of Durga Puja shopping in the city. Kamrup (Metro) additional deputy commissioner Dhrubajyoti Das said one Man Bahadur Gurung (80) of Batahghuli area in the city died when a rock rolled down the hills and hit Gurung, who was sitting at the foothills. Another landslide occurred on the Nilachal Hill, but no one was injured in the incident.","Nilachal Hill, Guwahati, Assam",landslide,downpour,medium,unknown,0.0,0.0,India,IN,Assam,17516.0,North Guwāhāti,3.75928,91.7049,26.1665,62.76,151.09,174.79,248.9,62.76,233.0,13.777425286985055,5.0,True,2.0,Ao79-a,Ao
e-pao,http://www.e-pao.net/GP.asp?src=8..080711.jul11,3741,2011-07-07 00:00:00,Maram (80 km north of Imphal),"Imphal, July 07 2011: More than 100 stranded loaded trucks are waiting their turn to drive down towards Imphal at the landslide hit Maram bazar, 80km north of Imphal, while an equal number of empty trucks lining up on the other side of the NH 39, to move towards Dimapur (Nagaland) .  The movement of the trucks has been severely affected to landslide at Maram since the last few days.  Maram Students Union had already sought help and cooperation from the concerned authorities to properly make the route motorable.  This picture was taken by Karaiba,a resident of Maram Bazar at around 6.10pm today, saying that the trucks started lining up at Maram since morning (7am) onwards.  Presently one JCV has been reportedly put into service to clear the route.  A large portion of NH-39 has sunk between Maram Bazar and Maram Centre beneath the 5 Assam Rifles camp.",Maram (80 km north of Imphal),landslide,rain,medium,unknown,0.0,0.0,India,IN,Nagaland,92113.0,Kohima,28.31436,94.1079,25.4191,2.6,11.26,55.45,151.32,17.38,1392.0,10.209837985587429,5.0,True,2.0,Ao76-2/3c,Ao
www.nagalandpost.com,http://www.nagalandpost.com/ChannelNews/State/StateNews.aspx?news=TkVXUzEwMDA0MjY4Nw%3D%3D-bSp8jh3okxw%3D,5271,2013-08-04 00:00:00,"Nanga, Nagaland","Incessant torrential rain, which began Sunday at around 11.30 p.m. has completely cut off Suruhuto town from the rest of the state. In a press release, NGZPMC joint secretary Hotoshe Sema said all three links connecting Zunheboto, Mokokchung and Tuensang have been cut off. Road to Zunheboto has been  blocked in 5-6 places and Mokokchung road has been blocked in two places near Zhekuto and Longsa. The valleys of Nanga (Dikhu), Phizo and Tizu, known as rice bowls of Suruhuto Area has been damaged by floods and landslides. Many terrace fields and canals have been washed away by flood. A team of Nanga (Dikhu) Greener Zone Project Management Committee (NGZPMC) who were on GPS mapping of Community Conserved Area (CCA) has been stranded at Nanga valley owing to flood. Log bridges connecting Phuye New/Old and Suruhuto/Surumi/Aichi Saghemi villages have been washed away. Travelers from Tuensang to Kohima/Dimapur via Suruhuto-Coco shortcut road have been requested to take the via Mokokchung rout","Nanga, Nagaland",landslide,continuous_rain,medium,unknown,0.0,0.0,India,IN,Nagaland,34021.0,Mokokchūng,7.70289,94.5808,26.284,5.53,15.66,54.81,110.52,23.76,731.0,28.13851561288479,5.0,True,2.0,Ao76-2/3c,Ao
www.business-standard.com,http://www.business-standard.com/article/current-affairs/mudslides-block-nh-2-in-nagaland-113100700032_1.html,5575,2013-10-05 23:00:00,"Chiechama, Nagaland","Continuous rainfall has caused massive mudslides blockingNH-2 between Kohima and Botsa in Nagaland, official sources said today. The mudslides on late last night has caused huge inconvenience, additional deputy commissioner Chiephobozou sub-division Bodeno Mero said. She said around 60 to 70 vehicles were stranded along the stretch since this morning. An electrical post was also damaged due to mudslide and power lines were cut off in and around Botsa area to avoid any mishap. Stating that all efforts are being made to see that the highway is cleared with PWD workers put to service, she however cautioned the public travelling on NH-2 of delayed journey. She expressed fear that the mudslides would continue till the rain stopped.","Chiechama, Nagaland",mudslide,continuous_rain,medium,unknown,0.0,0.0,India,IN,Nagaland,92113.0,Kohima,17.27342,94.1497,25.8266,16.72,36.68,39.65,72.15,16.72,1394.0,29.25896401491808,5.0,True,2.0,Ao76-2/3c,Ao
e-pao,http://www.e-pao.net/GP.asp?src=27..280810.aug10,2344,2010-08-27 16:30:00,"NH-53 at Nungba police station, Kambirong(?), Manipur","Imphal, August 27 2010: The state was cut off from the rest of the country as landslides triggered by torrential rains blocked both NH-39 and 53.The disturbances on the highways are amidst the extended 25-day economic blockade imposed by UNC which entered the third day today.  The landslide blocking NH-39 occurred at Ekai village, two kilometer away from Tadubi at about 4.30 pm today while the traffic on NH-53 was blocked by a heavy landslide at Kambirong only 10 metres away from Nungba police station, official reports said.  The report said that due to the landslide at Ekai village, highway traffic has been totally blocked.  A portion of around 10 metres of the hill face has slid due to torrential rains in the last few days, it added.  The road has been totally blocked by rocks and mud forcing freight trucks and other vehicles stranded on both sides of the landslide area.","NH-53 at Nungba police station, Kambirong(?), Manipur",landslide,downpour,medium,unknown,0.0,0.0,India,IN,Assam,12871.0,Lakhipur,42.03089,93.4221,24.7505,8.73,15.13,35.38,96.58,8.73,784.0,10.96796618678514,5.0,True,2.0,Bh16-2/3c,Bh
Hindustan Times,http://www.hindustantimes.com/india/20-dead-several-houses-swept-away-in-manipur-landslide/story-KoP6OouFBWhqxSdcnLrXJN.html,7384,2015-08-01 00:00:00,"Wayang, Khengjoi","Several houses of Hollenjang, Wayang and Tuitung village under Khengjoi were also swept away by the landslide. The total number of casualties from these areas, if any, are not known so far.","Wayang, Khengjoi",landslide,rain,medium,unknown,0.0,0.0,India,IN,Manipur,44540.0,Mawlaik,44.98236,94.0906,23.9278,2.09,71.58,85.55,145.97,50.65,935.0,13.089378757745736,5.0,True,2.0,Bf17-2c,Bf
e-pao.net,http://e-pao.net/GP.asp?src=21..210810.aug10,2283,2010-08-19 00:00:00,"2 km from Khongsang village(?), road between Tamenglong and Imphal or Nungba, Manipur","Imphal, August 20 2010:   At the same time, another landslide had occurred yesterday near Kisima between Mao Gate and Kohima which virtually cut off the Nagaland capital from the rest of the country.  Meanwhile, our Tamenglong correspondent, Daniel Kamei reported that following heavy rains during the past week, a massive mud slide has occurred at Khongsang village which completely cut off the road between Tamenglong and Imphal.  The mudslide occurred 2 km from Khongsang.  Many vehicles bound for Imphal or Nungba have returned to Tamenglong. Uncertain date: 13 - 19th.","2 km from Khongsang village(?), road between Tamenglong and Imphal or Nungba, Manipur",mudslide,downpour,medium,unknown,0.0,0.0,India,IN,Manipur,223523.0,Imphal,46.36778,93.4957,24.8961,8.39,19.28,50.65,56.92,10.75,1056.0,39.91619716692816,5.0,True,2.0,Bh16-2/3c,Bh
Telegraph India,http://www.telegraphindia.com/1120915/jsp/siliguri/story_15979380.jsp#.UQ8y7h2x-3I,4552,2012-09-14 00:00:00,"Takdah, West Bengal","Landslides triggered by heavy overnight rain in the hills caused extensive damage in six tea gardens but planters said the digging being done under the 100-day rural job scheme was making the soil come loose.While work had to be stopped for the day in Takdah and Lopchu gardens because of the slides, Bannockburn, Phoobshering, Ging and Pussimbing reported loss of many tea bushes.“Takdah received around 18 inches of rainfall in the last 24 hours. Around 160 labourer quarters have suffered damage. A 40ft road in Takdah has been washed away in four places and five culverts have been damaged in landslides. There is no approach road to the garden factory now,” said Sandeep Mukherjee, the principal advisor to the Darjeeling Tea Association.","Takdah, West Bengal",landslide,downpour,medium,unknown,0.0,0.0,India,IN,Sikkim,3596.0,Jorethang,8.50592,88.3603,27.0377,19.11,59.31,73.96,114.52,34.67,1481.0,21.17647711915332,5.0,True,2.0,Ah12-2bc,Ah
morungexpress,http://www.morungexpress.com/local/51540.html,2043,2010-07-06 00:00:00,"Mon, Nagaland","Dimapur| July 12  : Yet another monsoon season in Nagaland and one has to batter bad roads.    This year’s monsoon has been the worse by far.  Most interior villagers of Mon, Tuensang and Kiphire are cut out from the rest of the state. With good roads beyond their dreams even on dry days, rainy days are a nightmare for the people. Journey to places like Mimi in Kiphire, Pangsha in Tuensang and parts of Mon and Peren can be made only on four wheel drive vehicles or on foot. Mud slides are common in almost all the highways leading to district headquarters. Exploitation of natural resources like boulders and deforestation is causing more landslides than before. The use of roads by all size vehicles has spoilt most of the soiled roads making it difficult for smaller vehicles to ply.","Mon, Nagaland",mudslide,monsoon,medium,unknown,0.0,0.0,India,IN,Nagaland,18742.0,Mon,3.35789,95.0281,26.7225,13.18,37.16,73.13,128.95,13.18,699.0,8.28618530638979,5.0,True,2.0,Ao76-2/3c,Ao
morungexpress,http://www.morungexpress.com/local/51540.html,2045,2010-07-06 00:00:00,"Tuensang, Nagaland","Dimapur| July 12  : Yet another monsoon season in Nagaland and one has to batter bad roads.    This year’s monsoon has been the worse by far.  Most interior villagers of Mon, Tuensang and Kiphire are cut out from the rest of the state. With good roads beyond their dreams even on dry days, rainy days are a nightmare for the people. Journey to places like Mimi in Kiphire, Pangsha in Tuensang and parts of Mon and Peren can be made only on four wheel drive vehicles or on foot. Mud slides are common in almost all the highways leading to district headquarters. Exploitation of natural resources like boulders and deforestation is causing more landslides than before. The use of roads by all size vehicles has spoilt most of the soiled roads making it difficult for smaller vehicles to ply.","Tuensang, Nagaland",mudslide,monsoon,medium,unknown,0.0,0.0,India,IN,Nagaland,33748.0,Tuensang,3.57473,94.8133,26.2363,9.26,32.72,75.34,124.64,16.89,1559.0,14.352001947229548,5.0,True,2.0,Ao76-2/3c,Ao
assamtribune,http://www.assamtribune.com/scripts/detailsnew.asp?id=oct1312/oth06,4610,2012-11-11 00:00:00,"Dapchhuah, Mamit, Mizoram","Four people were killed and several places remained inaccessible due to road blockade caused by landslides since yesterday as heavy rains lashed Mizoram since Wednesday night, police said. The driver and operator of an excavator and the driver of a private vehicle were killed following a massive landslide near Dapchhuah village on Mizoram-Tripura border Mamit district last evening.While the body of Nasim Uddin, working under Muzir Uddin, operator of the excavator, was found, the search for the bodies of Muzir Uddin and Lalnunsiama, the driver of the vehicle, was on.","Dapchhuah, Mamit, Mizoram",landslide,downpour,medium,unknown,4.0,0.0,India,IN,Mizoram,5760.0,Sairang,14.01872,92.5217,23.7705,0.0,0.09,28.72,36.13,11.19,73.0,9.728201491806368,5.0,True,2.0,Bd61-2c,Bd
E-PAO,http://e-pao.net/GP.asp?src=26..120815.aug15,7666,2015-08-11 00:00:00,Tousem,"In a press statement, ZB-AMN General Secretary Dr Gairiangmei Maringmei said due to recent incessant rain, several areas of the Zeliangrong region have experienced landslides.",Tousem,landslide,continuous_rain,medium,unknown,0.0,0.0,India,IN,Manipur,7176.0,Mahur,27.66664,93.3729,25.1019,5.63,34.46,86.02,206.7,35.34,1140.0,8.129596852486529,5.0,True,2.0,Bd61-2c,Bd
articles.timesofindia.indiatimes.com,http://articles.timesofindia.indiatimes.com/2013-02-20/guwahati/37199432_1_fire-mishap-east-siang-massive-landslide,4757,2013-02-18 00:00:00,"East Siang, Arunachal Pradesh","At least three persons died on the spot while two were seriously injured in a massive landslide that occurred in East Siang district.The accident occurred at 20 mile, which is 38 km from Pasighat town in East Siang district on Monday, sources said here on Tuesday.","East Siang, Arunachal Pradesh",landslide,rain,medium,unknown,3.0,2.0,India,IN,Arunachal Pradesh,25581.0,Pāsighāt,16.99553,95.1645,28.1193,2.93,5.34,5.34,5.34,2.93,777.0,38.50868136980543,5.0,True,2.0,Ao80-2bc,Ao
Times of India,http://timesofindia.indiatimes.com/city/guwahati/Landslide-toll-touches-6-as-woman-buried-alive-in-Guwahati/articleshow/53314082.cms,9122,2016-07-20 00:00:00,"Noonmati, Guwahati, Assam, India",This was not the only incident of landslide in the city on Wednesday as a similar episode was also reported from the Noonmati locality. Two houses were completely buried under debris. No one suffered any injury.,"Noonmati, Guwahati, Assam, India",landslide,rain,medium,unknown,0.0,0.0,India,IN,Assam,899094.0,Guwahati,5.77893,91.802,26.1966,32.15,108.99,231.77,297.09,57.12,105.0,10.085476299962467,5.0,True,2.0,Ao79-a,Ao
Hindustan Times,http://www.hindustantimes.com/india/20-dead-several-houses-swept-away-in-manipur-landslide/story-KoP6OouFBWhqxSdcnLrXJN.html,7383,2015-08-01 00:00:00,"Tuitung village, Khengjoi","Several houses of Hollenjang, Wayang and Tuitung village under Khengjoi were also swept away by the landslide. The total number of casualties from these areas, if any, are not known so far.","Tuitung village, Khengjoi",landslide,rain,medium,unknown,0.0,0.0,India,IN,Manipur,44540.0,Mawlaik,38.95051,94.1434,23.899,2.09,71.58,85.55,145.97,50.65,259.0,13.342372695937204,5.0,True,2.0,Bf17-2c,Bf
e-pao,http://www.e-pao.net/GP.asp?src=27..280810.aug10,2343,2010-08-27 16:30:00,"NH-39 at Ekai village(?), 2 km for Tadubi, Manipur","Imphal, August 27 2010: The state was cut off from the rest of the country as landslides triggered by torrential rains blocked both NH-39 and 53.The disturbances on the highways are amidst the extended 25-day economic blockade imposed by UNC which entered the third day today.  The landslide blocking NH-39 occurred at Ekai village, two kilometer away from Tadubi at about 4.30 pm today while the traffic on NH-53 was blocked by a heavy landslide at Kambirong only 10 metres away from Nungba police station, official reports said.  The report said that due to the landslide at Ekai village, highway traffic has been totally blocked.  A portion of around 10 metres of the hill face has slid due to torrential rains in the last few days, it added.  The road has been totally blocked by rocks and mud forcing freight trucks and other vehicles stranded on both sides of the landslide area.","NH-39 at Ekai village(?), 2 km for Tadubi, Manipur",landslide,downpour,medium,unknown,0.0,0.0,India,IN,Nagaland,92113.0,Kohima,21.83054,94.1327,25.4786,14.5,22.07,36.87,96.43,14.5,1751.0,9.58752644399106,5.0,True,2.0,Ao76-2/3c,Ao
articles.timesofindia,http://articles.timesofindia.indiatimes.com/2011-08-06/guwahati/29861700_1_water-supply-drinking-water-landslides,3881,2011-08-05 00:00:00,Itanagar,"ITANAGAR: Heavy rainfall in the past 12 hours wrecked havoc in the Arunachal Pradesh capital with almost all major roads leading to the town being snapped off in many areas on the NH 52-A.  Rain induced landslides have cut off several places from the rest of the state, while many places within the capital complex near Karsingsa sinking zone, Lekhi village, A-sector Naharlagun and the Papunallah area have been severely affected by the calamity.  A bridge at Abotani Colony in Itanagar has been rendered unusable as siltation on the banks of the stream gave away. The onus for maintaining the bridge, which is frequented by VIPs, has fallen on the PWD as the urban department has expressed its inability to maintain the structure, official sources informed.",Itanagar,landslide,downpour,medium,unknown,0.0,0.0,India,IN,Arunachal Pradesh,26912.0,Naharlagun,0.67751,93.6885,27.1034,21.34,48.21,57.1,179.94,21.34,144.0,2.2771438387407703,5.0,True,2.0,Be82-a,Be
www.morungexpress.com,http://www.morungexpress.com/local/103875.html,5337,2013-08-16 00:00:00,"Yakshu, Nagaland","The Deputy Commissioner Mon, Angau I Thou, IAS accompanied by ADC Tobu, SDO Civil Mon, DPRO and DBs visited the major landslide area near Yakshu field, which occurred on August 16 last and cut off the Tobu area from the district Hq. The mudslide had damaged the Telangso Hydro Project Channel, resulting in non-functioning of the hydro project. The DC Mon interacted with the leaders of Tobu at Telangso Hydro Project rest house. She expressed her appreciation to the people of the area for taking the initiatives in bringing essential commodities through alternative route via Longleng district without any complaint. She also urged upon the people of the area to continue to extend their cooperation in maintaining peace and tranquility in the area for development. She also informed that road to Monyakshu headquarter is via Chen area and trucks carrying essential commodity are plying normally. On the inquiry of the DC, it was learnt that the road would be cleared only after retrieving the JCB","Yakshu, Nagaland",landslide,rain,medium,unknown,0.0,0.0,India,IN,Nagaland,33748.0,Tuensang,22.58609,94.9731,26.4205,39.28,53.14,98.45,217.87,39.28,690.0,25.176293155000685,5.0,True,2.0,Bh16-2/3c,Bh
articles.timesofindia.indiatimes.com,http://articles.timesofindia.indiatimes.com/2013-05-12/guwahati/39203561_1_artificial-floods-guwahati-municipal-corporation-gs-road,4859,2013-05-11 00:00:00,"Sarania Hills, North Guwahati, Guwahati, Assam,","Landslides occurred in the Nursery area and Maligaon in Nilachal Hills, Sarania Hills and Boragaon on Saturday, alarming hill residents, whose number has crossed two lakh in Guwahati, said sources. Junu Chakraborty (50) was injured in the Nursery area after a wall of her house collapsed on Saturday morning. However, she is out of danger. There are no reports of injury from other parts of the city. A family miraculously escaped unhurt when earth fell on their house in the Sarania Hills.","Sarania Hills, North Guwahati, Guwahati, Assam,",landslide,rain,medium,unknown,0.0,1.0,India,IN,Assam,899094.0,Guwahati,1.62505,91.7599,26.1771,38.98,109.25,235.03,314.09,55.66,82.0,8.895692965992287,5.0,True,2.0,Ao79-a,Ao
Assam Tribune,http://www.assamtribune.com/scripts/detailsnew.asp?id=sep2414/at051,6286,2014-09-22 00:00:00,Garchuk,another road in Garchuk was also blocked due to landslide.,Garchuk,landslide,rain,small,unknown,0.0,0.0,India,IN,Assam,899094.0,Guwahati,9.63258,91.7082,26.1044,126.76,191.59,231.7,266.59,126.76,50.0,2.119791324560513,5.0,True,1.0,Nd2-2b,Nd
Arunachal Times,http://www.arunachaltimes.in/man-washed-away-by-mudslide/,9010,2016-07-16 00:00:00,"Hoj-Potin Highway, Arunachal Pradesh, India",In an unfortunate accident one Amit Lama was washed away by mudslide when he came out of his car to inspect the block point in the Hoj-Potin Highway. The district administration immediately pressed men and machines to recover the body. Till the filling of this report the body could not be recovered. However roads have opened for vehicle movement late in the evening.,"Hoj-Potin Highway, Arunachal Pradesh, India",mudslide,downpour,medium,above_road,1.0,0.0,India,IN,Arunachal Pradesh,26912.0,Naharlagun,24.51693,93.804,27.3034,39.81,124.73,205.07,292.04,57.02,724.0,48.952197016329734,5.0,True,2.0,Nd53-3bc,Nd
Assam Times,http://www.assamtimes.org/node/14309,7253,2015-07-22 00:00:00,Lakhipur,"Five persons of a family were buried alive when a huge hillock collapsed on their house in Cachar district on Wednesday. The incident took place in the wee hours at Lakhipur are when a huge hillock slipped into the house where Zubeda Khatun along with her four children lived in.  “It came to light at around 10 in the morning as the local residents had to keep themselves confined to their homes because of the incessant rains,” a local resident told Assam Times over telephone.",Lakhipur,landslide,continuous_rain,medium,urban,5.0,0.0,India,IN,Assam,12871.0,Lakhipur,1.31262,92.9974,24.7979,18.11,52.6,152.6,250.76,26.0,25.0,0.926369172997235,5.0,True,2.0,Ge53-3a,Ge
Assam Tribune,http://www.assamtribune.com/scripts/detailsnew.asp?id=sep2414/at051,6289,2014-09-22 00:00:00,Pamohi,"On the other hand, several incidents of landslides were reported from Dhirenpara, Koinadhara, Gorhchuk, Noonmati and Pamohi.",Pamohi,landslide,rain,small,unknown,0.0,0.0,India,IN,Assam,899094.0,Guwahati,11.15465,91.6849,26.1001,126.76,191.59,231.7,266.59,126.76,84.0,24.925661978622223,5.0,True,1.0,Ao77-2a,Ao
e-pao.net,http://e-pao.net/GP.asp?src=Snipp8..230813.aug13,5427,2013-08-15 00:00:00,"Koide Government High School, Senapati, Manipur","The heavy downpour in Senapati during the past weeks has caused landslides and flood like situation in low land areas in many parts of the district. Besides the National Highway, State highway and Inter Village Roads were badly affected by the downpour. Meanwhile, a press note issued by the Headmaster of Koide Government High School stated that vast portion of school compound in its Southern side has been washed away due to heavy downpour in recent past. It stated that approximately 118 ft in length and 20 ft in height portion of land was washed away. The villagers sought the immediate action of the concerned department to save the lone school building in the village from further collapse and damage, maintained the press note.","Koide Government High School, Senapati, Manipur",landslide,downpour,medium,unknown,0.0,0.0,India,IN,Nagaland,92113.0,Kohima,33.20312,94.1884,25.3833,4.08,74.99,91.33,166.69,36.93,1679.0,28.085541778829267,5.0,True,2.0,Ao76-2/3c,Ao
The Indian Express,http://indianexpress.com/article/cities/kolkata/farmer-killed-fresh-landslide-in-kurseong/,7138,2015-07-07 00:00:00,"NH-10, Sepi Jhora, Kalimpong",the road was cleared by 7 am the next day.,"NH-10, Sepi Jhora, Kalimpong",landslide,continuous_rain,small,above_road,0.0,0.0,India,IN,Sikkim,43000.0,Kālimpang,2.91557,88.4397,27.0816,9.06,26.94,83.13,191.03,18.37,249.0,23.119881010719286,5.0,True,1.0,Rd29-1a,Rd
The Telegraph,http://www.telegraphindia.com/1141007/jsp/frontpage/story_18900562.jsp#.VDVSk_ldV8E,6214,2014-10-05 17:45:00,Jorabat-Umiam route,"Last evening, a massive landslide at Umling in Ri Bhoi district, around 42km from here, claimed one life while several others had a providential escape. Umling is located along the Jorabat-Umiam route. Around 6pm yesterday, six light vehicles and a tanker travelling on that stretch were pushed away by the potent debris, leaving one person from Nagaland in an i20 dead.",Jorabat-Umiam route,landslide,rain,medium,above_road,1.0,0.0,India,IN,Meghalaya,14387.0,Nongpoh,7.69459,91.8587,25.9702,0.0,0.0,0.02,226.15,0.02,282.0,9.707649981037308,5.0,True,2.0,Nd2-2b,Nd
isikkim.com,http://isikkim.com/2012-06-sikkim-landslide-at-tathangchen-poses-threat-to-residents-15-5/,4411,2012-06-14 04:00:00,"Tathangchen, Gangtok, Sikkim ","The continuous rainfall triggered a landslide on Thursday  morning at 4 am near Kamala Gas agency at Tathangchen, Gangtok.  Though no casualties were reported but the landslide has posed threat to some of the residence. Immediately after the occurrence the ward councilor, Mayor KN Topgay, Deputy Mayor Shakti Singh Chowdhury reached the spot.","Tathangchen, Gangtok, Sikkim ",landslide,downpour,medium,unknown,0.0,0.0,India,IN,Sikkim,30700.0,Gangtok,1.57239,88.6065,27.339,0.38,1.05,3.53,17.79,0.77,1501.0,16.261579422291064,5.0,True,2.0,Bd32-2bc,Bd
Telegraph,http://www.telegraphindia.com/1150215/jsp/frontpage/story_3475.jsp#.VONkky5HWUk,6775,2015-02-14 00:00:00,Kailashpur hill,"Three labourers - Ayub Ali, Majid Ali and Moinul Ali - came under the debris triggered by the landslip while constructing the boundary wall of the house of Girindra Chandra Das at noon. Das's neighbours immediately swung into action and rescued the three from under the debris and rushed them to Gauhati Medical College and Hospital. Majid succumbed to his injuries in hospital.",Kailashpur hill,landslide,mining,small,mine,1.0,2.0,India,IN,Assam,13917.0,Soalkuchi,7.93849,91.6469,26.1468,0.26,0.26,0.26,0.26,0.26,57.0,8.894608374531636,5.0,False,1.0,Ao79-a,Ao
Assam Tribune,http://www.assamtribune.com/scripts/detailsnew.asp?id=sep2414/at051,6282,2014-09-22 00:00:00,Lalmati,"Flash flood and landslides continued to cause devastation in Guwahati for the second day today with the death toll due to landslip rising to four. Two persons died in two separate incidents of landslides in Lalmati and Dakhingaon, whereas a woman was injured in another landslide incident at Batahghuli.",Lalmati,landslide,rain,small,urban,1.0,0.0,India,IN,Assam,2000.0,Dispur,3.87279,91.7747,26.1097,126.76,191.59,231.7,266.59,126.76,58.0,2.260732414259265,5.0,True,1.0,Nd2-2b,Nd
E-PAO,http://e-pao.net/GP.asp?src=1..020815.aug15,7388,2015-08-01 00:00:00,Senam,"At Senam and Tengnoupal, Some people of the two villages vacated their respective houses and shifted their belongings to a safer place as crack has been developed due to landslide in the village.",Senam,landslide,continuous_rain,medium,unknown,0.0,0.0,India,IN,Manipur,30418.0,Kakching,14.9647,94.0984,24.416,3.7,100.7,118.29,201.72,76.06,1368.0,20.935033326099376,5.0,True,2.0,Bh16-2/3c,Bh
E-PAO,http://www.indiablooms.com/EnvironmentDetailsPage/environmentDetails190810a.php,2281,2010-08-19 18:00:00,"Kisima, Nagaland","At the same time, another landslide had occurred yesterday near Kisima between Mao Gate and Kohima which virtually cut off the Nagaland capital from the rest of the country.","Kisima, Nagaland",landslide,downpour,medium,above_road,0.0,0.0,India,IN,Nagaland,92113.0,Kohima,11.44167,94.11603493,25.61560252,10.84,27.29,62.5,70.46,12.04,1610.0,29.53602090910925,5.0,True,2.0,Ao76-2/3c,Ao
Indian Express,http://indianexpress.com/article/india/india-others/several-houses-swept-away-in-mudslide-in-the-mizoram-town-of-phullen/,7780,2015-08-26 00:00:00,Sailam village,"A few casualties have been reported, including a driver in his 20s who later died in a hospital after the vehicle he was driving was buried by a landslide near Sailam village, about 75 kms south of Aizawl, this past weekend.",Sailam village,landslide,continuous_rain,medium,above_road,1.0,0.0,India,IN,Mizoram,5963.0,Thenzawl,5.91871,92.7878,23.3572,2.74,4.43,57.97,225.14,24.72,1370.0,9.18427544441587,5.0,True,2.0,Bd61-2c,Bd
E-PAO,http://e-pao.net/GP.asp?src=21..020815.aug15,7370,2015-08-01 00:00:00,between Moltuk to New Songjang village,one landslide between Moltuk to New Songjang village,between Moltuk to New Songjang village,landslide,continuous_rain,medium,above_road,0.0,0.0,India,IN,Manipur,30418.0,Kakching,41.50847,94.1078,24.1419,2.09,71.58,85.55,145.97,50.65,1171.0,33.37106500187469,5.0,True,2.0,Bh16-2/3c,Bh
ibnlive.in,http://ibnlive.in.com/generalnewsfeed/news/flash-floods-landslides-in-arunachal-pradesh/757817.html,3776,2011-07-15 18:00:00,Itanagar/Naharlagur/Nirjuli,"Meanwhile, massive rains have caused havoc in Seppa depositing boulders and loose sediments in various places in the township. The main thoroughfare Bazaarline and ALC line have been hit hard by the ravaging flood. Landslips also disrupted water supply in the twin capital cities of Itanagar and Naharlagun since yesterday. The 300 mm diameter ductile iron pipe carrying water from Nyroch river, one of the major sources that feeds about eight thousand population of Naharlagun and Nirjuli, was washed away at Tarajuli last evening. Flashflood cut off Seijosa in East Kameng district from rest of the state forcing people to abandon their homes and damaged colonies, mainly the medical, teacher and veterinary colonies, besides damaging the approach road to the government higher secondary school boys hostel, the sources added.",Itanagar/Naharlagur/Nirjuli,landslide,downpour,small,unknown,0.0,0.0,India,IN,Arunachal Pradesh,26912.0,Naharlagun,2.95672,93.7145,27.125,22.61,108.87,132.86,237.04,55.16,128.0,5.56896198426521,5.0,True,1.0,Be82-a,Be
www.nagalandpost.com,http://www.nagalandpost.com/ChannelNews/State/StateNews.aspx?news=TkVXUzEwMDA0NDY0Nw%3D%3D-jp8K0A7ZhsM%3D,5421,2013-08-30 00:00:00,"Yakshu, Nagaland","It was also learnt that last week, a road excavator of the BRTF, which was at the site, clearing the landslide, was carried away about 20 feet below the road by heavy mudslide.","Yakshu, Nagaland",mudslide,unknown,medium,unknown,0.0,0.0,India,IN,Nagaland,33748.0,Tuensang,22.58609,94.9731,26.4205,7.63,44.85,79.68,126.35,24.73,690.0,25.176293155000685,5.0,False,2.0,Bh16-2/3c,Bh
dnaindia,http://www.dnaindia.com/india/report_one-dead-road-and-rail-communication-disrupted-due-to-rains-in-assam_1450237,2573,2010-10-09 00:00:00,"Haflong, Assam","One person has died and both road and railway links between Assam's North Cachar Hills district and the rest of the country has been completely cut-off following continuous heavy rainfall for the last two days, official sources said here today.  One person, identified as 45-year old Isak Indu, died last night when his house was washed away by mudslides in Haflong town.","Haflong, Assam",mudslide,downpour,medium,unknown,1.0,0.0,India,IN,Assam,39982.0,Hāflong,1.88273,93.0083,25.1796,31.14,154.03,172.87,195.88,86.18,688.0,6.536941433448177,5.0,True,2.0,Ao76-2/3c,Ao
articles.timesofindia,http://articles.timesofindia.indiatimes.com/2011-05-27/guwahati/29591193_1_dima-hasao-landslide-traffic-movement,3532,2011-05-24 00:00:00,"Silchar-Haflong rd., at Reko(Rekha )(?), near Harangajao, Barail Hills, Assam","May 27, 2011, 12.15pm IST  SILCHAR: Traffic movement on the Silchar-Haflong Road (NH-54) has been hit following heavy landslide in a 200-metre area on the highway. The situation is expected to remain the same for the next two months.  According to reports, the landslide took place on Tuesday evening due to heavy rainfall in the Barail Hills range. Two rice-laden trucks also went under the debris. Officials said soil, mud, trees and debris came down to the road from the adjoining hills at Reko near Harangajao, 25 km from Haflong, the headquarters of Dima Hasao district. About 200 meters stretch of the road was washed away due to the impact of the mudslip, an official said on Thursday.  Sources said two trucks, which were on their way to Haflong from Silchar, went under the debris. However, there was no report of any casualty, the sources added. The trucks were loaded with rice meant for midday meal at schools in Dima Hasao.  ""The stretch of the road where the landslide took place has v","Silchar-Haflong rd., at Reko(Rekha )(?), near Harangajao, Barail Hills, Assam",complex,downpour,medium,unknown,0.0,0.0,India,IN,Assam,39982.0,Hāflong,18.40848,92.8551,25.0888,15.2,50.01,141.96,173.02,47.2,260.0,26.254074995372054,10.0,True,2.0,Ao76-2/3c,Ao
The Sangai Express,http://www.thesangaiexpress.com/page/items/54212/massive-landslide-along-maram-peren-road-downpour-creates-havoc-in-different-parts,7266,2015-07-22 00:00:00,Yangkhullen-Tamphung road till Nagaland border,"Torrential rain in the last many days has created havoc in many places of Senapati district. Sources specified of major landslides in different locations including 15 kms from Maram, 22 kms to 30 kms between Sangkhumai and Willong, Willong-Yangkhullen stretch and Yangkhullen-Tamphung road till Nagaland border.",Yangkhullen-Tamphung road till Nagaland border,landslide,continuous_rain,medium,above_road,0.0,0.0,India,IN,Manipur,92113.0,Kohima,29.57629,93.8794,25.5098,10.3,41.39,117.9,163.55,33.49,1646.0,15.451697691723982,10.0,True,2.0,Bh16-2/3c,Bh
The New Indian Express,http://www.newindianexpress.com/nation/Woman-Child-Killed-in-Assam-Landslide/2015/09/01/article3005012.ece,7923,2015-09-01 00:00:00,Amingaon,"A mother and her child were killed in a landslide at Amingaon area of Kamrup (Rural) district of Assam this morning, police said.  NDRF personnel from the nearby Changsari camp rushed to the spot and recovered their bodies from under a stone.  The woman has been identified as Sumita Khaklary and the child as Rashmi Khaklary.  The landslide occurred following heavy rainfall for the past few days.  A district official said that construction was banned in Kalipahar area but encroachment was continuing.  The matter would be investigated, he said.",Amingaon,landslide,rain,medium,unknown,2.0,0.0,India,IN,Assam,26388.0,Rangia,16.56364,91.72137514,26.49349035,10.67,74.71,148.2,265.34,32.22,60.0,1.388921568190823,10.0,True,2.0,Ao79-a,Ao
gsi.gov,"http://www.portal.gsi.gov.in/portal/page?_pageid=127,875814&_dad=portal&_schema=PORTAL",2166,2010-07-29 00:00:00,"Highway 53 at Tupul, Tamenglong district","As per media report a landslide triggered by rains occurred on 29th July, 2010 on the National Highway 53 at Tupul area in Tamenglong district. The landslide disturbed the connection of Manipur with Silchar.","Highway 53 at Tupul, Tamenglong district",landslide,downpour,medium,unknown,0.0,0.0,India,IN,Assam,7176.0,Mahur,45.33486,93.5027,24.9786,19.68,36.42,58.59,105.31,19.68,1312.0,18.801212904229484,10.0,True,2.0,Bh16-2/3c,Bh
Indian Express,http://indianexpress.com/article/india/india-others/mizoram-aizawl-houses-swept-away-graves-damaged-by-rain-and-landslide/,7836,2015-08-27 00:00:00,"National Highway 54, at Kawnpui town","National Highway 54, the state’s lifeline, has also been blocked in several places, including at Kawnpui town","National Highway 54, at Kawnpui town",landslide,downpour,medium,above_road,0.0,0.0,India,IN,Mizoram,11043.0,Sāitlaw,12.62554,92.6724,24.042,5.48,9.52,37.7,191.48,13.11,808.0,6.133310012526581,10.0,True,2.0,Bd61-2c,Bd
www.morungexpress.com,http://www.morungexpress.com/local/103875.html,5336,2013-08-16 00:00:00,"Tobu, Nagaland","Besides massive mudslide near Yakshu field, multiple landslide/ mudslides along the Tobu road between 71 BRTF camp to Kimang river have occurred affecting the roads by washing away culverts and blocking the roads. All minor landslides/mudslides have been cleared by the BRTF. The landslide and mudslide have also affected many paddy fields of that area.","Tobu, Nagaland",landslide,rain,medium,unknown,0.0,0.0,India,IN,Nagaland,33748.0,Tuensang,18.0996,94.9439,26.3897,39.28,53.14,98.45,217.87,39.28,522.0,5.15715117338214,10.0,True,2.0,Bh16-2/3c,Bh
www.thehindubusinessline.com,http://www.thehindubusinessline.com/news/states/landslide-blocks-polo-river-in-arunachal-pradesh/article4996075.ece,5250,2013-08-01 00:00:00,"Polo River At Polosang, Arunachal Pradesh","Arunachal Pradesh Government today sounded red alert following reports of a massive landslide which blocked the flow of Polo river at Polosang last week, reversing the flow of its water toward China. Disaster management Director Y. W. Ringu alerted Kurung Kumey Deputy Commissioner and SP to take steps to evacuate the people living in flood-prone lower belt along Kurung river, to safer places to avoid loss of life and property, official sources informed. Polo is a major tributary of Kurung River in Sarli circle of remote Kurung Kumey district in the State.","Polo River At Polosang, Arunachal Pradesh",mudslide,rain,medium,unknown,0.0,0.0,India,IN,Arunachal Pradesh,0.0,Douyu,58.34526,93.0515,27.8837,9.91,35.1,51.34,158.27,16.08,1585.0,44.95634585071402,10.0,True,2.0,Ao80-2bc,Ao
morungexpress,http://www.morungexpress.com/frontpage/69382.html,3916,2011-08-13 08:00:00,"Chumukedima, Dimapur","22 mudslides, 4 major slides. Road closed","Chumukedima, Dimapur",mudslide,downpour,medium,unknown,0.0,0.0,India,IN,Assam,135860.0,Dimāpur,17.73969,93.8067,25.7713,9.88,16.2,56.43,116.38,16.74,234.0,6.172125181758627,10.0,True,2.0,Ao76-2/3c,Ao
morungexpress,http://www.morungexpress.com/local/69559.html,3683,2011-07-01 00:00:00,NH-61 between Botsa and Chiechama,500 ft stretch of road affected by landslide.  Triggered by continuous rain,NH-61 between Botsa and Chiechama,landslide,downpour,medium,unknown,0.0,0.0,India,IN,Nagaland,92113.0,Kohima,23.41407,94.1739,25.8782,19.89,41.75,91.78,141.73,21.69,1349.0,23.36421636275217,10.0,True,2.0,Ao76-2/3c,Ao
www.assamtribune.com,http://www.assamtribune.com/scripts/detailsnew.asp?id=jul1613/oth06,5084,2013-07-12 23:00:00,"National Highway 2 Near Phesama Village Close To Kisama Naha Heritage Site, Kohima District, Nagaland","Inter-State bus services in Manipur have been suspended for the past three days following the landslide on the National Highway near Kohima on Friday night. A 200 feet stretch of National Highway (NH 2) near Phesama village close to Kisama Naha heritage site in NagalandÕs Kohima district which connects Manipur with the rest of the country, has been washed away following heavy downpour on July 12 night.","National Highway 2 Near Phesama Village Close To Kisama Naha Heritage Site, Kohima District, Nagaland",landslide,downpour,medium,unknown,0.0,0.0,India,IN,Nagaland,92113.0,Kohima,6.5252,94.1167,25.616,18.68,107.07,129.82,199.35,51.78,1589.0,29.56631726951452,10.0,True,2.0,Ao76-2/3c,Ao
news.oneindia,http://news.oneindia.in/2010/09/04/strategicroad-link-cut-off-due-to-landslide-insikkim.html,2392,2010-09-04 00:00:00,"17th mile(?), Jawaharlal Nehru Marg hwy, between Gangtok and Nathu La, Sikkim","Gangtok, Sep.4 (ANI): Incessant rains in the last few weeks have caused extensive landslides in Sikkim, as on Saturday, vehicular traffic on the road connecting Gangtok with Nathu La located along the India-China border came to a standstill due to landslides. Named the Jawaharlal Nehru Marg, the road holds high strategic importance for the movement of troops and their supplies.  It is also viewed as important for cross border trade and tourists who enjoy the rare experience of visiting the Nathu La Pass.  The worst affected spot has been ""the 17th mile"" where the road has been washed away to the extent of around 350 metres.  Reportedly, a gradient has slid down by 50 to 60 metres and a portion of the army barracks was badly damaged by the landslide.","17th mile(?), Jawaharlal Nehru Marg hwy, between Gangtok and Nathu La, Sikkim",landslide,downpour,medium,unknown,0.0,0.0,India,IN,Sikkim,30700.0,Gangtok,12.9691,88.7334,27.3702,2.0,17.97,46.09,133.54,12.81,3523.0,13.824212020761683,10.0,True,2.0,I-Bh-U-c,I
Indian Express,http://indianexpress.com/article/india/india-news-india/west-bengal-rains-landslips-affect-life-in-north-of-state-3079833/,9604,2016-10-12 00:00:00,Legship,"Another landslip occurred at Legship, near the tourist spot of Pelling, in Sikkim severely affecting road traffic movement between Darjeeling and Legship, officials said.",Legship,landslide,continuous_rain,medium,above_road,0.0,0.0,India,IN,Sikkim,1147.0,Namchi,13.56522,88.2891,27.2676,14.2,33.71,54.64,78.0,17.16,604.0,48.99498819683531,10.0,True,2.0,Bd32-2bc,Bd
One India News,http://news.oneindia.in/india/flood-landslides-in-arunachal-pradesh-1504142.html,6200,2014-08-17 00:00:00,Arunachal Pradesh/Itanagar,lat/long  27.086901	93.60861,Arunachal Pradesh/Itanagar,landslide,downpour,large,unknown,0.0,0.0,India,IN,Arunachal Pradesh,44971.0,Itānagar,0.12577,93.6086,27.0869,4.65,43.69,146.25,214.99,58.57,316.0,9.327683683775282,10.0,True,3.0,Be82-a,Be
E-PAO,http://e-pao.net/GP.asp?src=22..010815.aug15,7364,2015-07-31 09:00:00,Phungyar road,Massive landslide along the Phungyar road under Ukhrul District cut off Phungya Sub-Division from the rest the state on Friday.,Phungyar road,landslide,continuous_rain,medium,below_road,0.0,0.0,India,IN,Manipur,8797.0,Yairipok,34.80209,94.3551,24.819,79.86,103.04,118.66,224.46,79.86,1597.0,26.68126632136219,10.0,True,2.0,Bh16-2/3c,Bh
kanglaonline,http://www.kanglaonline.com/index.php?template=headline&newsid=48686&typeid=2,1108,2009-08-20 00:00:00,"Tamei, Tamenglong district on Imphal-Tamenglong (IT) road","Landslides on the Imphal-Tamenglong (IT) road have put the people of Tamei, Tamenglong district in difficult times as the stock of essential supplies required for daily use are running short and the concerned department of the state government is not doing anything about the matter, said Poujeng, chairman of Tamei headquarter authority. Due to the intermittent rains, landslides have occurred at 3/4 places on the IT road between Kangpokpi-Tamei and Tamei-Tamenglong at present and new landslides.","Tamei, Tamenglong district on Imphal-Tamenglong (IT) road",landslide,downpour,medium,unknown,0.0,0.0,India,IN,Assam,7176.0,Mahur,44.34393,93.5,24.9925,5.16,18.51,97.15,140.85,42.82,1218.0,11.982789615605451,10.0,True,2.0,Bh16-2/3c,Bh
Indian Express,http://indianexpress.com/article/india/india-others/several-houses-swept-away-in-mudslide-in-the-mizoram-town-of-phullen/,7778,2015-08-26 00:00:00,Phullen’s main road,"At least three houses have been swept away by a mudslide and several others vacated in a north-eastern Mizoram town, an official said Wednesday, the latest in several weather-related incidents that have damaged property and caused hardship in the remote state over the past one week.",Phullen’s main road,mudslide,continuous_rain,medium,above_road,0.0,0.0,India,IN,Mizoram,3962.0,Darlawn,22.71629,93.0514,23.8447,3.95,11.51,44.23,141.39,9.76,1086.0,27.867464228189014,10.0,True,2.0,Bh16-2/3c,Bh
www.nagalandpost.com,http://www.nagalandpost.com/ChannelNews/State/StateNews.aspx?news=TkVXUzEwMDA0MjY4Nw%3D%3D-bSp8jh3okxw%3D,5275,2013-08-04 00:00:00,"Suruhuto Town, Nagaland","Incessant torrential rain, which began Sunday at around 11.30 p.m. has completely cut off Suruhuto town from the rest of the state. In a press release, NGZPMC joint secretary Hotoshe Sema said all three links connecting Zunheboto, Mokokchung and Tuensang have been cut off. Road to Zunheboto has been  blocked in 5-6 places and Mokokchung road has been blocked in two places near Zhekuto and Longsa. The valleys of Nanga (Dikhu), Phizo and Tizu, known as rice bowls of Suruhuto Area has been damaged by floods and landslides. Many terrace fields and canals have been washed away by flood. A team of Nanga (Dikhu) Greener Zone Project Management Committee (NGZPMC) who were on GPS mapping of Community Conserved Area (CCA) has been stranded at Nanga valley owing to flood. Log bridges connecting Phuye New/Old and Suruhuto/Surumi/Aichi Saghemi villages have been washed away. Travelers from Tuensang to Kohima/Dimapur via Suruhuto-Coco shortcut road have been requested to take the via Mokokchung rout","Suruhuto Town, Nagaland",landslide,monsoon,medium,unknown,0.0,0.0,India,IN,Nagaland,34021.0,Mokokchūng,21.25445,94.6055,26.1498,5.78,14.93,47.43,91.56,17.14,1699.0,30.860938989120513,10.0,True,2.0,Ao76-2/3c,Ao
morungexpress,http://www.morungexpress.com/frontpage/53726.html,2247,2010-08-14 00:00:00,"Tuensang-Shamatore(Sampurre) rd, Nagaland","People cross a portion of the landslide area, along the National Highway 39, below Kohima, on Saturday, August 21, 2010. The calamities which affect the National Highway 39 started from August 7 after continuous heavy rainfall in the hilly state of Nagaland.   Almost all roads in Tuensang district including those connecting the district headquarters have become unpliable for both the Nagaland State Transport (NST) buses and private vehicles. Some of the roads worst hit by landslides and land-sinking are Tuensang-Shamatore road, Noklak-Tuensang road, Kiphire-Tuensang road and Tuensang-Mokokchung road. (Very unclear about the date, anytime between August 7th and August 21st)","Tuensang-Shamatore(Sampurre) rd, Nagaland",landslide,downpour,medium,unknown,0.0,0.0,India,IN,Nagaland,33748.0,Tuensang,13.31188,94.8422,26.148,11.86,53.09,65.68,97.18,26.51,1506.0,33.88948141819591,10.0,True,2.0,Ao76-2/3c,Ao
articles.timesofindia.indiatimes.com,http://articles.timesofindia.indiatimes.com/2013-07-15/guwahati/40589516_1_southern-angami-youth-organization-jessami-tadubi,5107,2013-07-15 00:00:00,"National Highway 29 Near Phesama Village, Nagaland","Heavy landslide caused by incessant rain for the last couple of weeks has blocked National Highway 29 along Phesama village, about 12 km from here. This has affected Manipur as it is one of the main highways connecting the state with the rest of the country. A stretch of about 200 feet of the highway has been swept down to a distance of 500 to 600 feet into the valley. The landslide has completely cut off movement of vehicles, secluding the southern Angami areas and neighbouring state of Manipur.","National Highway 29 Near Phesama Village, Nagaland",landslide,rain,medium,unknown,0.0,0.0,India,IN,Nagaland,92113.0,Kohima,5.30049,94.1139,25.6269,14.57,35.52,150.03,209.87,51.78,1566.0,13.286694596501158,10.0,True,2.0,Ao76-2/3c,Ao
Saharas Samay,http://www.saharasamay.com/samayhtml/articles.aspx?newsid=84791,264,2007-09-13 00:00:00,Guwahati,"landslide hit house and buried a family, occurred at 3am",Guwahati,landslide,rain,medium,unknown,0.0,0.0,India,IN,Assam,2000.0,Dispur,5.28094,91.8,26.1833,2.25,9.52,143.47,297.63,63.19,66.0,4.154096764309844,10.0,True,2.0,Af48-2ab,Af
E-Pao,http://e-pao.net/GP.asp?src=30..300815.aug15,7910,2015-08-01 00:00:00,Chandel,Khengjoy village under sub-division headquarter in Chandel district has remained totally cut-off after a major landslide that occurred on August 1 on a 3 km long road stretch from Kemdo to Maokot Khengjoi.,Chandel,landslide,unknown,medium,above_road,0.0,0.0,India,IN,Manipur,30418.0,Kakching,21.42769,94.1146,24.3481,3.7,100.7,118.29,201.72,76.06,1003.0,6.3503843875058354,10.0,False,2.0,Bh16-2/3c,Bh
E-PAO,http://e-pao.net/GP.asp?src=22..020815.aug15,7373,2015-08-01 00:00:00,between Maku village and Kamjong sub division,"Meanwhile, Kamjong- Ukhrul BRTF road connecting 30 villages under Kamjong block has remained cut off for the past three days following heavy landslides at various locations in between Maku village and Kamjong sub division spanning a stretch of abour 9 kilometres.",between Maku village and Kamjong sub division,landslide,continuous_rain,medium,above_road,0.0,0.0,India,IN,Manipur,8797.0,Yairipok,50.42405,94.4759,24.9111,4.9,104.34,121.77,213.52,79.86,1827.0,25.70499440133583,10.0,True,2.0,Bh16-2/3c,Bh
Telegraph India,http://telegraphindia.com/1070728/asp/frontpage/story_8116912.asp,142,2007-07-27 00:00:00,Tura,closest to predicated location of Shillong (138.89 km),Tura,rock_fall,rain,large,unknown,8.0,0.0,India,IN,Meghalaya,63645.0,Tura,0.94369,90.232,25.5212,34.65,104.6,170.2,349.74,35.04,580.0,20.309247989722795,10.0,True,3.0,Nd2-2b,Nd
Indian Express,http://indianexpress.com/article/india/india-news-india/at-least-10-killed-in-landslides-in-assam-rescue-operations-underway-2806810/,9338,2016-05-18 08:00:00,"Sonachirra, Karimganj district, Assam, India","Estimated location. Ten people were killed in landslides in Karimganj and Hailakandi districts in Barak Valley in Assam on Wednesday following incessant rains. Five members of a family were killed in a landslide at Sonachirra in Karimganj district in the wee hours, a police official said. The landslip, triggered by incessant rains, buried a house on the edge of a hill killing the five people. Among the victims are a man, his wife and their daughter and two sons. The area has been hit by continuous rains for the past three days.","Sonachirra, Karimganj district, Assam, India",landslide,continuous_rain,medium,natural_slope,5.0,0.0,India,IN,Assam,10942.0,Lāla,15.88512,92.4943,24.4638,75.63,179.71,267.55,301.52,75.63,94.0,12.933283004058028,10.0,True,2.0,Bd61-2c,Bd
www.thehindubusinessline.com,http://www.thehindubusinessline.com/news/states/landslides-disrupt-vehicular-movement-on-nh29/article4912110.ece,5087,2013-07-12 00:00:00,"National Highway 29 Near Phesama Village, Nagaland","A large number of vehicles were stranded on National Highway-29 near Phesama village in Nagaland following landslides triggered by rain, official sources said on Saturday. The highway connecting Nagaland and Manipur was badly damaged along a 200m stretch in rains last night, Commanding Officer of Border Roads Organisation, Kohima, Col Tejpal Singh, said. The 15 Border Road Task Force worked hard to clear the road for passage of only light vehicles this afternoon. The landslide also affected around 40-50 paddy fields situated below the road, President of Southern Angami Youth Organisation (SAYO), Kekhruhol Mekro, said.","National Highway 29 Near Phesama Village, Nagaland",landslide,downpour,medium,unknown,0.0,0.0,India,IN,Nagaland,92113.0,Kohima,5.30049,94.1139,25.6269,18.68,107.07,129.82,199.35,51.78,1566.0,13.286694596501158,10.0,True,2.0,Ao76-2/3c,Ao
Telegraph India,http://www.telegraphindia.com/1070911/asp/siliguri/story_8300563.asp,256,2007-09-10 00:00:00,Rhodong village near Rhey in East Sikkim,"destroyed a house, killed 1 and injured 1",Rhodong village near Rhey in East Sikkim,landslide,rain,medium,unknown,0.0,0.0,India,IN,Sikkim,30700.0,Gangtok,2.17536,88.6236,27.3425,3.95,11.79,84.86,119.85,24.1,2045.0,35.90869349353838,10.0,True,2.0,Bd32-2bc,Bd
E-PAO,http://e-pao.net/GP.asp?src=21..020815.aug15,7369,2015-08-01 00:00:00,between Chalong and Paraolon,Two landslides between Chalong to Paraolon,between Chalong and Paraolon,landslide,continuous_rain,medium,above_road,0.0,0.0,India,IN,Manipur,30418.0,Kakching,28.99355,94.1016,24.1988,2.09,71.58,85.55,145.97,50.65,1379.0,19.94576616473369,10.0,True,2.0,Bh16-2/3c,Bh
articles.timesofindia,http://articles.timesofindia.indiatimes.com/2012-07-04/guwahati/32536229_1_massive-landslides-landslide-hit-road-blockade,4435,2012-06-25 00:00:00,"Tirap , Arunachal Pradesh",Landslides triggered by torrential rain have snapped road communication in Tirap district of Arunachal Pradesh for the past several days.,"Tirap , Arunachal Pradesh",landslide,downpour,large,unknown,0.0,0.0,India,IN,Arunachal Pradesh,24428.0,Margherita,18.01926,95.8011,27.174,36.02,76.5,135.79,244.84,36.02,295.0,1.041280595140532,10.0,True,3.0,Ao76-2/3c,Ao
articles.timesofindia,http://articles.timesofindia.indiatimes.com/2011-03-23/guwahati/29178165_1_road-links-rainfall-source,3269,2011-03-22 00:00:00,"road from other districts to Hawai(Tawai?) which is  on Lojit river, near Hayuliang,  Anjaw district, Arunachal Pradesh","Mar 23, 2011, 11.15pm IST  ITANAGAR: Floods triggered by incessant rainfall for the last couple of days have snapped road links in several districts of Arunachal Pradesh. The water-level of Lohit and Dehing river have increased by two meters, posing threats to habitations in the catchments areas, a source said here on Wednesday.  Landslides triggered by flashfloods de-linked Hawai, the headquarters of Anjaw district, from the rest of the state on Monday, besides washing away a primary school building and a few houses near Hayuliang.","road from other districts to Hawai(Tawai?) which is  on Lojit river, near Hayuliang,  Anjaw district, Arunachal Pradesh",landslide,downpour,medium,unknown,0.0,0.0,India,IN,Arunachal Pradesh,14927.0,Tezu,43.03855,96.5242,28.0791,7.48,55.41,102.32,122.1,37.46,557.0,24.638327529773587,10.0,True,2.0,I-Af-Bd-2c,I
www.nagalandpost.com,http://www.nagalandpost.com/channelnews/state/StateNews.aspx?news=TkVXUzEwMDA0NjAwNw%3D%3D-%2FtfIAOw1uMk%3D,4906,2013-06-07 00:00:00,"Helipong-Chessore Road, Nagaland","Chessore Area GBÕs Union (CAGBU) has expressed gratitude to parliamentary secretary CAWD R. Tohanba for deploying his own excavator and men for clearing up the landslide along Helipong-Chessore road. The road was blockade due to heavy landslide since early June 2013. Following the clearance of landslide, vehicles can now pass through this road. In a press release, CAGBU general secretary R. Ramji and vice president S. Neoji also appealed to the department  of PWD (R& B) to look after the road condition of Helipong- Chessore for the welfare of the general public","Helipong-Chessore Road, Nagaland",landslide,unknown,medium,unknown,0.0,0.0,India,IN,Nagaland,33748.0,Tuensang,20.17679,94.7499,26.0977,9.11,20.54,30.52,61.92,9.11,1550.0,3.0918835620363234,10.0,False,2.0,Ao76-2/3c,Ao
e-pao.net,http://e-pao.net/GP.asp?src=6..270711.jul11,3830,2011-07-22 00:00:00,Manipur,"PWD officials reject Moreh office collapse report Source: The Sangai Express  Moreh, July 26 2011: There is no question of caving in of the main building of Mini-Secretariat at Moreh and preparations are on for inauguration of the office building at the soonest possible, AE M Birla Singh and SO Senminthang of PWD, Moreh have clarified.  Following heavy rainfall, landslides occurred along some portion of the road running in between the Transit Hostel and the main building of the Mini Secretariat recently leading to debris falling against the western wall of the main office building of the Mini Secretariat.  Efforts are currently underway to remove the debris with deployment of excavators.  AE M Birla and SO Senminthang, who came to inspect the work, clarified that there is no damage caused to the main building of the Mini Secretariat in the recent landslide contrary to what had been reported in some section of the media.",Manipur,landslide,downpour,small,unknown,0.0,0.0,India,IN,Manipur,7528.0,Wāngjing,38.5554,94.3429,24.3527,5.5,39.36,128.4,197.44,37.53,283.0,13.266819111186056,10.0,True,1.0,,
India Today,http://indiatoday.intoday.in/story/landslide-in-manipur-near-myanmar-border-kills-21/1/455645.html,7385,2015-08-01 00:00:00,"Holenjang, Chandel district","Another village Holenjang, which is 15km away from Joumol is also hit by landslide but due to non-motorable road rescue teams were yet to reach this area till late Saturday evening.","Holenjang, Chandel district",landslide,continuous_rain,medium,unknown,0.0,0.0,India,IN,Manipur,47774.0,Churāchāndpur,48.31354,93.9815,24.004,5.31,82.66,101.37,180.8,60.55,1460.0,34.51751463643877,10.0,True,2.0,Ao76-2/3c,Ao
E-PAO,http://e-pao.net/GP.asp?src=22..020815.aug15,7374,2015-08-01 00:00:00,Ukhrul town Circular road from Rayotang to Viewland Zone II,"In separate similar incidents, due to sinking of Ukhrul town Circular road from Rayotang to Viewland Zone II, a newly constructed Meitei Baptist Church building, including pastor quarter and kitchen have been destroyed, while heavy downpour that lashed the district over the last 48 hours has left some three dwelling houses damaged at Dungrei Junction.",Ukhrul town Circular road from Rayotang to Viewland Zone II,landslide,continuous_rain,medium,below_road,0.0,0.0,India,IN,Manipur,223523.0,Imphal,53.75747,94.3591,25.1122,4.9,104.34,121.77,213.52,79.86,1848.0,17.243893132265686,10.0,True,2.0,Bh16-2/3c,Bh
Arunachal Times,http://www.arunachaltimes.in/landslide-blocks-ziro-tamen-road/,9168,2016-06-12 23:00:00,"NH 13 10 kilometers from Old Ziro, Arunachal Pradesh, India","Estimated location along road. Heavy rains on Sunday night triggered series of landslides between Ziro and Ripali, Tamen, 10Kms from Old Ziro, stranding the commuters for the entire day. However due to heavy rains, the restoration work had to be halted and will resume on Tuesday.","NH 13 10 kilometers from Old Ziro, Arunachal Pradesh, India",landslide,downpour,medium,above_road,0.0,0.0,India,IN,Arunachal Pradesh,13893.0,Ziro,6.29222,93.871,27.6438,23.76,42.42,87.79,107.03,23.76,1708.0,22.834392972989953,10.0,True,2.0,Ao80-2bc,Ao
IBN Live,http://www.ibnlive.com/news/india/incessant-rains-trigger-landslide-and-mud-slips-in-nagaland-1029674.html,7409,2015-08-02 00:00:00,Meluri Sub-Division in Phek District of Nagaland,Incessant rains for the past few days have caused mud slips and landslide in some areas under Meluri Sub-Division in Phek District of Nagaland.,Meluri Sub-Division in Phek District of Nagaland,landslide,continuous_rain,medium,unknown,0.0,0.0,India,IN,Nagaland,15118.0,Phek,13.58896,94.6219,25.72,0.7,71.33,99.02,175.29,64.07,1708.0,46.91495762766459,10.0,True,2.0,Ao76-2/3c,Ao
e-pao,http://www.e-pao.net/GP.asp?src=5..101010.oct10,2576,2010-10-09 00:00:00,"NH-39 at Tobio village(?), 7 km form Tadubi, Manipur","Owing to landslides, triggered by incessant rainfall, at various points along the National highway vehicular movement on the ImphalDimapur section has come to a grinding halt today.  An informed source said that a massive landslide had washed away substantial portion of the highway at Tobio village, which is about 7 kilometres from Tadubi.  Even though there are reports about clearance of the debris and repairing of the road link at about 4.30 pm today heavy vehicle ceased plying on the route for the day.","NH-39 at Tobio village(?), 7 km form Tadubi, Manipur",landslide,downpour,medium,unknown,0.0,0.0,India,IN,Nagaland,92113.0,Kohima,21.89269,94.1399,25.4788,23.12,99.99,119.47,142.62,52.1,1640.0,14.637633427177526,10.0,True,2.0,Ao76-2/3c,Ao
ibnlive.in,http://ibnlive.in.com/generalnewsfeed/news/three-killed-in-landslides/758753.html,3806,2011-07-19 00:00:00,"Itanagar (one near Pachali power house, one near Heema Hospital, and one nearRomik Colony at P Sector)","Three killed in landslides PTI | 02:07 PM,Jul 19,2011  Itanagar, July 19 (PTI) Three persons including two minors were buried alive, while several others were seriously injured this morning when massive landslides triggered by torrential rain washed away several dwellings in and around the state capital, police sources said. A three-year-old girl died when landslide hit her house near Pachali power house while a 4 year boy died when his house caved in near Heema Hospital and one person was buried alive at Romik Colony at P Sector here this morning, city Superintendent of Police Chuku Appa said. Several injured people were admitted to hospitals here while conditions of a few are stated to be critical, the SP added. Incessant rain during the past couple of days triggered massive landslips today in several points along the NH 52 (A) disrupting surface communication between Itanagar to Banderdewa and Itanagar to Hollongi. The state PWD along with Border Road Task Force (BRTF) cleared all t","Itanagar (one near Pachali power house, one near Heema Hospital, and one nearRomik Colony at P Sector)",landslide,downpour,medium,unknown,3.0,0.0,India,IN,Arunachal Pradesh,26912.0,Naharlagun,0.6921,93.6884,27.1032,58.61,136.8,253.15,286.71,69.35,145.0,0.926369172997235,10.0,True,2.0,Be82-a,Be
The Sangai Express,http://www.thesangaiexpress.com/page/items/54212/massive-landslide-along-maram-peren-road-downpour-creates-havoc-in-different-parts,7267,2015-07-22 00:00:00,NH-2 between Senapati and Mao,"Reports from other locations also say that minor landslides, potholes, water-logging have been spotted along the NH-2 stretch between Senapati and Mao.",NH-2 between Senapati and Mao,landslide,continuous_rain,small,above_road,0.0,0.0,India,IN,Manipur,92113.0,Kohima,31.50636,94.0926,25.3908,16.94,48.02,130.7,171.53,34.89,1307.0,14.54418447986959,10.0,True,1.0,Ao76-2/3c,Ao
prokerala,http://www.prokerala.com/news/articles/a75292.html,1127,2009-08-27 00:00:00,between Mahur and Phaiding railway stations on Barail hills (Mahur and Barail hills located),"The landslides, triggered by torrential rains, took place between Mahur and Phaiding railway stations. The landslides and rock slips damaged the tracks extensively. A 100-metre stretch of track between Mahur and Phaiding had gone under the mud and soil that came down the Barail hills.",between Mahur and Phaiding railway stations on Barail hills (Mahur and Barail hills located),landslide,downpour,medium,unknown,0.0,0.0,India,IN,Assam,7176.0,Mahur,1.57696,93.123,25.1718,4.12,19.43,59.39,174.32,18.13,718.0,13.239755820989554,10.0,True,2.0,Ao76-2/3c,Ao
kanglaonline.com,http://kanglaonline.com/2011/07/works-minister-visits-landslide-hit-maram-stretch-of-nh2/,3860,2011-07-29 00:00:00,"Maram, Manipur","IMPHAL July 29: Several external factors are severely hindering the progress of road repair works being undertaken at the landslide affected area of Maram in Senapati and other developmental works being undertaken along the National Highway, stated works minister K Ranjit after a personal inspection tour of landslide affected area of Maram in Senapati.  Deliberating on the issue faced by the officials and personnel working at the sites, he told media persons accompanying hin that there have been several reported incidents of monetary demands on the officials made by anti-social individuals besides threatening and afflicting physical harms to the labourers working at the Maram landslide area.  Further elaborating, minister K Ranjit stated that the Border Road Organization has been controlling the renovation and repairing of the 27 kms long stretch from Mao to Maram in Senapati for the past 40 years, however considering the failure of the BRO to maintained the highway which is also the m","Maram, Manipur",landslide,rain,medium,unknown,0.0,0.0,India,IN,Nagaland,92113.0,Kohima,28.30317,94.108,25.4192,4.21,9.26,33.41,164.08,10.07,1388.0,14.27107053574802,10.0,True,2.0,Ao76-2/3c,Ao
E-PAO,http://e-pao.net/GP.asp?src=22..020815.aug15,7372,2015-07-31 23:00:00,Naga Gate along the Ukhrul-Imphal route,"Reports reaching here have said that massive landslides that occurred last night at several points like New Haven, Finch Corner, Nungshang Kong and Naga Gate along the Ukhrul-Imphal route have brought vehicular movements to a standstill since early morning on Saturday.",Naga Gate along the Ukhrul-Imphal route,mudslide,continuous_rain,medium,above_road,0.0,0.0,India,IN,Manipur,223523.0,Imphal,49.09866,94.3415,25.0634,79.86,103.04,118.66,224.46,79.86,1763.0,27.550445354076174,10.0,True,2.0,Bh16-2/3c,Bh
Shillong Times,http://www.theshillongtimes.com/2015/08/20/child-washed-away-in-tura/,7336,2015-08-19 09:00:00,NH-62 at Sibbari,The three days of deluge caused a portion of NH-62 to remain closed for some hours at Sibbari area due to a land slip on Wednesday morning.,NH-62 at Sibbari,landslide,continuous_rain,medium,above_road,0.0,0.0,India,IN,Meghalaya,79016.0,Netrakona,41.13405,90.5549,25.2193,26.68,58.96,87.68,136.52,26.68,271.0,4.622196164454146,10.0,True,2.0,Nd2-2b,Nd
www.nagalandpost.com,http://www.nagalandpost.com/channelnews/State/StateNews.aspx?news=TkVXUzEwMDA0MzQ3OQ%3D%3D-qmeQz2DKZMo%3D,5312,2013-08-11 23:00:00,Kangtsung Village,"MLA and Chairman, Nagaland Pollution Control, Amenba Yaden Saturday visited the landslide area at Kangtsung village and its surrounding areas under Tuli in Mokokchung district. Major landslides had completely cut off road connectivity of Kangtsung and Anaki areas of Tuli Sub-division, Mokokchung district with the rest of the state. Kangtsung Village Council and all the villagers expressed gratitude to the MLA and Chairman, Nagaland Pollution Control for showing his concern. The council also thanked the concerned department officials for their visit and requested to take necessary steps to restore the roads at the earliest. At the same time, the village council at its own expenses had pressed into service two JCBs and a Dumper, since Monday to clear the road so that light vehicles and pedestrians could pass. Out of the 40-50, 8 to 10 major landslides caused immense distress to the villagers since August 11. Rain triggered landslides began hitting the area on August 11 though no loss of",Kangtsung Village,landslide,downpour,very_large,unknown,0.0,0.0,India,IN,Assam,8494.0,Amguri,20.23756,94.693,26.7103,6.1,12.29,114.0,166.24,41.52,687.0,12.53647418327811,10.0,True,,Ao76-2/3c,Ao
e-pao,http://www.e-pao.net/GP.asp?src=21..210810.aug10,2304,2010-08-21 18:00:00,"NH 39 at Kigwema(?), between Mao Gate and Kohima, Nagaland","Kohima, August 22 2010: Fresh landslide has occurred between Mao Gate and Kohima on Saturday evening.  The landslide occurred near Kigwema but the authorities are clearing it on war-footing.","NH 39 at Kigwema(?), between Mao Gate and Kohima, Nagaland",landslide,downpour,medium,unknown,0.0,0.0,India,IN,Nagaland,92113.0,Kohima,11.44167,94.1211,25.5718,5.7,25.64,59.56,84.08,10.84,1623.0,11.162178370173905,10.0,True,2.0,Ao76-2/3c,Ao
thehimalayanbeacon.com,http://thehimalayanbeacon.com/magazine/2010/08/21/sikkim-landslides-heavy-toll-2-gpus-completely-cut/,2296,2010-08-20 00:00:00,"many locations around Namchi, Sikkim","Posted by Barun Roy on August 21st, 2010  Namchi: The heavy down pour last two days resulted in much damages at two Gram Panchayat units Lingee-Sokpay and Payoung-Kaw under Yangyany Block Administrative Centre. Kubernath Timshina, Panchayat President of Payoung-Kaw GPU, informs that in the wake of a huge landslide the family members and live stock of Ambika Prashad Adhakari of Millde Payoung have been shifted to other safe place since his house was heavily damaged by the slide.  The houses of Hemlal Adhakari and Rabilal Adhakari of Middle Payoung are also on the verge of collapse due to a heavy mud slip from the new cutting of PWD road. At Lingee village, following heavy rainfall the kitchen of Bhakti Maya Dabhari was completely buried by landslide and her house was also partly damaged. In Dara Karhaha ward of Payoung-Kaw Gram Panchayat Unit, the house of Tek Bdr. Rai was heavily damaged by the new cutting of PMGSY road and if the rain continues for one more day he has to be shifted to","many locations around Namchi, Sikkim",complex,downpour,medium,unknown,0.0,0.0,India,IN,Sikkim,1147.0,Namchi,0.47225,88.3652,27.167,5.94,55.21,177.09,210.69,68.88,1483.0,23.74809153558515,10.0,True,2.0,Rd29-1a,Rd
E-PAO,http://e-pao.net/GP.asp?src=26..120815.aug15,7664,2015-08-11 00:00:00,Nungba,"In a press statement, ZB-AMN General Secretary Dr Gairiangmei Maringmei said due to recent incessant rain, several areas of the Zeliangrong region have experienced landslides.",Nungba,landslide,continuous_rain,medium,unknown,0.0,0.0,India,IN,Manipur,0.0,Bishnupur,36.47706,93.4251,24.7459,5.97,40.38,84.21,215.6,26.61,764.0,5.048548813150623,10.0,True,2.0,Bh16-2/3c,Bh
english.samaylive,http://english.samaylive.com/regional-news/others-news/676490549/flash-floods-in-arunachal-pradesh.html,3789,2011-07-16 00:00:00,Mebua (8 km from Seppa),"Landslides triggered by torrential rain during the past couple of days have thrown life out of gear in many parts of Arunachal Pradesh disrupting surface communication and water supply.    The Bameng-Chayang Tajo road in East Kameng district has been snapped by flash-floods cutting off both the circles from the rest of the district.        Due to landslides, blockages have been reported at Mebua, some 8 kms off Seppa, the district headquarters.Official sources said today that many small streams in the area have swelled and are dangerously flowing above danger levels and have swept away many culverts along the Bameng -Chayang Tajo road.     Many vehicles from Bameng to Seppa were left stranded at Pachi following the situation.Movement of vehicles on the Seppa- Bameng-Chayang Tajo circuit had to be suspended temporarily, the sources said.",Mebua (8 km from Seppa),landslide,downpour,medium,unknown,0.0,0.0,India,IN,Arunachal Pradesh,7121.0,Bomdila,47.70679,92.9064,27.2743,2.2,79.4,131.24,190.44,49.2,638.0,13.108321654365652,10.0,True,2.0,Ao80-2bc,Ao
www.nagalandpost.com,http://www.nagalandpost.com/ChannelNews/Regional/RegionalNews.aspx?news=TkVXUzEwMDA0MzUxNQ%3D%3D-zy3k3F6024s%3D,5343,2013-08-17 23:00:00,The Imphal-Jiribam Section Of Nh-37 In Tamenglong District,"Over 700 Imphal-bound freight trucks were Sunday stranded between Rengpan and Khambirong on the stretch of the Imphal-Jiribam section of NH-37 in Tamenglong district after the road was totally blocked by a landslide triggered by continuous heavy rainfall. An official report reaching here said that the landslide at various places between Rengpang and Khambirong of the highway was triggered by heavy rainfall last night blocking vehicular movement. Over 700 freight trucks including oil tankers and goods laden trucks heading Imphal from Jiribam with security escorts were reportedly stranded at various places beyond Rengpang on Jiribam side. The freight trucks include among other 250 trucks loaded with rice and other Food Corporation of India (FCI), 30 oil tanker and 10 trucks carrying life saving drugs. The landslide was triggered after around 150 trucks had crossed the area with security escort. Besides this, those vehicles which had already crossed the landslide area remained stranded be",The Imphal-Jiribam Section Of Nh-37 In Tamenglong District,landslide,continuous_rain,medium,unknown,0.0,0.0,India,IN,Assam,12871.0,Lakhipur,43.11128,93.4341,24.7625,8.13,26.33,125.91,211.13,51.71,657.0,36.59719885359989,10.0,True,2.0,Bh16-2/3c,Bh
kanglaonline,http://www.kanglaonline.com/index.php?template=headline&newsid=43094&typeid=1,692,2008-08-07 00:00:00,"National Highway-39, Dimapur-Imphal road and another under Kiphire district of Nagaland","Torrential rains during monsoon caused problems in Nagaland and Manipur, resulting in major landslides damaging bridges and sinking roads along the National Highway-39 and also in different parts of Nagaland. Occurred sometime 7th to 22nd","National Highway-39, Dimapur-Imphal road and another under Kiphire district of Nagaland",landslide,downpour,medium,unknown,0.0,0.0,India,IN,Nagaland,92113.0,Kohima,7.87804,94.04,25.705,0.82,12.78,35.98,88.22,12.35,1036.0,16.860785495741176,10.0,True,2.0,Ao76-2/3c,Ao
gsi.gov,"http://www.portal.gsi.gov.in/portal/page?_pageid=127,875814&_dad=portal&_schema=PORTAL",2539,2010-10-03 00:00:00,"Mosing village, Upper Siang district, Arunachal Pradesh","Ten people were killed and about 300,000 displaced in flash floods and landslides triggered by heavy rains in Arunachal Pradesh. Heavy rains triggered mudslides and flooding in at least three districts of Arunachal Pradesh, washing away bridges, huts and school buildings, besides devastating agriculture crops. ""The devastation caused by the floods and landslides had been extensive with eight people already killed in incidents of house collapse due to landslides, besides snapping road links in many areas."" The casualties were reported early on Saturday in Mosing village in Upper Siang district (of Arunachal Pradesh) bordering China, where several houses got buried under mounds of earth.","Mosing village, Upper Siang district, Arunachal Pradesh",landslide,downpour,medium,unknown,10.0,0.0,India,IN,Arunachal Pradesh,25581.0,Pāsighāt,28.27407,95.4149,28.3092,2.35,13.64,31.43,107.15,14.27,1851.0,50.98081968480692,25.0,True,2.0,Ao80-2bc,Ao
morungexpress,http://www.morungexpress.com/frontpage/53726.html,2263,2010-08-17 00:00:00,"Dikhu bridge(?), Mokokchung-Tuensang road, Nagaland","On Tuesday, vehicles plying on the Mokokchung-Tuensang road were stranded for than 15 hours near the Dikhu Bridge under Mokokchung district due to mudslides and sinking caused by rains.  People cross a portion of the landslide area, along the National Highway 39, below Kohima, on Saturday, August 21, 2010. The calamities which affect the National Highway 39 started from August 7 after continuous heavy rainfall in the hilly state of Nagaland.","Dikhu bridge(?), Mokokchung-Tuensang road, Nagaland",landslide,downpour,medium,unknown,0.0,0.0,India,IN,Nagaland,34021.0,Mokokchūng,15.67627,94.6654,26.2753,17.35,49.71,103.86,127.65,26.91,1150.0,30.949579012722413,25.0,True,2.0,Ao76-2/3c,Ao
The Indian Express,http://indianexpress.com/article/india/india-others/mizorams-power-lifeline-on-shaky-ground-after-landslip/,7972,2015-08-28 01:45:00,"Mizoram, India","A downpour was drenching the old building at 1.45am on August 28 when what seemed to be a tremor struck. Several glass panes on windows lining the western wall cracked and broke, as did parts of the concrete wall of the control room of the 132KV power sub-station at Zuangtui, on Aizawl’s eastern outskirts.","Mizoram, India",landslide,downpour,large,unknown,0.0,0.0,India,IN,Mizoram,5963.0,Thenzawl,15.9845,92.8112,23.4495,10.53,17.0,32.21,222.35,10.53,869.0,31.16083503860741,25.0,True,3.0,Bh16-2/3c,Bh
www.e-pao.net,http://www.e-pao.net/GP.asp?src=23..130513.may13,4861,2013-05-12 00:00:00,"Khongsang, Tamenglong, Manipur,","With unprecedented heavy pre-monsoon rains making the condition of Tamenglong- Khongsang road to turn from bad to worse, one goods laden truck (Registration no.MN01-7681) has been washed away in the mudslides occurring at various points of the road which has not known maintenance for the last many years.The incident occurred at Sangrungpang village yesterday while the goods laden truck was heading towards Tamenglong District HQs.","Khongsang, Tamenglong, Manipur,",mudslide,rain,medium,unknown,0.0,0.0,India,IN,Assam,7176.0,Mahur,43.86029,93.4946,24.9926,10.44,45.62,108.43,237.48,27.78,1137.0,4.479758474096997,25.0,True,2.0,Bh16-2/3c,Bh
Mizoram Express,http://mizoramexpress.com/index.php/2010/09/mizoram-landslides-kill-one-woman/,2425,2010-09-13 00:00:00,"near Tuichang(?) on Tuichang river, Aizawl-Champhai rd, Mizoram","Sep 15, 2010  AIZAWL: Aizawl-Champhai road also was blocked by landslides in two places near Tuivawl and Tuichang.  ZONET Champhai Corr. said, the road block near Tuivawl was cleared while men are still at work till in the afternoon to clear the road block near Tuichang.","near Tuichang(?) on Tuichang river, Aizawl-Champhai rd, Mizoram",landslide,downpour,medium,unknown,0.0,0.0,India,IN,Mizoram,2537.0,Khawhai,6.62394,93.0748,23.3439,5.92,10.64,23.16,44.72,5.92,1323.0,36.63368662586392,25.0,True,2.0,Bh16-2/3c,Bh
assamtribune,http://www.assamtribune.com/scripts/detailsnew.asp?id=oct1110/oth05,2568,2010-10-08 00:00:00,"Nungba, Tamenglong, Manipur","The traffic along the 220 km Imphal-Jiribam section of the National Highway 53 has also been disturbed due to landslide at Nungba in Tamenglong district. Owing to the landslide, over 200 loaded trucks heading towards Imphal from Jiribam was stranded, police said.","Nungba, Tamenglong, Manipur",landslide,downpour,medium,unknown,0.0,0.0,India,IN,Assam,12871.0,Lakhipur,40.71672,93.4108,24.7679,86.18,138.2,141.73,173.81,86.18,508.0,24.05432434868892,25.0,True,2.0,Bh16-2/3c,Bh
Telegraph,http://www.telegraphindia.com/1100916/jsp/northeast/story_12941830.jsp,2415,2010-09-12 00:00:00,power lines 5 km from Kohima,"Kohima, Sept. 15: The Nagaland capital has been in darkness for the last three days because of a damaged 132kV transmission line near here.  The power department said it would take a few more days to restore power, depending on the weather conditions.  The 132kV power transmission line, 5km from here, was damaged because of landslides triggered by heavy rainfall. The department said it was taking a 4kV supply from Manipur that is distributed to Ministers’ Hill and VIP quarters.  The department said dozens of workers were deployed at the landslide site but were finding it difficult to pull the wires because of slippery land. Bad weather has turned the situation worse.",power lines 5 km from Kohima,landslide,downpour,medium,unknown,0.0,0.0,India,IN,Nagaland,92113.0,Kohima,0.50696,94.11112157,25.63961883,4.38,6.8,35.08,73.92,8.65,1497.0,15.083960818078218,25.0,True,2.0,Ao76-2/3c,Ao
Nagaland Post,http://www.nagalandpost.com/channelnews/State/StateNews.aspx?news=TkVXUzEwMDA2Njg2NQ%3D%3D,6331,2014-09-08 00:00:00,Kiphire-Seyochung road near Yangzitong village,"Kiphire-Seyochung road via Lukhami village has been blocked since Monday last after the heavy landslide occurred near Yangzitong village under Seyochung sub-division of Kiphire district. The road is considered to be the lifeline of Lukhami , Phisami, Shothumi “A”  and “B” villages,  however owing to the mudslide these villages have been sandwiched in the middle for almost a week.",Kiphire-Seyochung road near Yangzitong village,mudslide,unknown,medium,unknown,0.0,0.0,India,IN,Nagaland,29499.0,Zunheboto,11.35779,94.6279,25.9466,3.11,20.52,21.92,45.85,12.81,1387.0,24.372477818489617,25.0,False,2.0,Ao76-2/3c,Ao
E-PAO,http://e-pao.net/GP.asp?src=22..020815.aug15,7375,2015-08-01 00:00:00,Ukhrul NH 201-Jessami road,"The landslides occurred at three places between Ukhrul to Nungbi Village, following which a team of RKL inspected the sites today.",Ukhrul NH 201-Jessami road,landslide,continuous_rain,medium,above_road,0.0,0.0,India,IN,Manipur,15118.0,Phek,52.60509,94.4481,25.1941,4.9,104.34,121.77,213.52,79.86,1720.0,13.629654547724757,25.0,True,2.0,Bh16-2/3c,Bh
ptinews,http://www.ptinews.com/news/721800_Landslides--blockade-hit-trains-services-in-NC-Hills,1987,2010-06-15 00:00:00,"rails between Mahur and Wadringdisa(?), Assam","Train services in central Assam's North Cachar Hills district have been disrupted due to heavy landslides and a three-day railway blockade called by a students organisation today.  The landslide and blockade affected the Agartala Special, Cachar Express, Barak Valley Passenger, Hill Queen and several other goods trains, railway sources said here today.  Landslides between Jatinga and Longrangjao as well as Mahur and Wadringdisa yesterday stopped rail traffic in the district, the sources said.","rails between Mahur and Wadringdisa(?), Assam",landslide,downpour,medium,unknown,0.0,0.0,India,IN,Assam,7176.0,Mahur,7.17384,93.1658,25.2269,23.82,45.04,129.3,234.34,43.33,392.0,2.9593941376249964,25.0,True,2.0,Ao76-2/3c,Ao
e-pao.net,http://e-pao.net/GP.asp?src=7..020611.jun11,3556,2011-05-31 14:00:00,"Roads between Tamei(Tamma?), Kangpokpi and Chalwa, Manipur","June 01 2011: The denizens of Tamei subdivision while using the IT Road from Kangpokpi to Tamei stretch take immense risk as landslides have begun to occur as the rainy season begins.  As recent as on Tuesday, the flooding streams between Tamei and Chalwa had brought down debris and dumped along the road making the communters very hard to negotiate.  Communters pasing after 2 pm failed to reach their destination due to the road problem yesterday.","Roads between Tamei(Tamma?), Kangpokpi and Chalwa, Manipur",landslide,continuous_rain,small,unknown,0.0,0.0,India,IN,Manipur,223523.0,Imphal,39.70921,93.8474,25.1555,15.72,45.38,50.95,196.32,16.66,1377.0,42.926248921460264,25.0,True,1.0,Bh16-2/3c,Bh
kanglaonline.com,http://www.kanglaonline.com/index.php?template=headline&newsid=39229&typeid=2,252,2007-09-09 00:00:00,"Mao in Manipur, Phipema and Chunikhudima in Nagaland","along NH 39, multiple heavy events, blocked traffic significantly","Mao in Manipur, Phipema and Chunikhudima in Nagaland",landslide,rain,medium,unknown,0.0,0.0,India,IN,Nagaland,92113.0,Kohima,19.44563,94.1192,25.4993,7.1,33.68,96.99,114.66,23.76,1944.0,11.543842645525167,25.0,True,2.0,Ao76-2/3c,Ao
hmar.in,http://hmar.in/news/landslide-blocks-nh-44-for-12-hours,1776,2010-04-21 00:00:00,Shillong-Jowai(Jwai)-Badarpur National Highway(NH 44) at Sunapur village in Jaintia Hills District,"Traffic movement on the Shillong-Jowai-Badarpur National Highway came to a standstill for the last two days due to heavy landslides at Sunapur village in Jaintia Hills district.  NH 44, the main road link via Shillong to Tripura, Mizoram and Barak Valley of Assam was severely affected for over 12 hours. Villages under Narpuh Elaka including Sunapur, Ratacherra, Lumshnong and Umkiang have been badly hit by heavy rain for the past eight days.  Heavy rains accompanied by high velocity winds hit some villages in the area and damaged several houses and uprooted hundreds of trees besides causing landslides at Sunapur village.  A small hillock including a number of huge trees collapsed on highway which resulted in a huge traffic jam as thousands of vehicle were stuck for last two days.",Shillong-Jowai(Jwai)-Badarpur National Highway(NH 44) at Sunapur village in Jaintia Hills District,landslide,downpour,medium,unknown,0.0,0.0,India,IN,Meghalaya,132842.0,Shillong,46.46354,92.2845,25.3612,22.82,90.58,192.15,218.81,58.33,1222.0,3.586080799213583,25.0,True,2.0,Ao74-2b,Ao
E-PAO,http://e-pao.net/GP.asp?src=1..020815.aug15,7390,2015-08-01 00:00:00,between Tengnoupal-Sita junction and Tengnoupal Power Sub-Station,In between Tengnoupal-Sita junction and Tengnoupal Power Sub-Station landslide occurred at four locations and blocked the Tengnoupal-Sangshak road,between Tengnoupal-Sita junction and Tengnoupal Power Sub-Station,landslide,continuous_rain,medium,above_road,0.0,0.0,India,IN,Manipur,7528.0,Wāngjing,22.17372,94.1913,24.4265,3.7,100.7,118.29,201.72,76.06,1309.0,11.243730344787089,25.0,True,2.0,Bh16-2/3c,Bh
ptinews,http://www.ptinews.com/news/721800_Landslides--blockade-hit-trains-services-in-NC-Hills,1994,2010-06-16 00:00:00,"rails between Jatinga and Longrangjao(?), Assam","Train services in central Assam's North Cachar Hills district have been disrupted due to heavy landslides and a three-day railway blockade called by a students organisation today.  The landslide and blockade affected the Agartala Special, Cachar Express, Barak Valley Passenger, Hill Queen and several other goods trains, railway sources said here today.  Landslides between Jatinga and Longrangjao as well as Mahur and Wadringdisa yesterday stopped rail traffic in the district, the sources said.","rails between Jatinga and Longrangjao(?), Assam",landslide,downpour,medium,unknown,0.0,0.0,India,IN,Assam,39982.0,Hāflong,24.41974,92.8025,25.0633,14.74,62.96,129.34,320.6,39.68,93.0,20.03237253917104,25.0,True,2.0,Gd25-2a,Gd
Indian Express,http://indianexpress.com/article/india/india-others/pregnant-woman-among-nine-killed-in-shillong-landslide/,6291,2014-09-21 00:00:00,National Highway 51,"South West Garo Hills deputy commissioner Ram Singh said the seven landslides that occurred between Rari and Jengjal, have cut off road communication to all the districts in the Garo Hills region. Several hundred vehicles have been stranded. There is no railway or air connectivity to any place in western Meghalaya. - See more at: http://indianexpress.com/article/india/india-others/pregnant-woman-among-nine-killed-in-shillong-landslide/#sthash.BxXeFv7G.dpuf",National Highway 51,landslide,continuous_rain,large,unknown,0.0,0.0,India,IN,Meghalaya,63645.0,Tura,30.61905,90.3852,25.7354,58.74,149.12,181.87,233.65,58.74,338.0,5.210697816005832,25.0,True,3.0,Nd2-2b,Nd
morungexpress,http://www.morungexpress.com/local/68036.html,3760,2011-07-11 09:00:00,"NH-61, 1 km before reaching Botsa","Kohima | July 11 : The incessant rainfall last night resulted in a massive landslide this early morning at NH-61, 1 Km before reaching Botsa. Sources said vehicles were stand off for a long time till the road was cleared. PWD department on receiving information entrusted the local contractors to clear off the road since the department does not have enough and good machineries and with the efforts of the local contractor’s road was reportedly opened by 11.15 am. Executive engineer PWD disclosed that they had a meeting and decided to take temporary measures where the machineries belonging to the contractors will be deployed for sometime.","NH-61, 1 km before reaching Botsa",landslide,downpour,medium,unknown,0.0,0.0,India,IN,Nagaland,92113.0,Kohima,0.50696,94.1095,25.6703,0.1,1.79,14.8,89.44,5.47,1445.0,21.554870104453816,25.0,True,2.0,Ao76-2/3c,Ao
www.nagalandpost.com,http://www.nagalandpost.com/ChannelNews/State/StateNews.aspx?news=TkVXUzEwMDA0MjY4Nw%3D%3D-bSp8jh3okxw%3D,5274,2013-08-04 00:00:00,"Suruhuto Town, Nagaland","Incessant torrential rain, which began Sunday at around 11.30 p.m. has completely cut off Suruhuto town from the rest of the state. In a press release, NGZPMC joint secretary Hotoshe Sema said all three links connecting Zunheboto, Mokokchung and Tuensang have been cut off. Road to Zunheboto has been  blocked in 5-6 places and Mokokchung road has been blocked in two places near Zhekuto and Longsa. The valleys of Nanga (Dikhu), Phizo and Tizu, known as rice bowls of Suruhuto Area has been damaged by floods and landslides. Many terrace fields and canals have been washed away by flood. A team of Nanga (Dikhu) Greener Zone Project Management Committee (NGZPMC) who were on GPS mapping of Community Conserved Area (CCA) has been stranded at Nanga valley owing to flood. Log bridges connecting Phuye New/Old and Suruhuto/Surumi/Aichi Saghemi villages have been washed away. Travelers from Tuensang to Kohima/Dimapur via Suruhuto-Coco shortcut road have been requested to take the via Mokokchung rout","Suruhuto Town, Nagaland",landslide,rain,medium,unknown,0.0,0.0,India,IN,Nagaland,29499.0,Zunheboto,13.81486,94.564,26.0838,5.78,14.93,47.43,91.56,17.14,1834.0,13.9074099893744,25.0,True,2.0,Ao76-2/3c,Ao
E-Pao,http://www.e-pao.net/GP.asp?src=28..210810.aug10,2164,2010-07-29 23:00:00,"Chingai-Kuingai(Quingai) route (16 kms), Chingai subdivision, Ukhrul district, Manipur","Since the Chingai-Quingai road has been sunk due to landslides at various points following heavy rainfall that occured twice during the past 20 days, nearly 5,000 villagers of five villages in the sub-division are facing the alarming possibility of starvation.  The road from Chingai to Quingai in Chingai sub-division of Ukhrul district connects Quingai, Chalou, New Tasom, Tasom CV and Tasom Khullen villages.  However, the road has been disconnected in various places due to heavy rainfall that occurred on the night between July 29 and 30 and again on the night of August 15 .  According to Secretary, Information and Publicity, Northern Raphei Students' Union (NRSU), HAS Thuingaleng, nearly 5,000 villagers of the said villages have been facing extreme hardship.  The wooden bridge over Rondei river had been washed away by the powerful current of the river disconnecting the road.  Moreover, landslides have occurred completely blocking the road at different places.  However, due to the heavy","Chingai-Kuingai(Quingai) route (16 kms), Chingai subdivision, Ukhrul district, Manipur",landslide,downpour,medium,unknown,0.0,0.0,India,IN,Manipur,15118.0,Phek,39.51186,94.48214677,25.3098633,17.06,32.41,58.35,101.04,17.06,1552.0,29.263043895532036,25.0,True,2.0,Bh16-2/3c,Bh
Saharas Samay,http://www.saharasamay.com/samayhtml/articles.aspx?newsid=80536,130,2007-07-19 00:00:00,Guwahati,closest to predicted location of Gauhati (167.34 km),Guwahati,landslide,rain,medium,unknown,6.0,0.0,India,IN,Assam,2000.0,Dispur,3.80164,91.7986,26.1699,24.86,59.05,102.7,138.31,32.41,144.0,1.386771132207247,25.0,True,2.0,Af48-2ab,Af
kuenselonline,http://www.kuenselonline.com/modules.php?name=News&file=article&sid=16186,2113,2010-07-21 08:00:00,"Singtam-Mangan rd, Sikkim","Five houses were destroyed by landslides triggered by incessant rain at Zang in East Sikkim early this morning. Nobody was hurt as families living in these houses could escape just before the slides struck.  The mud slides also blocked the Singtam-Mangan road, which is an alternative route to North Sikkim Highway. The rubbles were cleared by the Border Roads Organisation for light vehicles later in the afternoon","Singtam-Mangan rd, Sikkim",landslide,downpour,medium,unknown,0.0,0.0,India,IN,Sikkim,30700.0,Gangtok,7.76559,88.559,27.3773,7.3,45.36,99.3,173.87,23.15,1479.0,34.577439865993604,25.0,True,2.0,Bd32-2bc,Bd
thestatesman.net,http://www.thestatesman.net/page.news.php?clid=10&theme=&usrsess=1&id=162949,126,2007-07-16 00:00:00,Bardang near Singtam,closest to predicted location of Gauhati (336.70 km),Bardang near Singtam,mudslide,rain,medium,unknown,0.0,0.0,India,IN,Sikkim,1147.0,Namchi,2.01104,88.38,27.1499,15.14,46.44,126.22,165.56,30.06,1105.0,30.203926293037487,25.0,True,2.0,Rd29-1a,Rd
Business Standard,http://www.business-standard.com/article/news-ians/landslide-blocks-nh2-disrupting-traffic-to-and-from-manipur-116071000262_1.html,8901,2016-07-10 00:00:00,"National Highway 2, near Kohima, Nagaland, India","Manipur's road-link with the rest of the country was severely disrupted on Sunday as a landslide blocked National Highway 2 near the Nagaland capital Kohima. ""All available personnel and machinery are being used to remove the debris from the road,"" an official told IANS over phone from Kohima. NH 2 and NH 37 are the two main road links between the state and the rest of the country. However, it is feared that there may be fresh landlsides as heavy downpour continued to lash most of the northeastern states.","National Highway 2, near Kohima, Nagaland, India",landslide,downpour,medium,above_road,0.0,0.0,India,IN,Nagaland,92113.0,Kohima,12.96831,94.1318,25.7902,14.38,23.03,75.37,154.56,17.18,1283.0,12.456195843516292,25.0,True,2.0,Ao76-2/3c,Ao
articles.timesofindia.indiatimes.com,http://articles.timesofindia.indiatimes.com/2013-09-10/india/41936154_1_east-and-north-sikkim-chungthang-gangtok,5476,2013-09-07 15:00:00,14 Milestone Of J N Marg Near Kyangnosola (East Sikkim),"The Army launched massive rescue operations in east and north Sikkim since Saturday and rescued 40 stranded tourists and several injured workers of an engineering firm caught in landslides. While the tourists were on their way to Nathu La, the engineering firm was based in Chungthang. ""Around 3pm on Saturday, a massive landslide occurred at 14 Milestone of J N Marg near Kyangnosola (East Sikkim). A convoy of 11 vehicles ferrying 40 tourists to Nathu La were stranded in rain and bad weather. The group comprised five small children and 11 women. On receiving an alert, the Army swung into action and escorted the tourists to safety at the nearest camp. There, they were made comfortable. Milk was arranged for the children. They were also provided with bedding, blankets and medical aid to tide over the harsh weather during the night,"" said Gr Capt T K Singha, CPRO, Ministry of Defence, Kolkata. The following day, the landslides were cleared by the Border Roads personnel and the tourists we",14 Milestone Of J N Marg Near Kyangnosola (East Sikkim),landslide,rain,medium,unknown,0.0,0.0,India,IN,Sikkim,30700.0,Gangtok,13.01721,88.7323,27.3736,5.47,27.37,61.64,117.7,15.3,3421.0,30.731772287991458,25.0,True,2.0,I-Bh-U-c,I
beacononline.wordpress,http://beacononline.wordpress.com/2009/08/28/sikkim-landslides-at-17th-mile-%E2%80%93-the-bane-of-tourism/,1125,2009-08-26 00:00:00,"17th Mile towards Tsomgo Lake, near Kyongsala, Sikkim","A major landslide at 17th Mile towards Tsomgo Lake has become a major factor of disappointment for the tourists visiting Sikkim. Almost all the tourists visiting Sikkim have expressed dissatisfaction for losing their chance to visit the famous high altitude lake. The State Police Department, Check Post has stopped issuing permits to tourists visiting Tsomgo Lake, Baba Mandir and Nathu-La border following massive landslides, which occurred near Kyongsala on July 26.","17th Mile towards Tsomgo Lake, near Kyongsala, Sikkim",landslide,rain,medium,unknown,0.0,0.0,India,IN,Sikkim,30700.0,Gangtok,16.04466,88.7648,27.3746,5.78,16.5,52.29,128.34,25.26,3745.0,6.5001072439046315,25.0,True,2.0,I-Bh-U-c,I
nagalandpost,http://www.nagalandpost.com/ShowStory.aspx?npoststoryiden=UzEwMjg5OTY%3D-LvoR7D2GhjI%3D,2106,2010-07-20 00:00:00,"road to Oting near Longlam village, 13 km from Tizit subdivision, Mon district, Nagaland","With the landslide washing away the only life line of Oting and Longlam villages under Mon district, the villagers are facing acute shortage of essential commodities for livelihood.  The landslide which affected about 200 meters long, occurred near Longlam village on July 20 about 13 kms away from Tizit sub-division of Mon district.  The damage of the road is such that not only two wheeler but even human beings cannot walk or carry any load as the valley is very steep.  The only alternative road would have been via Naginimora- Tiru, but the road is in such a deplorable condition that no vehicles can ply.","road to Oting near Longlam village, 13 km from Tizit subdivision, Mon district, Nagaland",landslide,downpour,medium,unknown,0.0,0.0,India,IN,Nagaland,18742.0,Mon,16.42483,94.9921,26.8716,14.6,56.11,123.67,194.8,29.07,283.0,10.501444158270422,25.0,True,2.0,Af48-2ab,Af
NELIVE (North East Live),http://www.nelive.in/assam/news/woman-injured-landslide,9051,2016-07-19 09:00:00,"12th Mile area at Jorabat, Meghalaya, India","A family in 12th Mile area at Jorabat had a miraculous escape after a portion of a hillock located behind their compound fell on the house. The lady of the house, Nuni Sangma, received minor injuries in the incident.","12th Mile area at Jorabat, Meghalaya, India",landslide,unknown,medium,natural_slope,0.0,1.0,India,IN,Meghalaya,2000.0,Dispur,6.97192,91.8744337,26.09748244,19.72,128.07,204.59,267.67,57.12,185.0,35.452827191558235,25.0,False,2.0,Nd2-2b,Nd
International Business Times,http://www.ibtimes.co.in/meghalaya-massive-landslide-east-jaintia-hills-flash-floods-shillong-hit-normal-life-643439,7589,2015-08-19 00:00:00,National Highway 44,"The landslide disrupted traffic on National Highway 44, which connects Assam, Mizoram and Tripura.",National Highway 44,landslide,rain,medium,above_road,0.0,0.0,India,IN,Meghalaya,55290.0,Karīmganj,43.02536,92.3825,25.2568,35.06,81.02,115.26,200.41,35.06,798.0,8.522642338386635,25.0,True,2.0,Ao74-2b,Ao
Telegraph India,http://www.telegraphindia.com/1120608/jsp/siliguri/story_15584321.jsp#.UN_I7eSx_K0com,4394,2012-06-07 04:30:00,"Rolep, South Sikkim( Mapping to Rhenock 12 miles from Rolep)","Seven persons, three of them children, were killed when landslides struck a village in East Sikkim after a spate of rain lashed the area last night. Four members of a family were also among those wiped out in the early morning strikes.","Rolep, South Sikkim( Mapping to Rhenock 12 miles from Rolep)",landslide,rain,large,unknown,7.0,0.0,India,IN,Sikkim,4026.0,Rangpo,11.12431,88.6458,27.1748,0.08,19.22,36.78,98.69,12.41,944.0,16.7960962530793,25.0,True,3.0,Bd32-2bc,Bd
e-pao,http://www.e-pao.net/GP.asp?src=15..240511.may11,3525,2011-05-22 00:00:00,"Kaiphundai(?)-Tousem(in Assam) road, Tamenglong district, Manipur","May 23 2011: Heavy rainfall caused landslides at three different places along Kaiphundai-Tousem road, the only lifeline of the villagers of restive Tousem Sub-Division of Tamenglong district.  The landslides occurred between New Mandeu and Mandeu village and at Tamenglong-Tousem-Haflong road, said a press release issued by Executive Member of Tamenglong ADC, MP Guang.","Kaiphundai(?)-Tousem(in Assam) road, Tamenglong district, Manipur",landslide,downpour,medium,unknown,0.0,0.0,India,IN,Assam,7176.0,Mahur,32.48182,93.4093,25.0672,12.35,93.39,115.49,136.98,47.2,459.0,17.05316578885703,25.0,True,2.0,Bh16-2/3c,Bh
Red Cross - Field reports,https://www-secure.ifrc.org/dmis/prepare/view_report.asp?ReportID=2987,148,2007-07-30 00:00:00,Saiha,road networks disrupted,Saiha,landslide,downpour,medium,unknown,0.0,0.0,India,IN,Mizoram,22654.0,Saiha,2.05477,92.967,22.479,0.31,3.17,25.87,139.49,9.27,443.0,19.352435158845225,25.0,True,2.0,Bh16-2/3c,Bh
www.morungexpress.com,http://www.morungexpress.com/local/101605.html,5268,2013-08-04 00:00:00,"Zunheboto, Nagaland","The Chief Engineer, PHED Er Kevisekho Kruse along with Superintending Engineer, Er Moa Longchar and a host of field officers and staff on August 22 conducted a physical verification of the huge damages of the main pipeline for water supply to Zunheboto town caused by natureÕs fury on August 4. It stated in a press release that the site visit took stock of the whole situation and made a detailed assessment of the materials that can be salvaged and the additional pipes etc that would be required for restoration of the disrupted water supply.  The Chief Engineer observed the damage caused to be most unexpected and first occurrence of such fierce landslides and flood in the area since the commissioning of the water supply scheme in the year 2000. He added that a total of 790 metres of 150 mm dia main pipelines have either being totally damaged or carried downhill, resulting in complete stoppage of water supply to the town. He also stated that steps have been already initiated to restore th","Zunheboto, Nagaland",landslide,continuous_rain,medium,unknown,0.0,0.0,India,IN,Nagaland,29499.0,Zunheboto,5.21085,94.5163,26.0137,5.78,14.93,47.43,91.56,17.14,1723.0,11.387211682153785,25.0,True,2.0,Ao76-2/3c,Ao
prokerala,http://www.prokerala.com/news/articles/a135422.html,1857,2010-05-11 09:00:00,"National highway 44 at Sunapur and Tongseng in Jaintia Hills district, eastern Meghalaya","Road links to the northeastern states of Tripura, Mizoram and parts of Manipur and southern Assam remained cut off from the rest of India for the second day Wednesday following massive landslides at a major highway in Meghalaya.  The National Highway No 44 at Sunapur and Tongseng in Jaintia Hills district in eastern Meghalaya, bordering Assam, has been blocked since Tuesday morning after heavy rains triggered landslides with huge boulders and trees covering the road.  Sunapur and Tongseng, about 150 km from the Meghalaya capital Shillong, is a landslide prone area and is linked with National Highway No 40 connecting Shillong and Guwahati in Assam, the gateway to mainland India.","National highway 44 at Sunapur and Tongseng in Jaintia Hills district, eastern Meghalaya",landslide,downpour,medium,unknown,0.0,0.0,India,IN,Meghalaya,132842.0,Shillong,47.92484,92.2897,25.3433,12.85,28.61,56.39,112.04,13.57,1201.0,1.0249975202040136,25.0,True,2.0,Ao74-2b,Ao
Eastern Mirror,http://www.easternmirrornagaland.com/landslide-hampers-nh-102-traffic-restored/,8900,2016-07-07 00:00:00,"Imphal-Ukhrul sector of National Highway 102, Manipur, India","Estimated Date. Heavy landslide along the busy Imphal-Ukhrul sector of the National Highway 102 hampered vehicular traffic along the route forcing passenger buses to stop normal services since the last four days.  However smaller-sized vehicles such as cars, vans and gypsies managed to cross the landslide-hit Finch Corner area, 65 km north of Imphal only after the Border Road Task Force (BRTF) machinery cleared the area this afternoon, reports from Ukhrul said.  Earlier in the morning, most of the residents of Ukhrul district who usually takes 2-3 hours, took 6 hours to reach Imphal town by exchanging their vehicles at the two ends of the landslide-hit Finch corner area, according to a resident.  The picturesque Finch Corner areas witnessed heavy landslide measuring around 150 metres following continuous rain in the areas since the last few days.  Sources reaching here said that the BRTF personnel were currently taking all out efforts to restore normal traffic along the highway.","Imphal-Ukhrul sector of National Highway 102, Manipur, India",landslide,monsoon,large,above_road,0.0,0.0,India,IN,Manipur,223523.0,Imphal,43.61406,94.3136,25.0118,11.95,28.19,92.02,135.96,21.85,1391.0,3.200508507855546,25.0,True,3.0,Bh16-2/3c,Bh
e-pao.net,http://e-pao.net/GP.asp?src=24..050913.sep13,5430,2013-09-01 00:00:00,"Tamenglong- Khongsang Road, Manipur",Mudslides also occurred along Tamenglong- Khongsang road at many spots.,"Tamenglong- Khongsang Road, Manipur",mudslide,continuous_rain,medium,unknown,0.0,0.0,India,IN,Manipur,223523.0,Imphal,47.40742,93.487,24.9037,5.42,8.29,54.14,85.41,27.94,1248.0,32.47374462015055,25.0,True,2.0,Bh16-2/3c,Bh
kanglaonline,http://www.kanglaonline.com/index.php?template=headline&newsid=42473&typeid=2,594,2008-06-19 00:00:00,"Namkaoluang village, Tamenglong-Sangrung (Khongsang) road, NH-53, Manipur",mudslide 30-40 feet long,"Namkaoluang village, Tamenglong-Sangrung (Khongsang) road, NH-53, Manipur",mudslide,monsoon,medium,unknown,0.0,0.0,India,IN,Manipur,223523.0,Imphal,18.23429,93.8275,24.9336,6.03,24.82,47.27,88.42,10.51,1027.0,16.02045964527659,25.0,True,2.0,Ao76-2/3c,Ao
www.nagalandpost.com,http://www.nagalandpost.com/channelnews/state/StateNews.aspx?news=TkVXUzEwMDA0NjAwNw%3D%3D-%2FtfIAOw1uMk%3D,4905,2013-06-07 00:00:00,"Kuthur – Huker Road Via Y Anner, Chessore, Nagaland","Chessore  Area  Village  Councils  and VDBs comprising  of five villages _ Chessore, Huker, Aiponger, Y. Anner and  Kuthur villages _ after thoroughly deliberating on the issue of road blockade caused by heavy landslide from Kuthur to Huker road via Y/ Anner and  Chessore village, have resolved to clear the blockade road. S. Neoji and R. Ramji said a joint meeting of Chessore area village councils and VDBs held meeting August 31 at Chessore village wherein it was resolved to deploy bulldozer to clear landslide along the road. They also stated that expenditure would be contributed from each VDB of five villages under MGNRES scheme under 2013- 14, as the road was the lifeline of the people of the area.","Kuthur – Huker Road Via Y Anner, Chessore, Nagaland",landslide,unknown,medium,unknown,0.0,0.0,India,IN,Nagaland,33748.0,Tuensang,22.32574,94.7031,26.0977,9.11,20.54,30.52,61.92,9.11,1703.0,27.369455013928143,25.0,False,2.0,Ao76-2/3c,Ao
E-PAO,http://e-pao.net/GP.asp?src=7..290611.jun11,3662,2011-06-28 00:00:00,"Ikou-Gangpijang road, near: Ikou, Saikul, and Gangpijang; Imphal India","June 28 2011: Ikou-Gangpijang road, development work of which was left incomplete following some disputes in awarding the contract, has been disconnected following landslide.  Consequent upon the landslide, passenger buses travelling from Imphal could not proceed beyond Ikou.  The passengers travelling to Saikul have to cross the landslide area on foot, and then travel forward till Saikul from Gangpijang in passenger jeeps.  In case passenger jeeps are not available, people have to walk all the way to Saikul which is about 2.5 Kms away.  Development work on Sagolmang-Saikul road which passes through Ikou and Gangpijang was abandoned after completing around 80 per cent of the following disputes in the contract deals.  The development work of the road was abandoned after the work order was given to a second contractor.  Notably, taking serious note of the abandonment of the road development work, KSO Saikul and Kuki Inpi Saikul appealed to the Chief Minister to finish the work before ons","Ikou-Gangpijang road, near: Ikou, Saikul, and Gangpijang; Imphal India",landslide,rain,medium,below_road,0.0,0.0,India,IN,Manipur,223523.0,Imphal,0.44836,94.0144205,25.03561729,12.9,73.66,106.5,166.09,42.95,860.0,27.282090548675143,25.0,True,2.0,Ao76-2/3c,Ao
www.nagalandpost.com,http://www.nagalandpost.com/channelnews/state/StateNews.aspx?news=TkVXUzEwMDA0NDE4MQ%3D%3D-6hneqQH1frg%3D,5338,2013-08-16 00:00:00,"Longlem, Nagaland","Two villages- Oting and Longlem under 41 Tizit A/C remained  cut-off from the rest of the district due to heavy mudslide that occurred on August 16 last. The mudslide covered about 60-70 metre stretch of road near Longlem village. It has been reported that the residents of both the villages were facing shortage of essential commodities as their life-line has been blocked by the mudslide for more than 10 days. It may be mentioned that a JCB had reached the major mudslide site on August 20 to clear the road. However, according to a villager, the JCB which had gone for refueling on August 22, before clearing even 1/3 (one third) of the affected road, never returned.","Longlem, Nagaland",landslide,rain,medium,unknown,0.0,0.0,India,IN,Assam,19672.0,Sonāri,19.00178,94.9275,26.8727,36.7,45.85,83.15,218.2,36.7,134.0,2.273255293928232,25.0,True,2.0,Af48-2ab,Af
morungexpress,http://www.morungexpress.com/local/50546.html,1996,2010-06-17 19:30:00,"Shayoung Ward(?), Longleng, Nagaland","Longleng, June 18 (MExN): Property worth lakh of rupees was destroyed when a thatched house belonging to one Hemshi Phiom was washed away by landslide at Longleng district. The incident occurred at Shayoung Ward around 7.30 pm last night due to monsoon rain. None of the household goods could be saved as it was washed away completely by the landslide. There was no report of human causality.","Shayoung Ward(?), Longleng, Nagaland",landslide,downpour,medium,unknown,0.0,0.0,India,IN,Nagaland,33748.0,Tuensang,19.34297,94.8833,26.4333,2.62,54.18,97.49,227.54,30.83,554.0,27.021028298552192,25.0,True,2.0,Ao76-2/3c,Ao
www.business-standard.com,http://www.business-standard.com/article/news-ani/tourists-stranded-due-to-landslide-in-gangtok-113060900319_1.html,4908,2013-06-08 17:00:00,"15 Km From Gangtok, Himalayans","Hundreds of tourists were stranded near Gangtok, following a landslide. ""We faced many problems there was nothing to protect us (from cold). The person, who slept in the vehicle in night, might fall sick. Military persons gave food to everybody to eat. Locals helped us,"" a tourist, Sanjay Suri, said. Nearly 100 vehicles were struck as slush and the debris blocked the road nearly 15 kilometres off Gangtok after heavy rain. Gangtok is located in the Himalayans at an altitude of nearly 5,600 feet. Military personnel and locals aided the visitors, who slept either in cars or a nearby temple. The Border Roads Organisation (BRO) has started the clearing operations to make the road commutable for the travelers to leave for their destination. (2nd link) Around 600 tourists returning to Gangtok from Chhangu Lake, Baba Mandir and Nathu-la were stranded at 5th Mile, 15km from Gangtok, following a landslide on Jawaharlal Nehru Marg on Saturday evening, official sources said. ""Around 5pm, when t","15 Km From Gangtok, Himalayans",landslide,downpour,medium,unknown,0.0,0.0,India,IN,Sikkim,30700.0,Gangtok,10.78558,88.708,27.3721,10.3,15.09,35.18,110.67,12.08,3159.0,38.00689623991378,25.0,True,2.0,Bd32-2bc,Bd
morungexpress,http://www.morungexpress.com/frontpage/53726.html,2248,2010-08-14 00:00:00,"Noklak-Tuensang road, Nagaland","People cross a portion of the landslide area, along the National Highway 39, below Kohima, on Saturday, August 21, 2010. The calamities which affect the National Highway 39 started from August 7 after continuous heavy rainfall in the hilly state of Nagaland.   Almost all roads in Tuensang district including those connecting the district headquarters have become unpliable for both the Nagaland State Transport (NST) buses and private vehicles. Some of the roads worst hit by landslides and land-sinking are Tuensang-Shamatore road, Noklak-Tuensang road, Kiphire-Tuensang road and Tuensang-Mokokchung road. (Very unclear about the date, anytime between August 7th and August 21st)","Noklak-Tuensang road, Nagaland",landslide,downpour,medium,unknown,0.0,0.0,India,IN,Nagaland,33748.0,Tuensang,10.37545,94.9152,26.222,11.86,53.09,65.68,97.18,26.51,1762.0,28.42576702358958,25.0,True,2.0,Ao76-2/3c,Ao
Telegraph India,http://www.telegraphindia.com/1080616/jsp/northeast/story_9416169.jsp,587,2008-06-15 00:00:00,"Lakhimpur district, Bihpuria, Assam","heavy flooding and landslides in Assam and Arunachal Pradesh, difficult to determine if casualties were from flooding or landslides","Lakhimpur district, Bihpuria, Assam",landslide,downpour,medium,unknown,17.0,0.0,India,IN,Assam,59841.0,North Lakhimpur,0.75347,94.0989,27.2298,1.5,64.37,149.51,193.92,37.41,94.0,2.1247789427521147,25.0,True,2.0,Be82-a,Be
kanglaonline.com,http://www.kanglaonline.com/index.php?template=headline&newsid=39138&typeid=2,220,2007-08-31 00:00:00,"Velnal village, Tamei sub-division and Toribari village (3 kilometer toward Tamei from Kangpokpi)","multiple events occurring over 3 days, isolated 70 villages along IT roadway","Velnal village, Tamei sub-division and Toribari village (3 kilometer toward Tamei from Kangpokpi)",landslide,rain,medium,unknown,0.0,0.0,India,IN,Manipur,223523.0,Imphal,36.09995,93.9667,25.1333,1.28,4.27,19.59,43.47,5.9,1008.0,2.1157468041581975,25.0,True,2.0,Ao76-2/3c,Ao
e-pao,http://www.e-pao.net/GP.asp?src=28..210810.aug10,2253,2010-08-15 23:00:00,"Chingai-Kuingai(Quingai) route (16 kms), Chingai subdivision, Ukhrul district, Manipur","Since the Chingai-Quingai road has been sunk due to landslides at various points following heavy rainfall that occured twice during the past 20 days, nearly 5,000 villagers of five villages in the sub-division are facing the alarming possibility of starvation.  The road from Chingai to Quingai in Chingai sub-division of Ukhrul district connects Quingai, Chalou, New Tasom, Tasom CV and Tasom Khullen villages.  However, the road has been disconnected in various places due to heavy rainfall that occurred on the night between July 29 and 30 and again on the night of August 15 .  According to Secretary, Information and Publicity, Northern Raphei Students' Union (NRSU), HAS Thuingaleng, nearly 5,000 villagers of the said villages have been facing extreme hardship.  The wooden bridge over Rondei river had been washed away by the powerful current of the river disconnecting the road.  Moreover, landslides have occurred completely blocking the road at different places.  However, due to the heavy","Chingai-Kuingai(Quingai) route (16 kms), Chingai subdivision, Ukhrul district, Manipur",landslide,downpour,medium,unknown,0.0,0.0,India,IN,Manipur,15118.0,Phek,39.51186,94.48265093,25.31006064,10.62,28.36,32.48,50.8,12.04,1528.0,30.18256697884878,25.0,True,2.0,Bh16-2/3c,Bh
articles.timesofindia.indiatimes.com,http://articles.timesofindia.indiatimes.com/2013-05-12/guwahati/39203177_1_young-mizo-association-aizawl-rescue-work,4857,2013-05-11 09:00:00,"Laipuitland , Aizawl, Mizoram",Landslides triggered by a cyclonic storm and heavy pre-monsoon rain claimed at least 10 lives and swept away nine houses in the northern part of Aizawl on Saturday morning. Seven more people are missing.,"Laipuitland , Aizawl, Mizoram",landslide,rain,large,unknown,15.0,0.0,India,IN,Mizoram,265331.0,Aizawl,0.10199,92.7175,23.7281,21.06,76.18,247.9,374.7,57.11,1075.0,8.496937956006335,25.0,True,3.0,Bd61-2c,Bd
Telegraph India,http://www.telegraphindia.com/1100605/jsp/northeast/story_12529386.jsp,1934,2010-06-03 05:00:00,Rongpur village under Bhairabhnagar panchayat in Karimganj district,"Two died and five others were injured yesterday around 5am when their bamboo huts were crushed in a mudslide on the foothills at Rongpur village under Bhairabhnagar panchayat in Karimganj district.  Sources in Karimganj police station today said the dead have been identified as Dhalai Mia, a 50-year-old farmer, and his youngest son Fakrul Islam, 12. The injured, including Mia’s wife Lesa Bibi, 45, and their granddaughter Nurana Begum, 5, are being treated in the nearby Ramkrishnanagar hospital.  The site of this mishap is about 85km from this town.  This is the third major landslide in the Barak valley in the past two years.",Rongpur village under Bhairabhnagar panchayat in Karimganj district,landslide,downpour,medium,unknown,2.0,0.0,India,IN,Assam,31031.0,Hailākāndi,20.39416,92.3814,24.6005,54.42,121.7,190.57,295.51,54.42,86.0,17.429220646877386,25.0,True,2.0,Ge53-3a,Ge
Mizoram Express,http://mizoramexpress.com/index.php/2010/09/mizoram-landslides-kill-one-woman/,2426,2010-09-13 00:00:00,"Hual(Hu) village(?), Lunglei-Lawngtlai rd, Mizoram","Sep 15, 2010  AIZAWL: Lunglei-Lawngtlai road was also blocked by a heavy landslide at =hual\hu village this afternoon. The landslide also washed away the house of Vanlallawma. Luckily all the family members managed to run out of the house before the house collapsed with the pressure. A number of vehicles were stranded on both sides of the road. Among the stranded passengers, the Rajya Sabha Member, Mr. Lalhmingliana and some MNF Party leaders were also there. The Additional DC, Mr. T. Lalduhawma visited the landslide victim and promised that the government will give assistance to the family as per rule.","Hual(Hu) village(?), Lunglei-Lawngtlai rd, Mizoram",landslide,downpour,medium,unknown,0.0,0.0,India,IN,Mizoram,52728.0,Lunglei,21.89059,92.8416,22.7176,5.13,13.96,29.88,43.04,7.08,728.0,24.51559955702803,25.0,True,2.0,Bh16-2/3c,Bh
prokerala,http://www.prokerala.com/news/articles/a75292.html,1109,2009-08-20 00:00:00,Lumding-Badarpur section in North Cachar Hills district,"The rail services between rest of India and southern Assam, Tripura, Mizoram and Manipur have been suspended since Aug 20 following extensive landslides on the Lumding-Badarpur section in North Cachar Hills district",Lumding-Badarpur section in North Cachar Hills district,landslide,downpour,medium,unknown,0.0,0.0,India,IN,Assam,8364.0,Maibong,24.54328,93.1645,25.5215,12.55,40.34,100.43,157.1,29.93,278.0,3.2128253404789087,25.0,True,2.0,Ao76-2/3c,Ao
ukpress.google,http://ukpress.google.com/article/ALeqM5iM8gWKcS4OLf66hwzNMnaybAaZYA,585,2008-06-14 00:00:00,"Itanagar-Naharlagun, Arunachal Pradesh","bodies pulled from debris in and around Itnagar, 300 mud huts washed away at banks of Dikrong river","Itanagar-Naharlagun, Arunachal Pradesh",landslide,rain,large,unknown,21.0,0.0,India,IN,Arunachal Pradesh,44971.0,Itānagar,2.34889,93.6287,27.0998,42.4,85.43,148.59,254.87,42.4,406.0,7.160045497826495,25.0,True,3.0,Nd53-3bc,Nd
beacononline.wordpress,http://beacononline.wordpress.com/2008/08/31/landslide-victims-being-compensated/,755,2008-08-28 00:00:00,"Ranka, Sikkim and Louing road","most affected villages of block level are Pabing, Changram, Doksing and Thami Dara","Ranka, Sikkim and Louing road",landslide,downpour,medium,unknown,0.0,0.0,India,IN,Sikkim,30700.0,Gangtok,1.28629,88.609,27.337,3.56,14.14,30.97,94.54,7.65,1540.0,12.901696398278036,25.0,True,2.0,Bd32-2bc,Bd
articles.timesofindia,http://articles.timesofindia.indiatimes.com/2012-03-04/guwahati/31120923_1_booths-repoll-polling-stations,4241,2012-03-04 00:00:00,Tamei constituency in Tamenlong district,"Repolling in 63 booths under nine constituencies in the five hill districts of Senapati, Ukhrul, Churachandpur, Tamenglong and Chandel was held on Sunday amid heavy security with more than 60% turnout recorded. The exercise was supposed to be held in 67 booths but owing to heavy landslides triggered in the remote Tamei constituency in Tamenlong district, poll officials could not reach four booths forcing the Election Commission to defer the exercise till Monday.",Tamei constituency in Tamenlong district,landslide,unknown,medium,unknown,0.0,0.0,India,IN,Manipur,223523.0,Imphal,47.30334,93.6795,25.1604,0.04,8.26,13.66,13.84,5.81,1091.0,12.975482111654207,25.0,False,2.0,Bh16-2/3c,Bh
Hmar.net,http://hmar.net/?p=1870,322,2007-10-21 00:00:00,National Highway 53 at Nungba in Tamenglong district of Manipur,blocked road,National Highway 53 at Nungba in Tamenglong district of Manipur,landslide,rain,medium,unknown,0.0,0.0,India,IN,Assam,12871.0,Lakhipur,43.16287,93.4333,24.75,2.38,19.51,65.78,114.17,21.54,467.0,22.45952250962254,25.0,True,2.0,Bh16-2/3c,Bh
en.apa,http://en.apa.az/news.php?id=119178,1611,2010-04-01 00:00:00,"Paglanala village, Dholai Block, near Dwarbandh locality of the district, Cachar district (could only find district) 45 km from Silchar, Assam","The latest disaster has come from Assam where three children aged 7, 5 and 2 were crushed to death after the side of a mountain slid onto their house in Cachar, wiping it out. Their parents, Deepak and Supriti Roy, who survived the catastrophe were seriously injured.  A torrential downpour — some 26 inches on the rain gauge — over the past few days loosened the earth leading to the tragedy at the reserved forest village of Paglanala under Dholai block in the state’s Cachar district.  In the reckless destruction of mountains — be it in the name of “development” or the creation of more “living space” — there have been instances of entire convoys of passenger traffic being stranded in the mountains of the region because of landslides.  As per media report of 2nd April 2010 a landslide at the reserved forest village of Paglanala under Dholai block in the Cachar district, Assam has led to the death of three children and serious injury to two persons. The landslide was preceded by torrential","Paglanala village, Dholai Block, near Dwarbandh locality of the district, Cachar district (could only find district) 45 km from Silchar, Assam",landslide,downpour,medium,unknown,3.0,0.0,India,IN,Assam,39982.0,Hāflong,1.49521,93.028,25.1553,40.47,104.47,158.73,163.85,40.47,573.0,23.25770246880801,25.0,True,2.0,Ao76-2/3c,Ao
youtube,http://www.youtube.com/watch?v=jHTtW2WaJGw,2182,2010-07-31 09:00:00,Dimapur-Imphal highway (NH 39) near Manipur,Heavy rains triggered a landslide along NH 30 near Imphal. The landslide blocked a 100 ft stretch of road and trucks and cars were stranded on either side. The landslide occurred in the morning. There has been significant deforestation in the area.,Dimapur-Imphal highway (NH 39) near Manipur,landslide,rain,medium,unknown,0.0,0.0,India,IN,Manipur,223523.0,Imphal,17.36482,93.8443,24.9356,17.28,60.98,86.61,142.16,24.02,849.0,0.926369172997235,25.0,True,2.0,Ao76-2/3c,Ao
morungexpress,http://www.morungexpress.com/frontpage/53726.html,2249,2010-08-14 00:00:00,"Kiphire-Tuensang rd, Nagaland","People cross a portion of the landslide area, along the National Highway 39, below Kohima, on Saturday, August 21, 2010. The calamities which affect the National Highway 39 started from August 7 after continuous heavy rainfall in the hilly state of Nagaland.   Almost all roads in Tuensang district including those connecting the district headquarters have become unpliable for both the Nagaland State Transport (NST) buses and private vehicles. Some of the roads worst hit by landslides and land-sinking are Tuensang-Shamatore road, Noklak-Tuensang road, Kiphire-Tuensang road and Tuensang-Mokokchung road. (Very unclear about the date, anytime between August 7th and August 21st)","Kiphire-Tuensang rd, Nagaland",landslide,downpour,medium,unknown,0.0,0.0,India,IN,Nagaland,33748.0,Tuensang,20.67617,94.803,26.0814,11.86,53.09,65.68,97.18,26.51,944.0,36.44619065843627,25.0,True,2.0,Ao76-2/3c,Ao
kanglaonline,http://www.kanglaonline.com/index.php?template=headline&newsid=43189&typeid=1,760,2008-08-29 00:00:00,"Kohima, Nagaland","several colonies have been affected by the landslides, mudslides and sinking due to the incessant rains in the state capital Kohima","Kohima, Nagaland",complex,downpour,medium,unknown,0.0,0.0,India,IN,Nagaland,92113.0,Kohima,0.67975,94.1066,25.67,5.84,16.36,22.51,95.89,9.09,1442.0,18.41213576563324,25.0,True,2.0,Ao76-2/3c,Ao
Telegraph India,http://www.telegraphindia.com/1100727/jsp/northeast/story_12728199.jsp,2140,2010-07-25 00:00:00,"road between Halfong and Redzol(?) or Silchar, Assam",Landslides coupled with lack of maintenance have cut off road link between Haflong and Silchar.  The situation became worse after a few spells of heavy rainfall during the past week.,"road between Halfong and Redzol(?) or Silchar, Assam",landslide,downpour,medium,unknown,0.0,0.0,India,IN,Assam,152393.0,Silchar,24.4132,92.801,25.0477,3.43,18.78,96.12,168.55,33.45,169.0,26.744232985272472,25.0,True,2.0,Gd25-2a,Gd
Red Cross - Field reports,https://www-secure.ifrc.org/dmis/prepare/view_report.asp?ReportID=2987,147,2007-07-30 00:00:00,Lawngtlai,road networks disrupted,Lawngtlai,landslide,downpour,medium,unknown,0.0,0.0,India,IN,Mizoram,22654.0,Saiha,9.62825,92.899,22.533,0.31,3.17,25.87,139.49,9.27,801.0,15.868646633497285,25.0,True,2.0,Bh16-2/3c,Bh
Mizoram Express,http://mizoramexpress.com/index.php/2010/09/mizoram-landslides-kill-one-woman/,2424,2010-09-13 00:00:00,"near Tuivawl(?), Aizawl-Champhai rd, Aizawl district, Mizoram","Sep 15, 2010  AIZAWL: Aizawl-Champhai road also was blocked by landslides in two places near Tuivawl and Tuichang.  ZONET Champhai Corr. said, the road block near Tuivawl was cleared while men are still at work till in the afternoon to clear the road block near Tuichang.","near Tuivawl(?), Aizawl-Champhai rd, Aizawl district, Mizoram",landslide,downpour,medium,unknown,0.0,0.0,India,IN,Mizoram,265331.0,Aizawl,26.45346,92.9296,23.591,5.92,10.64,23.16,44.72,5.92,802.0,14.408778587162091,25.0,True,2.0,Bh16-2/3c,Bh
e-Pao.net,http://www.e-pao.net/GP.asp?src=Snipp7..120907.sep07,255,2007-09-10 00:00:00,Wamkhu village along the Tengnoupal-Joupi road in Chandel district,"50 meter stretch on road, timing is unknown but it blocked traffic",Wamkhu village along the Tengnoupal-Joupi road in Chandel district,landslide,rain,medium,unknown,0.0,0.0,India,IN,Manipur,30418.0,Kakching,29.41705,94.0691,24.2451,0.73,10.16,46.05,51.86,13.56,1281.0,25.95439328643043,25.0,True,2.0,Bh16-2/3c,Bh
beacononline.wordpress,http://beacononline.wordpress.com/2009/08/25/kalimpong-highway-doom-for-hill-economy/,1112,2009-08-20 00:00:00,"NH31A, Mile 27 near Rambi","Vehicles ply on 27 Mile, a landslide-affected stretch of NH31A, after fresh mudslide on Monday. The rain-triggered landslides and cave-ins have reduced the highway to a potholed and slushy track at numerous places, leading to frequent traffic jams and increase in travel time from two hours to more than double for Siliguri-bound vehicles from here on National Highway 31-A, lifeline for Sikkim and Kalimpong At least 10 places along the Highway had been hit by landslides, triggered by torrential rains over the past week. All these stretches, except Mile 27 area near Rambi have been cleared by the Border Roads Organisation (BRO).","NH31A, Mile 27 near Rambi",mudslide,downpour,medium,unknown,0.0,0.0,India,IN,Sikkim,4026.0,Rangpo,0.50251,88.5287,27.1761,47.06,120.65,200.19,260.94,47.06,296.0,10.768510295209571,25.0,True,2.0,Bd32-2bc,Bd
kanglaonline.com,http://kanglaonline.com/2011/06/two-children-claimed-by-landslide-at-tamenglong/,3560,2011-05-31 14:30:00,"Gaoilung(Gadailong) village(?), Ward 4(?), Tamenglong, Manipur","June 1, 2011  A major landslide at Tamenglong has reportedly claimed two lives yesterday. According to a source, two members of a family, a brother and a sister were killed in a massive landslide at the Gaoilung village, Tamenlong ward No. 4 yesterday afternoon at around 2:30 pm.  The deceased brother and sisters were identified as one Masamdingliu, 13 and Mathemsonang, 8 children of Dr. Kiulang originally hailing from Dilong village.  According to the source, the siblings were killed while there house was dragged along by the land slide, triggered by torrential rain yesterday.","Gaoilung(Gadailong) village(?), Ward 4(?), Tamenglong, Manipur",landslide,downpour,medium,unknown,2.0,0.0,India,IN,Manipur,223523.0,Imphal,35.52835,93.5935,24.8286,15.72,45.38,50.95,196.32,16.66,729.0,37.974740545343984,50.0,True,2.0,Bh16-2/3c,Bh
thestatesman.net,http://www.thestatesman.net/page.news.php?clid=10&theme=&usrsess=1&id=164069,141,2007-07-26 00:00:00,Singtam,closest to predicted location of Shillong (397.72 km),Singtam,landslide,rain,medium,unknown,0.0,0.0,India,IN,Meghalaya,11090.0,Cherrapunji,19.36242,91.88,25.38,34.95,113.14,176.0,316.18,48.66,1305.0,40.39713922078188,50.0,True,2.0,Ao78-3c,Ao
The Hindu,http://www.thehindu.com/news/national/other-states/fresh-mudslides-affect-traffic-in-nagalandmanipur/article4928261.ece,5122,2013-07-17 00:00:00,"National Highway 29 Between Patkai Bridge And Kukidolong, Nagaland",Fresh mudslides were reported in some parts of Nagaland affecting the vehicular movements in Nagaland and Manipur. The mudslides had buried some portions of highways 2 and 29 on Tuesday. An 80 metre long breach at NH 2 near Kohima has disrupted all vehicular movements cutting off Manipur. Officials said that most of the debris were cleared by Wednesday night and vehicular movement restored. There will be free flow of traffic unless there is fresh rain.,"National Highway 29 Between Patkai Bridge And Kukidolong, Nagaland",mudslide,rain,medium,unknown,0.0,0.0,India,IN,Nagaland,92113.0,Kohima,19.79639,93.9413,25.7658,5.65,24.17,83.82,142.35,32.24,808.0,44.2276920510005,50.0,True,2.0,Ao76-2/3c,Ao
Sikkim times.com,http://www.thestatesman.net/page.arcview.php?clid=10&id=184730&usrsess=1,78,2007-05-23 00:00:00,"Pangthang, on road b/t Gangtok and North Sikkim",along highway,"Pangthang, on road b/t Gangtok and North Sikkim",landslide,rain,medium,unknown,0.0,0.0,India,IN,Sikkim,30700.0,Gangtok,1.48585,88.6069,27.3383,0.09,2.4,28.81,51.69,16.77,1514.0,14.993125541982852,50.0,True,2.0,Bd32-2bc,Bd
kanglaonline.com,http://www.kanglaonline.com/index.php?template=headline&newsid=39255&typeid=1,258,2007-09-11 00:00:00,"NH-39 at Imphal-Moreh section, Lokchao largest event","multiple landslides (6 locations) along NH 39, blocked traffic","NH-39 at Imphal-Moreh section, Lokchao largest event",landslide,rain,medium,unknown,3.0,0.0,India,IN,Manipur,30418.0,Kakching,10.89373,94.0564,24.4279,6.06,13.55,105.1,125.51,33.58,895.0,8.395047652311604,50.0,True,2.0,Ao76-2/3c,Ao
E-PAO,http://e-pao.net/GP.asp?src=Snipp16..250715.jul15,7279,2015-07-24 00:00:00,Tamenglong Ward No-IV,"Due to incessant rainfalls in the last few days, a huge mudslide occurred on Friday which destroyed a garage along with a Bolero jeep and other belongings of one Namthiurai Daimei of Tamenglong Ward No-IV.",Tamenglong Ward No-IV,mudslide,monsoon,medium,other,0.0,0.0,India,IN,Manipur,7176.0,Mahur,46.17661,93.5142,24.9818,14.94,43.33,119.51,201.92,20.98,1249.0,3.700645055238003,50.0,True,2.0,Bh16-2/3c,Bh
The Hindu,http://www.thehindu.com/news/national/other-states/fresh-mudslides-affect-traffic-in-nagalandmanipur/article4928261.ece,5123,2013-07-17 00:00:00,"National Highway 2 Near Meriema Village, 10 Km Away From Kohima",Fresh mudslides were reported in some parts of Nagaland affecting the vehicular movements in Nagaland and Manipur. The mudslides had buried some portions of highways 2 and 29 on Tuesday. An 80 metre long breach at NH 2 near Kohima has disrupted all vehicular movements cutting off Manipur. Officials said that most of the debris were cleared by Wednesday night and vehicular movement restored. There will be free flow of traffic unless there is fresh rain.,"National Highway 2 Near Meriema Village, 10 Km Away From Kohima",mudslide,rain,medium,unknown,0.0,0.0,India,IN,Nagaland,92113.0,Kohima,4.81849,94.0885,25.7131,3.66,25.34,116.75,188.57,51.78,1413.0,25.132660081730556,50.0,True,2.0,Ao76-2/3c,Ao
morungexpress,http://www.morungexpress.com/local/67492.html,3663,2011-06-28 00:00:00,"Ruzapfu valley, Kikruma Village, Phek District, Nagaland","Kikruma | June 28 : Following the heavy down-pour of incessant monsoon rain for the last few weeks, paddy fields belonging to six families at Ruzapfu valley, Kikruma Village under Phek District have submerged under overflowing streams. The relentless rain has caused massive landslides and mudslides damaging paddy and also partially affecting the NH-129. Kikruma Village is located some 50 Kms away from Kohima Talking to The Morung Express, Kasahi Vero one of the affected paddy field owner stated, “The water in the streams and rivulets at the adjoining areas has carried downstream the mud and wrought havoc and calamity by destroying major portion of already planted paddy fields at Ruzapfu valley.” Earlier, it was reported that on June 21 last, the threat caused by the rainfall was beyond human control and the farmers suffered heavy loses, approximately estimated to be worth more than five lakh rupees. It is to be noted that the annual yield of paddy was roughly measured around 200 head l","Ruzapfu valley, Kikruma Village, Phek District, Nagaland",landslide,downpour,medium,unknown,0.0,0.0,India,IN,Nagaland,92113.0,Kohima,0.72537,94.1099,25.6682,10.59,57.37,84.92,135.97,25.25,1428.0,12.471496205387888,50.0,True,2.0,Ao76-2/3c,Ao
sindhtoday,http://www.sindhtoday.net/south-asia/32058.htm,870,2008-10-29 00:00:00,"West Kameng, Arunachal Pradesh",So far about 12 people have died in separate incidents. Most victims died after hillocks caved in on their houses or they were washed away in flash floods caused by unseasonal heavy rains for the past four days,"West Kameng, Arunachal Pradesh",mudslide,downpour,medium,unknown,12.0,0.0,India,IN,Arunachal Pradesh,7121.0,Bomdila,16.71177,92.35,27.4,0.0,24.16,33.78,33.8,22.16,2622.0,27.60616139709439,50.0,True,2.0,Ao80-2bc,Ao
dnaindia,http://www.dnaindia.com/india/report_one-dead-road-and-rail-communication-disrupted-due-to-rains-in-assam_1450237,2574,2010-10-09 00:00:00,"between Mahur and Maigrandisa(?) or Lumding, Assam","Meanwhile, rail communication has been disrupted with landslides affecting railway tracks at 28 places between Mahur and Maigrandisa in the Lumding-Silchar section with 40metres of track completely washed away.  NF railways have suspended rail services in the section till the tracks can be repaired and restored.","between Mahur and Maigrandisa(?) or Lumding, Assam",landslide,downpour,medium,unknown,0.0,0.0,India,IN,Assam,8364.0,Maibong,19.26104,93.1477,25.4749,26.53,110.95,121.17,143.76,58.94,147.0,3.5885571438036794,50.0,True,2.0,Ao76-2/3c,Ao
e-pao.net,http://e-pao.net/GP.asp?src=Snipp3..100610.jun10,1961,2010-06-09 14:15:00,"Ishok Chingphu(?), Bishnupur, Assam","Imphal, June 09 2010: Three houses were damaged in mudslide from the hill at Ishok Chingphu in Bishnupur district today causing damaged to properties worth around Rs 2 lakh.  The collapsed houses belonged to Pukhrambam Rame son of Chaoba, Huidrom Shamu and Naorem Bisheshwar.  Most part of the house of Rame had been destroyed in the mudslide occurred at about 2.15 pm.","Ishok Chingphu(?), Bishnupur, Assam",landslide,downpour,medium,unknown,0.0,0.0,India,IN,Meghalaya,25758.0,Nongstoin,41.26849,91.2,25.8833,21.72,69.05,217.88,330.9,76.74,252.0,26.701404884610746,50.0,True,2.0,Nd2-2b,Nd
dnaindia,http://www.dnaindia.com/india/report_one-dead-road-and-rail-communication-disrupted-due-to-rains-in-assam_1450237,2575,2010-10-09 00:00:00,"road between Haflong and Lanka, Assam","Road communication, too, has been disrupted in the district with the road connecting Haflong and Lanka severely damaged, sources said.","road between Haflong and Lanka, Assam",landslide,downpour,medium,unknown,0.0,0.0,India,IN,Assam,8364.0,Maibong,28.77268,92.9914,25.5242,26.53,110.95,121.17,143.76,58.94,156.0,16.865567463034814,50.0,True,2.0,Ao76-2/3c,Ao
articles.timesofindia.indiatimes.com,http://articles.timesofindia.indiatimes.com/2013-07-28/guwahati/40848148_1_daporijo-upper-subansiri-landslides,4892,2013-06-01 00:00:00,Upper Subansiri,"The Daporijo district headquarters is cut off from other circle headquarters of UpperSubansiri for the last two months due to landslides. Massive landslides triggered by heavy rainfall have blocked roads at numerous points, cutting off more than 60 villages under Gusar and Giba circles. There is acute shortage of essential items in the two circles, a source said here on Saturday. A samiti member of Tator Tani-V under Gusar Anchal block said about 3,000 people of the entire Tator Bango area have been affected by the choking of the lone PWD road. The authorities could not clear the road due to shortage of men and machinery, he said.",Upper Subansiri,landslide,downpour,large,unknown,0.0,0.0,India,IN,Arunachal Pradesh,4157.0,Bāsār,45.49031,94.25,27.8776,10.89,21.72,51.05,85.68,12.63,945.0,42.26732210621416,50.0,True,3.0,Ao80-2bc,Ao
e-Pao.net,http://www.e-pao.net/GP.asp?src=5..211007.oct07,319,2007-10-19 00:00:00,"Maram-Purul Road, Karong Assembly Constituency of Senapati district, Manipur","occurred at 3 places along road (23 km), unsure of exact date within past 5 days","Maram-Purul Road, Karong Assembly Constituency of Senapati district, Manipur",landslide,rain,medium,unknown,0.0,0.0,India,IN,Nagaland,92113.0,Kohima,26.23523,94.1162,25.4379,4.3,5.51,37.4,69.66,19.42,1497.0,16.038678192026104,50.0,True,2.0,Ao76-2/3c,Ao
assamtribune,http://www.assamtribune.com/scripts/detailsnew.asp?id=jul3011/oth05,3840,2011-07-25 00:00:00,Manipur,"Manipur road links restored Sobhapati Samom  IMPHAL, July 29 – Road links to Manipur, which remained cut off from the rest of the country since the last three days following heavy landslides on the National Highways, has been re-opened on Thursday.  However, repairs of the road at the landslide prone Maram bazaar stretch of Imphal-Dimapur sector of the National Highway 2 (formerly known as NH 39) in Senapati district would take some time.  With the opening of the State’s life line, the 300 stranded goods laden trucks have resumed their journey for their destinations in the afternoon today.  But the more than 4,000 residents of Maram bazaar, a small hill town located on the highway are facing scarcity of potable water after the landslide buried the water supply pipelines.  “We have been buying water at the rate of Rs 20 per 40 litre tin since the last three weeks”, Kunjeshwori, a fish vendor at Maram Bazar said.  Economic blockade: An economic blockade on the two national highways – NH",Manipur,landslide,downpour,medium,unknown,0.0,0.0,India,IN,Manipur,22159.0,Mayāng Imphāl,8.94757,93.9157,24.6869,2.86,6.69,86.47,208.01,35.46,777.0,0.0,50.0,True,2.0,Gh12-2a,Gh
E-PAO,http://e-pao.net/GP.asp?src=1..020815.aug15,7387,2015-08-01 00:00:00,Imphal-Ukhrul road,,Imphal-Ukhrul road,landslide,continuous_rain,small,below_road,0.0,0.0,India,IN,Manipur,223523.0,Imphal,31.83231,94.2156,24.954,4.9,104.34,121.77,213.52,79.86,926.0,20.94185253514824,50.0,True,1.0,Ao76-2/3c,Ao
timesofindia.indiatimes,http://timesofindia.indiatimes.com/Landslides-snap-road-links-in-Dibang-Valley/articleshow/12601499.cms,4313,2012-04-08 00:00:00,"Endulin Nallah, Mayodia, 17-camp, 83-camp","ITANAGAR: Surface communication to Dibang Valley district in Arunachal Pradesh is cut off for the past few days following landslides at various locations of the Anini-Roing Road. Heavy landsides occurred at many locations, including Endulin Nallah, Mayodia, 17-camp, 83-camp. The whole 120-km stretch of road between Mayudia and Endulin has been hit by landslides and it is feared that the situation may aggravate further if the downpour continues for a few more days. The BRO has pressed its men and machineries into service. However, considering massive landslides in many locations, the restoration of road link may take some more time, a source said. The event occured over the past few days, date uncertain.","Endulin Nallah, Mayodia, 17-camp, 83-camp",landslide,downpour,medium,unknown,0.0,0.0,India,IN,Arunachal Pradesh,14927.0,Tezu,66.76148,95.86,28.4659,3.12,12.66,15.87,48.39,5.65,1066.0,27.396267400283048,50.0,True,2.0,I-Af-Bd-2c,I
www.thehindu.com,http://www.thehindu.com/news/national/other-states/landslides-after-heavy-premonsoon-rain-in-mizoram/article4695784.ece,4845,2013-05-07 00:00:00,"Kolasib, Saiha, Mizoram,","A large number of villages in Mizoram have become inaccessible after landslides, triggered by heavy and incessant pre-monsoon rains that have been lashing the state since Saturday, have blocked the roads, official sources said on Wednesday. The landslides blocked the Champai road in Saiha district which connects the capital town with the Mizoram-Myanmar border.","Kolasib, Saiha, Mizoram,",mudslide,rain,medium,unknown,0.0,0.0,India,IN,Mizoram,25000.0,Kolasib,0.90447,92.6755,24.2315,55.11,132.57,243.11,277.92,55.11,672.0,5.527812889706318,50.0,True,2.0,Bd61-2c,Bd
rttnews,http://www.rttnews.com/ArticleView.aspx?Id=758386&SMap=1,869,2008-10-29 00:00:00,North Lakhimpur ,"flooding and landslides, Floods and landslides caused by heavy rains over the last three days have killed at least seven people and displaced thousands more in the northeastern states of India",North Lakhimpur ,landslide,downpour,medium,unknown,0.0,0.0,India,IN,Assam,59841.0,North Lakhimpur,1.31739,94.1167,27.2333,0.0,19.84,31.21,31.26,17.71,87.0,2.2793545475188526,50.0,True,2.0,Be82-a,Be
inewsone,http://www.inewsone.com/2011/08/12/iaf-airdrops-food-to-marooned-in-arunachal/68478,3912,2011-08-12 00:00:00,East Kameng district in Arunachal Pradesh bordering China,"Shillong, Aug 12 (IANS) Indian Air Force helicopters Friday airdropped food packets to thousands of marooned people in the East Kameng district in Arunachal Pradesh bordering China.  People residing in the East Kameng district were cut-off from the mainland due to disruption in road communication after landslides that followed incessant rains in the region.  ‘We have airdropped emergency rations in several areas where people were facing critical shortages of food supplies in the district,’ IAF spokesman Ranjeeb Sahoo said.  The Arunachal Pradesh government had requisitioned IAF helicopters to drop emergency rations at Seppa, Chyangtajo, Bameng and Khanewa where people faced critical shortage of food supplies.  Sahoo said IAF helicopters from units under the Eastern Air Command were activated from Tezpur, Guwahati, Kumbhigram and Mohanbari to undertake the mission.  Relief operations continue in full swing and about five tonnes of supplies have been air lifted to the affected areas so f",East Kameng district in Arunachal Pradesh bordering China,landslide,rain,medium,unknown,0.0,0.0,India,IN,Arunachal Pradesh,7121.0,Bomdila,23.93526,92.2833,27.44,6.41,9.64,28.55,79.75,13.03,2613.0,1.0437789193849585,50.0,True,2.0,Ao80-2bc,Ao
e-pao.net,http://e-pao.net/GP.asp?src=9..070909.sep09,1129,2009-08-30 00:00:00,"Road stretch from Gammom to Chamu village, under Kamjong block, Ukhrul district, Manipur","Following heavy landslide on the road stretch from Gammom to Chamu village, under Kamjong block, Ukhrul district, several villages have been cut off from the outside world for the last seven days. Eight villages are situated along the 8 km stretch of road between Gammom and Chamu, which is near the Indo-Myanmar border, around 123 kms from the district headquarters.","Road stretch from Gammom to Chamu village, under Kamjong block, Ukhrul district, Manipur",landslide,downpour,medium,unknown,0.0,0.0,India,IN,Manipur,8797.0,Yairipok,42.70454,94.4182,24.8628,4.61,5.06,15.64,71.05,4.9,910.0,36.03357894696324,50.0,True,2.0,Bh16-2/3c,Bh
e-pao.net,http://e-pao.net/GP.asp?src=16..070711.jul11,3738,2011-07-06 00:00:00,"National Highway 53, Sinam Khul (near Kotlen; ~25 km from Imphal)","Imphal, July 06 2011: In a tragic incident of nature taking toll on human, a massive landslides along NH 53 today killed six personnel of Indian Reserved Battalion (IRB) and Manipur Rifles even as seven personnel were critically injured.  According to police report, the convoy led by AC 2nd IRB S Ingo was heading to Jiribam district headquarters to escort loaded freight trucks and oil tankers.  They had just reach Sinam Khul near Kotlen about 25 km from Imphal when the landslide struck them hit the bus in which they were travelling.  The bus was travelling with five commando teams and some personnel on other vehicles as Road Opening Party (ROP) .  The six ill fated personnel who were killed in the tragic accident were Havildar Yaima of 5th IRB, rifleman Diamond of 5th MR, rifleman Surchandra of 5th MR, rifleman Maradona of 6th IRB, rifleman Lakshman of 8th MR and rifleman Nasir Khan of 2nd MR.The injured personnel were 1st MR rifleman T Sandang Maring (31), 3rd IRB personnel Takhellamb","National Highway 53, Sinam Khul (near Kotlen; ~25 km from Imphal)",landslide,downpour,medium,unknown,6.0,0.0,India,IN,Manipur,223523.0,Imphal,0.44836,93.9482,24.8063,2.82,30.15,52.12,168.46,19.61,780.0,1.3781307546716215,50.0,True,2.0,Ao76-2/3c,Ao
articles.timesofindia,http://articles.timesofindia.indiatimes.com/2012-07-04/guwahati/32536229_1_massive-landslides-landslide-hit-road-blockade,4436,2012-06-25 00:00:00,"Khonsa, Arunachal Pradesh","Road communication between Khonsa, the district headquarters, and Lazu, an administrative post situated on the Myanmar border, about 40km from Khonsa, has remained cut off for the past three days following massive landslides triggered by rain at Pongkong village along the Khonsa-Lazu road.","Khonsa, Arunachal Pradesh",landslide,downpour,medium,unknown,0.0,0.0,India,IN,Arunachal Pradesh,10187.0,Khonsa,6.97928,95.4993,26.9986,36.02,76.5,135.79,244.84,36.02,641.0,31.568430941138818,50.0,True,2.0,Ao76-2/3c,Ao
indianexpress,http://www.indianexpress.com/news/N-E-border-dist-cut-off-by-landslides--runs-out-of-supplies/627610,1930,2010-05-31 00:00:00,"Anini-Roing road,  Dibang Valley,  Arunachal Pradesh ","Its only link to the outside world, the Anini-Roing road, having been hit by landslides at several places, Dibang Valley district in eastern Arunachal Pradesh has remained cut off from the rest of the world for more than six weeks now. The district shares 200 km of international border with China.   Heavy rains and landslides have caused extensive damage to the two micro hydel projects in the district at Hawapani and Chini-Afra, both having an installed capacity of 50 KW each. “We are in total darkness as our stock of diesel to run generators have also exhausted,” Jempen informed. With roads to other parts of the district also cut off, there has been no link between Anini and other towns like Aruzo, Italin, Anelih, Mipi and Malini. Assam's flood-prone Lakhimpur district was on Monday hit by the third wave of floods following heavy rainfall in the foothills of the Himalayas in Arunachal Pradesh affecting more than 25,000 people. The rising waters of Ranganadi and Singora rivers, tributa","Anini-Roing road,  Dibang Valley,  Arunachal Pradesh ",landslide,downpour,medium,unknown,0.0,0.0,India,IN,Arunachal Pradesh,14927.0,Tezu,62.40501,95.8776,28.4298,10.46,13.68,31.61,94.62,10.91,516.0,15.81679952401605,50.0,True,2.0,I-Af-Bd-2c,I
The Statesmen,http://www.thestatesman.com/news/northeast/27-graves-damaged-in-mizoram-landslide/70263.html,6963,2015-06-19 00:00:00,"Muanna locality, Mizoram",At least 27 graves of a cemetery were damaged in rain-triggered landslide,"Muanna locality, Mizoram",landslide,rain,medium,natural_slope,0.0,0.0,India,IN,Mizoram,265331.0,Aizawl,2.55543,92.7362,23.7131,4.32,6.93,47.01,130.7,15.68,893.0,22.497546016791755,50.0,True,2.0,Bd61-2c,Bd
e-pao.net,http://e-pao.net/GP.asp?src=3..100610.jun10,1954,2010-06-07 00:00:00,"Irang(?) and Barak(?) and Makru(?) on highway 53 between Imphal and Jiribam, Manipur","The Ministerial team led by Works Minister K Rajit, along with 450 loaded trucks carrying different commodities, arrived at Imphal after over-coming landslides in different parts of the National Highway 53 .  The team returned after inspecting the condition of National Highway 53.The team accompanied 850 loaded trucks which were stranded at different places on the highway due to landslides at Irang and different portions.  The Ministerial team left Jiribam in this morning on their return journey to Imphal with the loaded trucks stranded at Barak and Makru respectively. As per media report landslides triggered by heavy rains on 8th June 2010 along NH-53 at Irang, Awang Khul and at a spot located about 4 kms from Noney, near Irang, Manipur have suspended traffic along the highway. Around 50 mm rainfall was recorded at Imphal.","Irang(?) and Barak(?) and Makru(?) on highway 53 between Imphal and Jiribam, Manipur",landslide,rain,medium,unknown,0.0,0.0,India,IN,Manipur,17103.0,Moirāng,39.73504,93.5039,24.7543,7.71,43.91,88.84,166.03,23.93,403.0,16.099431076325118,50.0,True,2.0,Bh16-2/3c,Bh
isikkim.com,http://isikkim.com/2012-06-landslides-disrupt-surface-communication-in-arunachal-pradesh-05-9/,4378,2012-06-02 00:00:00,"Arunachal Pradesh, Dibang,","In Arunachal Pradesh, heavy landslides caused by torrential rain has disrupted surface communication between Dibang and Lower Diwang Valley districts. Since last three days there is no communication between Anini and Roing, the headquarters of both the districts. This is due to blockade at several points along the road caused by heavy downpour, officials said here today.","Arunachal Pradesh, Dibang,",landslide,downpour,medium,unknown,0.0,0.0,India,IN,Arunachal Pradesh,0.0,Motuo,98.40115,96.1517,28.8254,4.69,12.46,14.98,25.87,5.6,3607.0,22.241130168890972,50.0,True,2.0,I-Af-Bd-2c,I
E-PAO,http://e-pao.net/GP.asp?src=21..020815.aug15,7371,2015-08-01 00:00:00,near S Lamphei Lamkhai and Sehlon village,landslide near S Lamphei Lamkhai and Sehlon village had taken place,near S Lamphei Lamkhai and Sehlon village,landslide,continuous_rain,medium,unknown,0.0,0.0,India,IN,Manipur,44540.0,Mawlaik,52.61612,94.0573,23.9939,5.31,82.66,101.37,180.8,60.55,976.0,12.803323355556538,50.0,True,2.0,Bh16-2/3c,Bh
morungexpress,http://www.morungexpress.com/frontpage/1984.html,731,2008-08-19 00:00:00,"Akuk village, Wokha District, Nagaland",mudslide occurred in afternoon when men were paving a road between Mekokla village and Sanis town,"Akuk village, Wokha District, Nagaland",mudslide,downpour,medium,unknown,4.0,0.0,India,IN,Nagaland,54010.0,Wokha,4.59727,94.25,26.138,29.74,62.14,110.29,165.67,29.74,1013.0,12.074502330273894,50.0,True,2.0,Ao76-2/3c,Ao
sciencythoughts.blogspot.com,http://sciencythoughts.blogspot.com/2013/09/family-of-five-killed-by-landslide-in.html,5429,2013-09-01 18:00:00,Tamabong Village In Sikkim State,"A family of five were all killed by a landslide that struck their home in Tamabong village in Sikkim State, northeast India, on the evening of Sunday 1 September 2013. The incident reportedly happened following heavy rains; landslides are a common problem after severe weather events, as excess pore water pressure can overcome cohesion in soil and sediments, allowing them to flow like liquids",Tamabong Village In Sikkim State,landslide,downpour,medium,unknown,5.0,0.0,India,IN,Sikkim,1147.0,Namchi,23.35047,88.2426,27.3425,4.12,12.85,49.72,86.59,16.14,1384.0,28.364376855574704,50.0,True,2.0,Bd32-2bc,Bd
thehindu,http://www.thehindu.com/news/national/article3537166.ece,4403,2012-06-10 00:00:00,"Imphal-Jiribam section of NH-37 , Manipur","Normal vehicular movement along Imphal-Jiribam section of NH-37 (former NH-53) has been disturbed Friday due to landslides at various places along the stretch of the highway in Tamenglong district.  Heavy rains in Tamenglong district of the state in the last few days has caused landslides last night, authorities said, adding that BRTF have pressed their workers to open the highway at the earliest.","Imphal-Jiribam section of NH-37 , Manipur",landslide,downpour,very_large,unknown,0.0,0.0,India,IN,Manipur,223523.0,Imphal,40.42735,93.5444,24.8142,5.93,7.31,42.21,128.43,20.18,519.0,34.77802218832971,50.0,True,,Bh16-2/3c,Bh
Telegraph India,http://www.telegraphindia.com/1080521/jsp/northeast/story_9297276.jsp,545,2008-05-20 00:00:00,"A Cachar District village, near village of Srinager, Assam",villagers were cutting soil/earth for a road,"A Cachar District village, near village of Srinager, Assam",mudslide,mining,medium,unknown,5.0,0.0,India,IN,Assam,152393.0,Silchar,17.99274,92.8411,24.9849,5.6,22.56,69.88,83.69,23.36,262.0,19.51816573573522,50.0,False,2.0,Ge53-3a,Ge
zeenews.india,http://zeenews.india.com/news/assam/road-between-silchar-guwahati-disrupted_781633.html,4407,2012-06-13 00:00:00,"NH44, Malidhor area,  Baleswar","Road communication between Guwahati and Silchar has been disrupted following landslides due to heavy rainfall at five places, official sources said here on Wednesday.  Landslides occurred at five places between Malidhor and Kuliang area at Baleswar near Meghalaya on NH 44 since last evening due to which vehicles, including night buses, were stranded.","NH44, Malidhor area,  Baleswar",landslide,downpour,medium,unknown,0.0,0.0,India,IN,Assam,55290.0,Karīmganj,25.02475,92.3567,25.0951,38.73,97.96,142.77,342.0,41.42,233.0,23.072954772058488,50.0,True,2.0,Ge53-3a,Ge
kanglaonline.com,http://www.kanglaonline.com/index.php?template=headline&newsid=39218&typeid=2,247,2007-09-08 00:00:00,"Lower Shajouba village near Tadubi along NH 39, Manipur","occurred along NH 39, unsure of exact location","Lower Shajouba village near Tadubi along NH 39, Manipur",landslide,rain,medium,unknown,0.0,0.0,India,IN,Manipur,223523.0,Imphal,28.2961,93.9877,25.0604,19.36,74.29,123.8,144.19,39.69,1519.0,37.35514278400912,50.0,True,2.0,Ao76-2/3c,Ao
NELive,http://www.nelive.in/arunachal-pradesh/news/landslide-disrupts-road-communication-between-aalo-and-pangin,9087,2016-07-19 00:00:00,"5 km off Sangam point on Aalo- Pangin road, Arunachal Pradesh, India","(Location along road estimated. Landslide may have occured a couple days before June 19, 2016). Landslides triggered by torrential rains over the past few days blocked the road at 5 km off Sangam point on Aalo- Pangin road causing a total disruption in road communication.  According to official sources, men and machineries were pressed into service on Tuesday to clear the debris but without any progress as the landowners were obstructing the works demanding compensation.  Meanwhile, Siang Deputy Commissioner Rahul Singh along with ADC and EAC Pangin visited the landslide-hit area on Tuesday to assess the extent of damage.  He interacted with TK Engineering officials and asked them to put more men and machineries to carryout the restoration work.","5 km off Sangam point on Aalo- Pangin road, Arunachal Pradesh, India",landslide,downpour,medium,above_road,0.0,0.0,India,IN,Arunachal Pradesh,18425.0,Along,17.3564,94.9612,28.235,14.48,89.14,199.95,260.38,40.3,312.0,43.508931111637935,50.0,True,2.0,Ao80-2bc,Ao
neinews,http://www.neinews.com/girl-dies-5-injured-in-city-l2-missing-trucks-trapped-in-borsora.html,2026,2010-06-28 00:00:00,"Borsorsa(?), West Khasi Hills, Meghalaya","Two missing, trucks under mud: The heavy downpour on Monday also caused heavy landslides at Borsorsa, West Khasi Hills, our Nongstoin Correspondent reports. 12 trucks and ten houses were swallowed by the mud and two persons were found missing. Some of the trucks have been recovered while some others are still trapped in the hill of mud. Authorities said the rescue operation was still on and actual report of the casualties is not yet clear.","Borsorsa(?), West Khasi Hills, Meghalaya",landslide,downpour,medium,unknown,0.0,0.0,India,IN,Meghalaya,25758.0,Nongstoin,2.70765,91.2698,25.4916,47.18,124.26,152.18,243.7,51.72,1493.0,11.383724956082276,50.0,True,2.0,Ao75-2b,Ao
Newkerala,http://www.newkerala.com/oct.php?action=fullnews&id=7498,285,2007-09-29 00:00:00,"National Highway, 45 Aizwal (Mizoram)","unsure of exact day, landslides blocked road somewhere in province","National Highway, 45 Aizwal (Mizoram)",landslide,rain,medium,unknown,0.0,0.0,India,IN,Mizoram,25000.0,Kolasib,10.56357,92.6921,24.1293,4.42,4.61,5.81,11.45,4.42,822.0,12.81474088364528,50.0,True,2.0,Bd61-2c,Bd
Sikkim times.com,http://sikkimnews.blogspot.com/,251,2007-09-09 00:00:00,Hingdam village in South Sikkim,"many people displaced, houses damaged",Hingdam village in South Sikkim,landslide,rain,medium,unknown,1.0,0.0,India,IN,Sikkim,1147.0,Namchi,1.61449,88.35,27.1667,4.33,53.08,140.42,194.55,42.18,1154.0,24.48993370133901,50.0,True,2.0,Rd29-1a,Rd
indianexpress,http://www.indianexpress.com/news/landslides-cut-off-arunachal-districts-iaf-to-the-rescue/833599/,3925,2011-08-15 00:00:00,"East Kameng, Arunachal Pradesh","landslides triggered off by heavy rain cutting off road communication in several districts of Arunachal Pradesh The situation has been particularly cut off in the East Kameng district in western Arunachal Pradesh, where incessant rains have played havoc with people's lives, washing away roads and disrupting power supply","East Kameng, Arunachal Pradesh",landslide,downpour,medium,unknown,0.0,0.0,India,IN,Arunachal Pradesh,7121.0,Bomdila,63.47818,93.0153,27.4888,42.1,67.64,79.22,144.29,42.1,540.0,28.976817364678165,50.0,True,2.0,Ao80-2bc,Ao
thestatesman.net,http://www.thestatesman.net/page.arcview.php?clid=10&id=198313&usrsess=1,269,2007-09-18 00:00:00,Geyzing-Jorethang road and Naya Bazar-Legship road,along multiple roads in province,Geyzing-Jorethang road and Naya Bazar-Legship road,landslide,rain,medium,unknown,0.0,0.0,India,IN,Sikkim,1147.0,Namchi,16.10912,88.2816,27.2872,2.0,5.16,51.6,123.88,16.42,572.0,20.504325237480952,50.0,True,2.0,Bd32-2bc,Bd
Hindustan Times,http://www.hindustantimes.com/india-news/two-killed-due-to-landslide-in-assam/story-iWPiQmWinCDc8gZotcTmFM.html,8684,2016-07-07 00:00:00,"Kamrup district, Assam, India","Two persons including a minor were killed and two others injured on Thursday due to a landslide in Assam’s Kamrup district.           Police said the incident took place at 11 Mile Area under Sonapur police station in the district. “A guard wall caved in on the house of Bishal Sharma due to landslide triggered by incessant rains since last night,” police said adding that while Bishal Sharma and his daughter Nanu Sharma (13) were killed on the spot, his wife Radha Sharma and another daughter Puja Sharma were injured during the incident.","Kamrup district, Assam, India",landslide,continuous_rain,medium,retaining_wall,2.0,2.0,India,IN,Assam,4713.0,Palāsbāri,24.91092,91.3681,25.9611,24.29,49.8,151.2,207.46,32.93,181.0,5.635158792453883,50.0,True,2.0,Ao77-2a,Ao
e-pao,http://www.e-pao.net/GP.asp?src=5..101010.oct10,2577,2010-10-09 00:00:00,"NH-39 near Khongnem(?) village, between Imphal and Dimapur, Manipur",Landslide has also been reported at a spot near Khongnem village while there are at least three landslides at Karong area.,"NH-39 near Khongnem(?) village, between Imphal and Dimapur, Manipur",landslide,downpour,medium,unknown,0.0,0.0,India,IN,Nagaland,92113.0,Kohima,29.47352,93.8673,25.5265,26.82,107.81,120.26,142.24,53.95,1369.0,27.026628812346573,50.0,True,2.0,Bh16-2/3c,Bh
Newkerala,http://www.newkerala.com/july.php?action=fullnews&id=56364,215,2007-08-28 00:00:00,Phesema area at National Highway 39,multiple landslides in  the area causing road closures,Phesema area at National Highway 39,landslide,rain,medium,unknown,1.0,0.0,India,IN,Nagaland,92113.0,Kohima,21.1995,93.9136,25.7428,3.08,14.24,39.03,68.07,12.22,463.0,20.935780187981493,50.0,True,2.0,Ao76-2/3c,Ao
TIMES OF INDIA,http://timesofindia.indiatimes.com/city/guwahati/Landslide-deluge-kill-7-in-Meghalayas-Garo-Hills/articleshow/43174646.cms,6293,2014-10-20 00:00:00,South West Garo Hills,Deputy commissioner of South West Garo Hills district Ram Singh said six people were killed by a landslide and one was swept away by floodwaters.,South West Garo Hills,landslide,rain,medium,unknown,6.0,0.0,India,IN,Meghalaya,63645.0,Tura,11.43798,90.0896,25.5006,0.0,0.07,8.69,36.6,7.56,45.0,4.806912083386269,50.0,True,2.0,Ge51-2a,Ge
articles.timesofindia.indiatimes.com,http://articles.timesofindia.indiatimes.com/2013-05-12/guwahati/39203561_1_artificial-floods-guwahati-municipal-corporation-gs-road,4858,2013-05-11 09:00:00,"Nursery, North Guwahati, Guwahati, Assam,","Landslides occurred in the Nursery area and Maligaon in Nilachal Hills, Sarania Hills and Boragaon on Saturday, alarming hill residents, whose number has crossed two lakh in Guwahati, said sources. Junu Chakraborty (50) was injured in the Nursery area after a wall of her house collapsed on Saturday morning. However, she is out of danger. There are no reports of injury from other parts of the city. A family miraculously escaped unhurt when earth fell on their house in the Sarania Hills.","Nursery, North Guwahati, Guwahati, Assam,",landslide,rain,medium,unknown,0.0,0.0,India,IN,Assam,17516.0,North Guwāhāti,3.52578,91.7138,26.1662,38.98,109.25,235.03,314.09,55.66,140.0,21.63720584577714,50.0,True,2.0,Ao79-a,Ao
Web India 123,http://news.webindia123.com/news/Articles/India/20150819/2663754.html,7699,2015-08-19 00:00:00,Zunheboto district,"Sources said in Zunheboto district the rainfall had caused several landslides damaging scores of houses, roads, bridges, cultivation areas and paddy/terrace fields.",Zunheboto district,landslide,continuous_rain,medium,unknown,0.0,0.0,India,IN,Nagaland,29499.0,Zunheboto,2.73624,94.5224,26.0214,14.28,30.55,56.39,126.0,14.28,1621.0,30.342707714734605,50.0,True,2.0,Ao76-2/3c,Ao
e-pao.net,http://e-pao.net/GP.asp?src=Snipp8..230813.aug13,5300,2013-08-09 00:00:00,"Senapati, Manipur","The heavy downpour in Senapati during the past weeks has caused landslides and flood like situation in low land areas in many parts of the district. Besides the National Highway, State highway and Inter Village Roads were badly affected by the downpour. Meanwhile, a press note issued by the Headmaster of Koide Government High School stated that vast portion of school compound in its Southern side has been washed away due to heavy downpour in recent past. It stated that approximately 118 ft in length and 20 ft in height portion of land was washed away. The villagers sought the immediate action of the concerned department to save the lone school building in the village from further collapse and damage, maintained the press note.","Senapati, Manipur",landslide,downpour,large,unknown,0.0,0.0,India,IN,Nagaland,92113.0,Kohima,40.08056,94.0441,25.318,1.71,17.09,68.88,119.33,24.9,993.0,6.125906246428548,50.0,True,3.0,Ao76-2/3c,Ao
The Times of India,http://timesofindia.indiatimes.com/city/guwahati/Landslide-cuts-off-Anjaw-district-food-prices-rise/articleshow/48715682.cms,7887,2015-08-16 00:00:00,Hawai,"The state's Anjaw district remains cut off from the rest of the state after a heavy landslide at Tiding Point, 88 km away from the district headquarters, blocked the road on August 16.",Hawai,landslide,continuous_rain,medium,above_road,0.0,0.0,India,IN,Arunachal Pradesh,0.0,Hawai,12.26381,96.9262,27.8835,7.42,24.99,52.36,122.72,9.96,976.0,39.35204569756175,50.0,True,2.0,I-Af-Bd-2c,I
in.reuters,http://in.reuters.com/article/topNews/idINIndia-36198420081029,868,2008-10-29 00:00:00,"Kamrup, and Sonitpur, Assam","flooding and landslides, Floods and landslides caused by heavy rains over the last three days have killed at least seven people and displaced thousands more in the northeastern states of India","Kamrup, and Sonitpur, Assam",landslide,downpour,medium,unknown,7.0,0.0,India,IN,Assam,48824.0,Barpeta,24.35615,91.25,26.3333,0.03,26.54,52.6,52.6,26.04,41.0,1.3878521111919373,50.0,True,2.0,Ao79-a,Ao
e-pao.net,http://e-pao.net/GP.asp?src=17..250711.jul11,3837,2011-07-24 12:30:00,NH 37,"Mudslide blocks Imphal-Jiri Road Source: Hueiyen News Service  Imphal, July 24 2011: Apart from vast land agricultural areas of the state submerged under water, the incessant rain in the past few days has began to take its toll to the people of the state which in the most recent has blocked the Imphal-Jiri Highway near Barak River.  The mudslide which block the NH 37 between Barak River and Santi Khunou was occurred today afternoon at around 12.30 pm.  The huge mudslide which covered an area of more than 200 feet has totally blocked the NH 37 from Imphal to Jiri make it impossible for vehicles to ply along the highway.  According to BRTF officials, the clearing works of the mudslide will take at least two or three days depending on the weather condition.  Adding the woe of the BRTF officials in clearing the mudslide area is the incessant rain which still keeps pouring in the area.  In order to avoid any disturbances in the clearing work, BRTF officials appealed to the transporters and",NH 37,landslide,downpour,medium,unknown,0.0,0.0,India,IN,Assam,58851.0,Tezpur,21.03239,93.0038,26.5836,2.3,44.38,122.91,201.52,37.94,69.0,1.852254273911334,50.0,True,2.0,Af48-2ab,Af
morungexpress,http://www.morungexpress.com/regional/1615.html,714,2008-08-14 00:00:00,"Kimin-Ziro road in Papum Pare district, road between Doimukh and Sagalee, Doimukh-Hoj road; Arunachal Pradesh",landslides triggered in various parts of Arunachal Pradesh,"Kimin-Ziro road in Papum Pare district, road between Doimukh and Sagalee, Doimukh-Hoj road; Arunachal Pradesh",landslide,rain,medium,unknown,0.0,0.0,India,IN,Assam,59841.0,North Lakhimpur,13.00939,94.0,27.163,10.32,32.41,71.73,159.71,28.66,93.0,2.0816688582685057,50.0,True,2.0,Be82-a,Be
Nagaland Post,http://www.nagalandpost.com/channelnews/state/StateNews.aspx?news=TkVXUzEwMDA5ODM0Mg%3D%3D,9169,2016-06-12 00:00:00,"on road between Mon and Tobu near Telangsao Hydro project , Nagaland, India","Location estimated. Due to incessant rain for the last two days multiple landslide and mudslides near Telangsao Hydro project has once again caused blockage to vehicular movement from Mon to Tobu area. According to sources, Hongpi, DPRO Mon, two culverts have been completely washed away by the landslide while multiple mudslides occurred along the roads. He also informed that since the occurance of landslide, the BRO have been engaged to clear the road blockage.  It may be mentioned that there was a major mudslide in this particular area in the month of April. The situation is likely to deteriorate if it continues to rain in the days to come. This particular route is the life line of the Tobu subdivision of Mon district.","on road between Mon and Tobu near Telangsao Hydro project , Nagaland, India",landslide,continuous_rain,unknown,above_road,0.0,0.0,India,IN,Nagaland,54010.0,Wokha,7.94213,94.2442,26.1677,10.04,18.74,64.65,85.73,12.4,774.0,12.19922578147437,100.0,True,,Ao76-2/3c,Ao
articles.timesofindia,http://articles.timesofindia.indiatimes.com/2011-06-30/guwahati/29720982_1_heavy-rains-highway,3672,2011-06-29 00:00:00,"Portions of NH 39, Connectin Manipur with Assam via Nagaland","Heavy downpour in the past few days threatens to cut off Nagaland and neighbouring Manipur from the rest of the country. Continuing heavy showers have caused landslides and led to the sinking of a portion of NH 39, creating immense hardship to the people residing here. NH 39, the lifeline of the two northeastern states, connects Manipur with Assam via Nagaland.  If the monsoon showers continue with the same intensity, it is expected that the sunken portion of the highway will have to be closed as it has already become difficult for vehicles to pass through the place.  The main concern of the administrative authorities is the landslide area at the old Kohima Municipal Council (KMC) dumping site about 7 km away from the state capital where mudslides have started with the arrival of the monsoon, leading to disruption of vehicular traffic. Passengers travelling between Kohima and Dimapur have also complained that it is already taking hours to reach their destination.","Portions of NH 39, Connectin Manipur with Assam via Nagaland",landslide,downpour,medium,unknown,0.0,0.0,India,IN,Assam,8364.0,Maibong,32.43398,93.3613,25.5125,20.83,75.23,123.36,173.29,44.04,317.0,8.604664913794034,,True,2.0,Af47-2b,Af
Times of India,http://timesofindia.indiatimes.com/india/Landslides-in-Arunachal-Pradesh-due-to-incessant-rain/articleshow/37379365.cms,6105,2014-06-26 23:00:00,Arunachal Pradesh,"Landslides, triggered by incessant rain in the past couple of days have wrecked havoc in several districts of Arunachal Pradesh throwing life out of gear. While flood-like situation prevails in low-lying areas of various districts, road link between Nirjuli and Banderdewa near here has been snapped due to damage of several culverts along the NH 52(A), the life line for the state capital, official sources said. PWD superintendent engineer (highway-western zone) Jumo Geiyi said the stretch of the highway between Nirjuli and Banderdewa has been temporarily closed due to damage to culverts in several places by incessant rain on the night of June 26. As a result, traffic was being diverted through Harmutty-Doimukh-Nirjuli road, instead of the usual route through Karsingsa. Besides, about 20 metre of NH 52(A) has been damaged at Karsingsa, besides Naharlagun, where portions of it have caved in, he said. More damage to the road, which has been breached near North East Regional Institute of Sc",Arunachal Pradesh,landslide,continuous_rain,medium,above_road,0.0,0.0,India,IN,Arunachal Pradesh,0.0,Motuo,43.67228,95.3429,28.9205,2.61,5.97,26.22,64.76,10.22,4053.0,30.316394624804257,,True,2.0,I-Be-2c,I
nbtvlive,,3983,2011-09-23 00:00:00,"Maighuli, Guwahati, Meghalaya","Four persons today got buried alive and 10 others were injured in a landslide at Maighuli, along the Assam-Meghalaya border, police said. Incessant rains triggered the landslip along the hills of Maighuli on the Meghalaya side of the border, Kamrup (metro) SSP Deepak Choudhury said. The victims were sheltered in a cluster of houses along the foothills in the area when a large chunk of earth fell on them.Both the Assam and Meghalaya governments launched rescue operation during which four were found dead, officials said. Ten others were brought out of the debris and admitted to Beltola Army Hospital with injuries, they said.","Maighuli, Guwahati, Meghalaya",landslide,downpour,large,unknown,4.0,0.0,India,IN,Assam,899094.0,Guwahati,3.44946,91.7351,26.1548,10.55,36.67,79.84,169.18,32.86,56.0,1.852254273911334,,True,3.0,Ao79-a,Ao
gsi.gov,"http://www.portal.gsi.gov.in/portal/page?_pageid=127,875814&_dad=portal&_schema=PORTAL",1775,2010-04-21 00:00:00,Arunachal Pradesh ,"As per PTI report at least 12 people have died in Arunachal Pradesh due to landslides triggered by heavy rains on 21st April 2010. Landslides have cut off road links at Lohit, Upper Siang, Dibang Valley, Anjan and East Kameng districts.",Arunachal Pradesh ,landslide,downpour,medium,unknown,12.0,0.0,India,IN,Arunachal Pradesh,14927.0,Tezu,5.14944,96.1779,27.8965,46.75,98.64,118.19,206.16,46.75,207.0,9.350473782917254,,True,2.0,Af48-2ab,Af
timesofindia.indiatimes,http://timesofindia.indiatimes.com/india/13-killed-as-rains-wrack-havoc-in-north-and-eastern-India-/articleshow/6532367.cms,2411,2010-09-10 00:00:00,"districts Lakhimpur, Dhemaji, Golaghat, and Sonitpur, Assam province","Sep 10, 2010, 09.40pm IST  NEW DELHI: Thirteen people were killed as heavy monsoon rains wracked havoc in north and east India, triggering landslides and inundating lakhs of acres of farmland on Friday.  At least eight people were buried alive under the debris following massive landslides triggered by incessant rains in Arunachal Pradesh.  One person was drowned and around 1.5 lakh people were affected in the flash floods which hit the northern Assam districts of Lakhimpur, Dhemaji, Golaghat and Sonitpur following incessant rains in the upper reaches.","districts Lakhimpur, Dhemaji, Golaghat, and Sonitpur, Assam province",landslide,downpour,medium,unknown,0.0,0.0,India,IN,Arunachal Pradesh,26912.0,Naharlagun,11.91035,93.7273,27.0011,15.17,73.01,134.58,197.4,29.0,105.0,2.2754136063184394,,True,2.0,Be82-a,Be
assamtribune,http://www.assamtribune.com/scripts/detailsnew.asp?id=apr2110/at06,1771,2010-04-20 00:00:00,"Raj Bhavan Guwahati, Assam","GUWAHATI, April 20 – Civic woes of Guwahatians is continuing to unfold its murkier side with incessant downpour today forcing district administration to engage National Disaster Response Force (NDRF) to facilitate movement of residents of low-lying areas at the heart of the capital city.   The incessant rains also led to landslide in the hilly areas of the city, including at Kharghuli hillside and the hills adjoining the Raj Bhavan.","Raj Bhavan Guwahati, Assam",landslide,downpour,medium,unknown,0.0,0.0,India,IN,Assam,899094.0,Guwahati,2.54658,91.7665,26.1978,33.21,123.36,189.67,209.12,61.16,90.0,18.979049044864023,,True,2.0,Ao79-a,Ao
www.nagalandpost.com,http://www.nagalandpost.com/ChannelNews/State/StateNews.aspx?news=TkVXUzEwMDA0MjY4Nw%3D%3D-bSp8jh3okxw%3D,5269,2013-08-04 00:00:00,"Tizu, Nagaland","Incessant torrential rain, which began Sunday at around 11.30 p.m. has completely cut off Suruhuto town from the rest of the state. In a press release, NGZPMC joint secretary Hotoshe Sema said all three links connecting Zunheboto, Mokokchung and Tuensang have been cut off. Road to Zunheboto has been  blocked in 5-6 places and Mokokchung road has been blocked in two places near Zhekuto and Longsa. The valleys of Nanga (Dikhu), Phizo and Tizu, known as rice bowls of Suruhuto Area has been damaged by floods and landslides. Many terrace fields and canals have been washed away by flood. A team of Nanga (Dikhu) Greener Zone Project Management Committee (NGZPMC) who were on GPS mapping of Community Conserved Area (CCA) has been stranded at Nanga valley owing to flood. Log bridges connecting Phuye New/Old and Suruhuto/Surumi/Aichi Saghemi villages have been washed away. Travelers from Tuensang to Kohima/Dimapur via Suruhuto-Coco shortcut road have been requested to take the via Mokokchung rout","Tizu, Nagaland",landslide,continuous_rain,medium,unknown,0.0,0.0,India,IN,Nagaland,29499.0,Zunheboto,14.31476,94.5234,25.8376,5.78,14.93,47.43,91.56,17.14,797.0,2.767591398229724,,True,2.0,Ao76-2/3c,Ao
www.nagalandpost.com,http://www.nagalandpost.com/ChannelNews/State/StateNews.aspx?news=TkVXUzEwMDA0MjY4Nw%3D%3D-bSp8jh3okxw%3D,5270,2013-08-04 00:00:00,"Phizo, Nagaland","Incessant torrential rain, which began Sunday at around 11.30 p.m. has completely cut off Suruhuto town from the rest of the state. In a press release, NGZPMC joint secretary Hotoshe Sema said all three links connecting Zunheboto, Mokokchung and Tuensang have been cut off. Road to Zunheboto has been  blocked in 5-6 places and Mokokchung road has been blocked in two places near Zhekuto and Longsa. The valleys of Nanga (Dikhu), Phizo and Tizu, known as rice bowls of Suruhuto Area has been damaged by floods and landslides. Many terrace fields and canals have been washed away by flood. A team of Nanga (Dikhu) Greener Zone Project Management Committee (NGZPMC) who were on GPS mapping of Community Conserved Area (CCA) has been stranded at Nanga valley owing to flood. Log bridges connecting Phuye New/Old and Suruhuto/Surumi/Aichi Saghemi villages have been washed away. Travelers from Tuensang to Kohima/Dimapur via Suruhuto-Coco shortcut road have been requested to take the via Mokokchung rout","Phizo, Nagaland",landslide,continuous_rain,medium,unknown,0.0,0.0,India,IN,Nagaland,29499.0,Zunheboto,10.5572,94.4619,26.0481,5.78,14.93,47.43,91.56,17.14,865.0,29.6360306360278,,True,2.0,Ao76-2/3c,Ao
ibnlive.in.com,http://ibnlive.in.com/news/massive-landslide-in-arunachal-due-to-rainfall-2-districts-remain-cut-off/420409-3-229.html,5442,2013-09-02 00:00:00,Arunachal Pradesh,"With improvement in the weather, the water level of major rivers in Eastern Arunachal showed a receding trend even as West and Upper Siang districts in the state remained cut off due to massive landslides triggered by torrential rain. Chief Minister Nabam Tuki on Saturday undertook an aerial survey of the affected areas accompanied by Chief Secretary Hari Krishna and Secretary, Disaster Management, Kapa Kholie, officials said on Sunday. Reports had poured in of the Noa Dihing River rising over danger level and inundating portions of Dumpani and four other villages under Diyun circle in Changlang district. At least 13,246 people of eleven villages have been affected by the current wave of flood. Landing at Diyun, Tuki took first hand report of the situation from local Legislator C C Singpho and officials of the district administration, sources said. The swollen river has triggered landslides in at least seven villages while about 85 hectares have been submerged in five villages, they sa",Arunachal Pradesh,landslide,downpour,large,unknown,0.0,0.0,India,IN,Arunachal Pradesh,26912.0,Naharlagun,8.47346,93.7525,27.1614,40.7,70.95,160.05,214.23,40.7,152.0,3.1207434178512083,,True,3.0,Be82-a,Be
Newspost India.com,http://newspostindia.com/report-12963,212,2007-08-26 00:00:00,National Highway No 44 at Sonarpur in Meghalaya,"blocked road for several days, 2 days continuous rain, event occurred at 3:30pm",National Highway No 44 at Sonarpur in Meghalaya,complex,rain,medium,unknown,0.0,0.0,India,IN,Meghalaya,132842.0,Shillong,3.50078,91.8506,25.5576,40.07,55.66,69.77,169.62,40.07,1682.0,4.807840935153697,,True,2.0,Ao74-2b,Ao
Assam Times,http://www.assamtimes.org/node/11181,6110,2014-06-27 00:00:00,"Bhangagarh, Assam","Over 50 people had a narrow escape in Guwahati when 13 houses collapsed in landslide on Saturday. The incident took place in the morning at Kharghuli hilltop where 13 houses were damaged in landslide. The people inside the houses, who were remaining alert, however, managed to escape the tragedy. The incident took place 24 hours after three persons of a family died in landslide in Bhangagarh area.","Bhangagarh, Assam",landslide,rain,small,unknown,3.0,0.0,India,IN,Assam,899094.0,Guwahati,3.44859,91.7697,26.1619,6.85,21.91,150.58,273.66,52.32,55.0,1.852254273911334,,True,1.0,Af48-2ab,Af
webindia123,http://news.webindia123.com/news/Articles/India/20150820/2664183.html,7334,2015-08-18 00:00:00,Arunachal Pradesh,"Tamil Nadu Chief Minister J Jayalalithaa today announced a solatium of Rs ten lakhs to the family of an armyman who died while involved in 'Operation Falcon' in Arunachal Pradesh on August 18. In a statement here, she said she was grieved to hear that armyman Subedar G Annamalai, hailing from Periyapalambakkam village in Vellore district, slipped and fell after evacuating his colleagues during a landslip. She said Annamalal, who was involved in wiring operations when the landslip occurred, rescued all his colleagues, but slipped and fell and suffered head injuries. He died on the spot. Expressing her heartfelt condolences to the bereaved family, Ms Jayalalithaa announced a solatium of Rs ten lakhs to the family.",Arunachal Pradesh,landslide,unknown,medium,unknown,1.0,0.0,India,IN,Arunachal Pradesh,18425.0,Along,4.04762,94.7596,28.1737,25.29,66.26,138.52,259.12,31.71,568.0,22.113876912814764,,False,2.0,Ao80-2bc,Ao
zeenews.india,http://zeenews.india.com/news/assam/road-between-silchar-guwahati-disrupted_781633.html,4408,2012-06-13 00:00:00,"NH44, Kuliang","Road communication between Guwahati and Silchar has been disrupted following landslides due to heavy rainfall at five places, official sources said here on Wednesday.  Landslides occurred at five places between Malidhor and Kuliang area at Baleswar near Meghalaya on NH 44 since last evening due to which vehicles, including night buses, were stranded.","NH44, Kuliang",landslide,downpour,medium,unknown,0.0,0.0,India,IN,Meghalaya,132842.0,Shillong,19.46712,92.0757,25.5498,27.68,87.41,124.29,334.29,43.96,1269.0,24.802602340897124,,True,2.0,Ao74-2b,Ao
Telegraph India,http://www.telegraphindia.com/1070830/asp/northeast/story_8253906.asp,213,2007-08-26 00:00:00,Shillong Road at Kuliang in the Jaintia Hills,Telegraph India,Shillong Road at Kuliang in the Jaintia Hills,landslide,rain,medium,unknown,0.0,0.0,India,IN,Assam,39982.0,Hāflong,23.42741,92.8339,25.2946,13.28,16.62,43.01,108.82,13.28,885.0,17.07308516773084,,True,2.0,Ao74-2b,Ao
daijiworld,"http://www.daijiworld.com/news/news_disp.asp?n_id=47500&n_tit=Mangalore:+Monsoon+Continues+to+Strike;+Landslide,+Houses+Collapse",580,2008-06-09 00:00:00,"near Kuloor church, in Manipur along National Highway","difficult to determine location, heavy rains throughout Manipur state","near Kuloor church, in Manipur along National Highway",landslide,monsoon,medium,unknown,0.0,0.0,India,IN,Manipur,44493.0,Thoubāl,2.9361,93.9784,24.6596,4.16,12.25,17.99,40.58,6.02,772.0,3.8377078345156304,,True,2.0,Gh12-2a,Gh
www.ndtv.com,http://www.ndtv.com/article/cities/landslide-triggered-by-heavy-rains-in-arunachal-pradesh-351219,4798,2013-04-07 00:00:00,"Dibang Valley, Arunachal Pradesh","A monsoon-like situation, with heavy showers triggering landslides, has been prevailing in Dibang Valley district in Arunachal Pradesh, which is prone to natural calamities like flood. Due to intermittent downpour in the district for the last several days, Anini-Roing road -- the thoroughfare linking the district -- has suffered massive blockade at numerous points bringing surface communication along the route to a grinding halt.The affected areas are Erone, Endulin, Ranli, Hunli and Deopani, official sources said on Sunday.Deputy Commissioner (DC) Tamune Miso, who, along with a team of officials, was on an inspection of various ongoing projects at Etalin, Anelih and Arzoo circles, was stranded at Etalin on Saturday due to snapping of road from both ends following the landslides, the sources said.The DC met the Border Roads Organisation (BRO) officials at wayside camp offices and sought cooperation from the road construction agency for clearing the road blockades.","Dibang Valley, Arunachal Pradesh",landslide,rain,medium,unknown,0.0,0.0,India,IN,Arunachal Pradesh,0.0,Motuo,98.33608,96.1509,28.8254,0.08,5.32,14.62,36.3,6.72,3640.0,29.62275080740819,,True,2.0,I-Af-Bd-2c,I
timesofindia.indiatimes,http://timesofindia.indiatimes.com/india/13-killed-as-rains-wrack-havoc-in-north-and-eastern-India-/articleshow/6532367.cms,2405,2010-09-09 23:00:00,"Mossing(Mosing) village(?), Upper Siang district, Arunachal Pradesh","Sep 10, 2010, 09.40pm IST  NEW DELHI: Thirteen people were killed as heavy monsoon rains wracked havoc in north and east India, triggering landslides and inundating lakhs of acres of farmland on Friday.  At least eight people were buried alive under the debris following massive landslides triggered by incessant rains in Arunachal Pradesh.  Upper Siang district remained cut off after a vital bridge connecting the area with other places was badly damaged due to flash floods and landslides.","Mossing(Mosing) village(?), Upper Siang district, Arunachal Pradesh",landslide,downpour,medium,unknown,10.0,0.0,India,IN,Arunachal Pradesh,25581.0,Pāsighāt,27.57255,95.4112,28.3036,38.76,89.09,188.99,268.63,50.35,1828.0,39.11774685252796,,True,2.0,Ao80-2bc,Ao
theshillongtimes.com,http://theshillongtimes.com/2011/08/17/landslides-claim-six/,3927,2011-08-16 08:00:00,"Garo Hills, Tura","torrential rains from seasonal monsoon, fatalities occurred when landslides buried houses, roads and bridges severely damaged, extensive damage to property and livestock","Garo Hills, Tura",landslide,downpour,medium,unknown,6.0,0.0,India,IN,Meghalaya,63645.0,Tura,0.82423,90.2167,25.5144,136.4,164.09,246.72,502.85,136.4,316.0,13.589593958391731,,True,2.0,Nd2-2b,Nd
India times,http://timesofindia.indiatimes.com/India/Flood-hit_Tripura_Mizoram_remain_cut_off_for_seventh_day/articleshow/2380211.cms,259,2007-09-11 00:00:00,"Assam-Agartala National Highway, Sonarpur in Jayantiya hills of Meghalaya","on highway, blocking road","Assam-Agartala National Highway, Sonarpur in Jayantiya hills of Meghalaya",landslide,rain,medium,unknown,0.0,0.0,India,IN,Meghalaya,25758.0,Nongstoin,0.4599,91.27,25.52,7.02,51.55,272.63,362.22,88.97,1346.0,10.988566845299832,,True,2.0,Ao75-2b,Ao
Assam Times,http://www.assamtimes.org/node/11181,6112,2014-06-28 09:00:00,"Kharghuli Hills, Assam","Over 50 people had a narrow escape in Guwahati when 13 houses collapsed in landslide on Saturday. The incident took place in the morning at Kharghuli hilltop where 13 houses were damaged in landslide. The people inside the houses, who were remaining alert, however, managed to escape the tragedy. The incident took place 24 hours after three persons of a family died in landslide in Bhangagarh area.","Kharghuli Hills, Assam",landslide,rain,medium,unknown,0.0,0.0,India,IN,Assam,899094.0,Guwahati,2.35032,91.7652,26.1964,10.84,31.92,109.1,284.38,45.0,79.0,12.910612429743768,,True,2.0,Ao79-a,Ao
thenewsofindia,,3932,2011-08-18 00:00:00, Botsa  and Chiechama,affected area is the NH-61 between Botsa and Chiechama (34 Kms from Kohima) where a stretch of 500 feet has been affected by landslides., Botsa  and Chiechama,landslide,monsoon,medium,unknown,0.0,0.0,India,IN,Nagaland,92113.0,Kohima,17.31317,94.13,25.83,4.67,37.16,91.83,180.17,24.98,1014.0,8.821089630664796,,True,2.0,Ao76-2/3c,Ao
e-pao.net,http://e-pao.net/GP.asp?src=4..230711.jul11,3831,2011-07-22 00:00:00,Heibok Hills,"Mudslide alarm at Heibok hills Source: The Sangai Express  Imphal, July 22 2011: Following heavy mudslide on the western side of Heibok hills, people of Hiyangthang Tarahei Konjil are caught in a panicky situation.  Apprehension hangs heavy among the people that their homesteads might be buried by the falling mud and earth.  Following heavy downpour in the last 4/5 days, mud and earth started sliding down the hill side from a spot 40 feet above the ground, said the villagers.  Because of the heavy mudslide which occurred near a rice mill, one inter-village road located beneath the hill was closed for some period.  Even as the rice mill belonging to one Md Rabi (63) was saved from the devastating effect of the mudslide by putting wooden fence around it, one hand-pump, a tube-well and a cow shed have been buried by the mudslide.  The IVR was re-opened after the villagers cleared the mound of mud and earth.  The villagers said that a similar mudslide occurred in the other side of Heibok h",Heibok Hills,landslide,downpour,medium,unknown,0.0,0.0,India,IN,Manipur,223523.0,Imphal,1.05312,93.948,24.7992,6.93,43.74,140.61,213.93,37.74,780.0,2.7545823875732576,,True,2.0,Ao76-2/3c,Ao
The New Indian Express,http://www.newindianexpress.com/nation/Fifty-Nine-Killed-in-Flash-Flood-and-Landslide-in-Meghalaya/2014/10/07/article2466329.ece,6213,2014-09-24 00:00:00,Meghalaya,"""The number of deaths due to flash floods and landslides is 59 while five persons are still missing,"" Deputy Chief Minister and Revenue and Disaster Management Minister Roytre C Laloo said.  ""We have almost completed compiling our assessment of the damages caused by the flash floods and landslides. We hope to be able to complete it soon,"" Laloo said.  The recovery of more bodies was made after water receded in several places in the plain areas of West Garo Hills and also in East Khasi Hills district, Revenue and Disaster Management Principal Secretary P K Srivastava said.  The September 24 cloudburst that continued for a week affected over two lakh people.  The state government said flash floods and landslides damaged Rs 2,000 crore worth properties including livestock, roads, bridges, and agricultural produce.",Meghalaya,landslide,continuous_rain,large,unknown,0.0,0.0,India,IN,Meghalaya,14045.0,Lakhipur,36.10354,90.5763,25.8143,9.55,193.47,324.36,382.08,150.34,59.0,2.2560210150566906,,True,3.0,Nd2-2b,Nd
