u,v,key,osmid,highway,bridge,lanes,surface,name,ref,geometry,length,bearing,start_lon,start_lat,end_lon,end_lat,sinuosity,elevation_min,elevation_max,elevation_avg
18784,35543,0,"[44769003, 52116564]",trunk,,,,"[None, 'NH40']",NH6,"LINESTRING (91.8690026 25.6009048, 91.86897 25.6009601, 91.8689472 25.6010423, 91.8689418 25.6011246, 91.8689498 25.6012261, 91.8689726 25.6013701, 91.8690048 25.6015515, 91.8690357 25.6017474, 91.8690451 25.6018587, 91.8690437 25.6019542, 91.8690343 25.6020341, 91.8690142 25.6021199, 91.8689512 25.6022796, 91.868856 25.6025069, 91.8687514 25.6027367, 91.8686548 25.6029665, 91.8685918 25.6031274, 91.8685623 25.6032265, 91.8685556 25.6033064, 91.8685629 25.6033844, 91.8685784 25.6034442, 91.8686105 25.6035162, 91.8686515 25.6035767, 91.8686652 25.6035942, 91.8687031 25.6036426, 91.8687755 25.6037079, 91.8688707 25.6037889, 91.8689874 25.6038772, 91.8690866 25.603951, 91.8692248 25.604055, 91.8693441 25.6041493, 91.8694487 25.6042558, 91.8695426 25.6043707, 91.8696016 25.6044589, 91.8696848 25.6045835, 91.8697894 25.6047323, 91.8698605 25.6048387, 91.8699905 25.6050818, 91.8700777 25.605245, 91.8701595 25.6054156, 91.8703003 25.6056841, 91.870314 25.6057098, 91.8703701 25.6058147, 91.8704251 25.6059199, 91.8704787 25.6060106, 91.8705619 25.6061485, 91.8706195 25.6062368, 91.8706812 25.6063069, 91.8707617 25.6063734, 91.8708341 25.6064278, 91.8710299 25.6065548, 91.8713531 25.6067399, 91.871557 25.6068644, 91.8717675 25.6070071, 91.8718654 25.6070749, 91.8719579 25.6071607, 91.8720491 25.6072792, 91.8721846 25.6074824, 91.8722892 25.6076457, 91.8723951 25.607815, 91.8724796 25.6079371, 91.8725153 25.6079799, 91.8726017 25.6080835, 91.872717 25.6082129, 91.8730563 25.6086192, 91.8732293 25.6088224, 91.8734721 25.6091066, 91.8735619 25.6092179, 91.8736182 25.6093001, 91.8736665 25.6094065, 91.8736947 25.6094996, 91.8737054 25.6095807, 91.8737108 25.6097185, 91.8737215 25.6099519, 91.8737403 25.6101007, 91.8737564 25.6102192, 91.8737818 25.610345, 91.8738181 25.6105022, 91.8738462 25.610657, 91.8738704 25.6108493, 91.8738811 25.6110646, 91.8738784 25.6112786, 91.8738811 25.6114479, 91.8738784 25.6115604, 91.8738744 25.6116632, 91.873865 25.6117805, 91.8738422 25.6119123, 91.8738127 25.6120199, 91.8737818 25.6121373, 91.873755 25.6122691, 91.8737389 25.6123815, 91.8737376 25.6124964, 91.8737456 25.6126137, 91.8737671 25.6127734, 91.8737885 25.6129197, 91.8738113 25.6130975, 91.8738368 25.6132244, 91.8738589 25.6133611, 91.8738905 25.6135292, 91.8739226 25.6136912, 91.8739468 25.6138617, 91.8739763 25.6140806, 91.8740004 25.6142923, 91.8740286 25.6144821, 91.8740635 25.6146974, 91.874093 25.6148497, 91.8741278 25.6149695, 91.8741707 25.6150977, 91.8742244 25.6152101, 91.8742785 25.615297)",1685.516154438436,18.291290617640573,91.8690026,25.6009048,91.8742785,25.615297,0.9906111945372232,,,
18784,18863,0,44769003,trunk,,,,,NH6,"LINESTRING (91.8690026 25.6009048, 91.869017 25.6008804, 91.8690617 25.6008241, 91.8690853 25.6007944, 91.8692127 25.6006468, 91.8693012 25.6005392, 91.8693579 25.60046, 91.8694058 25.6003541, 91.8694313 25.6002538, 91.8694514 25.6001364, 91.8694662 25.6000191, 91.8694715 25.5999006, 91.8694631 25.5998109, 91.8694608 25.5997857, 91.8694326 25.5996756, 91.8693897 25.5995716, 91.869316 25.599441, 91.8692315 25.599314, 91.8691644 25.5992281, 91.8690746 25.5991265, 91.8689874 25.5990201, 91.8689217 25.5989367, 91.8688935 25.5988665, 91.8688815 25.5987952, 91.8688868 25.5987298, 91.8689123 25.5986573, 91.8689409 25.5986104, 91.8689552 25.5985871, 91.8690477 25.5984976, 91.8691872 25.5983839, 91.8692851 25.5982956, 91.8693844 25.5981807, 91.8694331 25.5981131, 91.869489 25.5980356, 91.8695721 25.5978893, 91.86967 25.597709, 91.8697505 25.5975349, 91.8698444 25.5972773, 91.8699615 25.5969217, 91.8699691 25.5968987, 91.870012 25.5967415, 91.8700173 25.5967203, 91.8700522 25.5965806, 91.8700911 25.5963702, 91.8701582 25.596046, 91.8702024 25.5958779, 91.8702641 25.5956916, 91.8703021 25.5955961, 91.8703325 25.5955199, 91.8703848 25.595388, 91.8704492 25.5952043, 91.870531 25.5951086, 91.8706249 25.5949671, 91.8707787 25.5947586, 91.8708033 25.5947252, 91.8708944 25.594591, 91.8710151 25.5944337, 91.8710735 25.5943634, 91.8711426 25.5942801, 91.8712458 25.5941773, 91.8713518 25.5940661, 91.8714117 25.5940113, 91.8715435 25.5938907, 91.8717112 25.5937395, 91.8718426 25.5936185, 91.8719606 25.5934964, 91.8720935 25.5933235, 91.8721672 25.5932158, 91.8722288 25.5930912, 91.8722704 25.5929956, 91.8723107 25.5928711, 91.8723495 25.5927271, 91.8723717 25.5926703, 91.8724119 25.5925959, 91.8724609 25.5925312, 91.8725246 25.5924671, 91.8726245 25.5923878, 91.872723 25.5923274, 91.8728592 25.5922566, 91.8730472 25.5921655)",1053.016678349827,157.34417448378767,91.8690026,25.6009048,91.8730472,25.5921655,0.9851274367247498,,,
18863,18784,0,44769003,trunk,,,,,NH6,"LINESTRING (91.8730472 25.5921655, 91.8728592 25.5922566, 91.872723 25.5923274, 91.8726245 25.5923878, 91.8725246 25.5924671, 91.8724609 25.5925312, 91.8724119 25.5925959, 91.8723717 25.5926703, 91.8723495 25.5927271, 91.8723107 25.5928711, 91.8722704 25.5929956, 91.8722288 25.5930912, 91.8721672 25.5932158, 91.8720935 25.5933235, 91.8719606 25.5934964, 91.8718426 25.5936185, 91.8717112 25.5937395, 91.8715435 25.5938907, 91.8714117 25.5940113, 91.8713518 25.5940661, 91.8712458 25.5941773, 91.8711426 25.5942801, 91.8710735 25.5943634, 91.8710151 25.5944337, 91.8708944 25.594591, 91.8708033 25.5947252, 91.8707787 25.5947586, 91.8706249 25.5949671, 91.870531 25.5951086, 91.8704492 25.5952043, 91.8703848 25.595388, 91.8703325 25.5955199, 91.8703021 25.5955961, 91.8702641 25.5956916, 91.8702024 25.5958779, 91.8701582 25.596046, 91.8700911 25.5963702, 91.8700522 25.5965806, 91.8700173 25.5967203, 91.870012 25.5967415, 91.8699691 25.5968987, 91.8699615 25.5969217, 91.8698444 25.5972773, 91.8697505 25.5975349, 91.86967 25.597709, 91.8695721 25.5978893, 91.869489 25.5980356, 91.8694331 25.5981131, 91.8693844 25.5981807, 91.8692851 25.5982956, 91.8691872 25.5983839, 91.8690477 25.5984976, 91.8689552 25.5985871, 91.8689409 25.5986104, 91.8689123 25.5986573, 91.8688868 25.5987298, 91.8688815 25.5987952, 91.8688935 25.5988665, 91.8689217 25.5989367, 91.8689874 25.5990201, 91.8690746 25.5991265, 91.8691644 25.5992281, 91.8692315 25.599314, 91.869316 25.599441, 91.8693897 25.5995716, 91.8694326 25.5996756, 91.8694608 25.5997857, 91.8694631 25.5998109, 91.8694715 25.5999006, 91.8694662 25.6000191, 91.8694514 25.6001364, 91.8694313 25.6002538, 91.8694058 25.6003541, 91.8693579 25.60046, 91.8693012 25.6005392, 91.8692127 25.6006468, 91.8690853 25.6007944, 91.8690617 25.6008241, 91.869017 25.6008804, 91.8690026 25.6009048)",1053.016678349827,337.3459218772301,91.8730472,25.5921655,91.8690026,25.6009048,0.9851274367247498,,,
18863,18897,0,44769003,trunk,,,,,NH6,"LINESTRING (91.8730472 25.5921655, 91.8732655 25.5920933, 91.8734291 25.592022, 91.8735713 25.5919542, 91.8736405 25.5919118, 91.8737054 25.591872, 91.8739334 25.5917256, 91.8741118 25.5916035, 91.8742405 25.5915091, 91.8743786 25.5913954, 91.8744128 25.5913646, 91.8745221 25.591266, 91.8746127 25.591185, 91.8746864 25.5911051, 91.8747434 25.5910356, 91.8747836 25.5909612, 91.8747876 25.5909144, 91.8747728 25.5908576, 91.8747474 25.5907689, 91.8747085 25.5906516, 91.8746549 25.5905137, 91.8745972 25.5903867, 91.8745154 25.5902052, 91.8744444 25.5900323, 91.8743786 25.5898513, 91.8743237 25.5896525, 91.8742821 25.5895025, 91.8742539 25.5893912, 91.8742286 25.5892615, 91.8742176 25.5891159, 91.8742109 25.5890273, 91.874203 25.5889231, 91.8741996 25.58883, 91.8741929 25.5887513, 91.8741835 25.5886697)",405.0753599764165,163.6606423241058,91.8730472,25.5921655,91.8741835,25.5886697,0.9927875419623324,,,
18897,18863,0,44769003,trunk,,,,,NH6,"LINESTRING (91.8741835 25.5886697, 91.8741929 25.5887513, 91.8741996 25.58883, 91.874203 25.5889231, 91.8742109 25.5890273, 91.8742176 25.5891159, 91.8742286 25.5892615, 91.8742539 25.5893912, 91.8742821 25.5895025, 91.8743237 25.5896525, 91.8743786 25.5898513, 91.8744444 25.5900323, 91.8745154 25.5902052, 91.8745972 25.5903867, 91.8746549 25.5905137, 91.8747085 25.5906516, 91.8747474 25.5907689, 91.8747728 25.5908576, 91.8747876 25.5909144, 91.8747836 25.5909612, 91.8747434 25.5910356, 91.8746864 25.5911051, 91.8746127 25.591185, 91.8745221 25.591266, 91.8744128 25.5913646, 91.8743786 25.5913954, 91.8742405 25.5915091, 91.8741118 25.5916035, 91.8739334 25.5917256, 91.8737054 25.591872, 91.8736405 25.5919118, 91.8735713 25.5919542, 91.8734291 25.592022, 91.8732655 25.5920933, 91.8730472 25.5921655)",405.0753599764165,343.66113313174566,91.8741835,25.5886697,91.8730472,25.5921655,0.9927875419623324,,,
18897,493859,0,"[344452136, 344452139, 44769003]",trunk,"[None, 'yes']",,,"[None, 'Shillong - Guwahati road']",NH6,"LINESTRING (91.8741835 25.5886697, 91.8741661 25.5885953, 91.8741346 25.5885203, 91.8740869 25.5884423, 91.8740564 25.5884084, 91.8740112 25.5883582, 91.8738905 25.5882542, 91.8737845 25.5881744, 91.8736544 25.588074, 91.8735472 25.5879966, 91.8734519 25.5879131, 91.8733983 25.5878466, 91.8733674 25.5877716, 91.8733326 25.587647, 91.8733164 25.5873349, 91.8733092 25.587253, 91.8732937 25.5870773, 91.8732776 25.5869467, 91.8732675 25.5868269, 91.8732514 25.5867308, 91.8732347 25.5866848, 91.8731984 25.5866376, 91.8731448 25.5866086, 91.8730905 25.5865959, 91.8730402 25.5865977, 91.8729604 25.5866213, 91.8728679 25.586654, 91.8727901 25.5866794, 91.872717 25.5866878, 91.872662 25.5866878, 91.872595 25.5866733, 91.8725494 25.5866165, 91.8725198 25.5865645, 91.872493 25.5864846, 91.8724917 25.5864036, 91.8725145 25.5863056, 91.8725413 25.5861895, 91.8725442 25.5861686, 91.8725514 25.5861157, 91.872548 25.586054, 91.8725286 25.5859978, 91.872487 25.5859409, 91.872432 25.5858901, 91.8723589 25.5858194, 91.8723012 25.5857371, 91.8722583 25.5856633, 91.8722235 25.585575, 91.8722114 25.5854964, 91.8722168 25.5854154, 91.8722329 25.5853367, 91.8722516 25.5852521, 91.8722553 25.5852095, 91.8722597 25.5851589, 91.8722557 25.585067, 91.8722436 25.5849799, 91.8722221 25.5848722, 91.8721765 25.5847658, 91.8721202 25.5846654, 91.8720585 25.5845577, 91.8720049 25.5844549, 91.8719593 25.5843491, 91.8719385 25.5842759, 91.8719351 25.5842088, 91.8719512 25.5841422, 91.8719888 25.5840848, 91.8720303 25.58404, 91.8721041 25.5839711, 91.872198 25.5838876, 91.8722825 25.5838187, 91.8723844 25.5837316, 91.8724528 25.5836663, 91.872495 25.5836209, 91.8725286 25.5835719, 91.8725399 25.5835311, 91.8725359 25.5834984, 91.8725232 25.5834658, 91.8725048 25.583437, 91.8724739 25.5834083, 91.8724276 25.5833738, 91.8723522 25.5833191, 91.8722503 25.5832489, 91.8722033 25.5831921, 91.8721524 25.5831159, 91.8721215 25.5830252, 91.8720987 25.5829223, 91.8720665 25.5828236, 91.872035 25.5827409, 91.8719807 25.5826514, 91.8719371 25.5825927, 91.8718842 25.582531, 91.87185 25.5824851, 91.8718312 25.5824482, 91.8718195 25.5824049, 91.8718171 25.5823701, 91.8718205 25.5823302, 91.8718339 25.5822891, 91.871856 25.5822443, 91.8720216 25.581997, 91.8723442 25.5814696, 91.8724541 25.5813099, 91.8725205 25.5812107, 91.8725695 25.5811321, 91.8726251 25.5810468, 91.8726888 25.5809633, 91.8727572 25.5808986, 91.8728216 25.5808466, 91.8728766 25.5807988, 91.8729302 25.5807498, 91.8729644 25.5807021, 91.8729879 25.5806615, 91.8730335 25.5805381, 91.8730952 25.580393, 91.8731231 25.5802543, 91.8732172 25.580024, 91.87326 25.579795, 91.8733084 25.5796575, 91.8733607 25.5794736)",1025.8854273100255,184.61395698206965,91.8741835,25.5886697,91.8733607,25.5794736,1.0010154364127095,,,
26014,26020,0,44880833,trunk,,,,,NH6,"LINESTRING (91.8711355 25.5719805, 91.8711563 25.5718906, 91.8711698 25.5718435, 91.8711954 25.571773, 91.8712194 25.5717225, 91.8712489 25.5716765, 91.8713323 25.5715646)",50.28268889542475,156.8852577485906,91.8711355,25.5719805,91.8713323,25.5715646,0.9845368083700328,,,
26014,81848,0,344452136,trunk,,,,Shillong - Guwahati road,NH6,"LINESTRING (91.8711355 25.5719805, 91.8711486 25.5720473, 91.8711687 25.5721211, 91.8711942 25.5721822, 91.8712223 25.5722457, 91.8712652 25.5723117, 91.871294 25.5723615)",45.250043792806146,20.56902307591575,91.8711355,25.5719805,91.871294,25.5723615,0.9878933450788456,,,
26020,26014,0,44880833,trunk,,,,,NH6,"LINESTRING (91.8713323 25.5715646, 91.8712489 25.5716765, 91.8712194 25.5717225, 91.8711954 25.571773, 91.8711698 25.5718435, 91.8711563 25.5718906, 91.8711355 25.5719805)",50.28268889542475,336.8853426955311,91.8713323,25.5715646,91.8711355,25.5719805,0.9845368083700328,,,
26020,26055,0,44880833,trunk,,,,,NH6,"LINESTRING (91.8713323 25.5715646, 91.8715098 25.5715483, 91.8716787 25.5715374, 91.8718439 25.571532, 91.8720625 25.5715259, 91.8722288 25.5715138, 91.8723951 25.5714957, 91.8725842 25.571463, 91.8728109 25.5714146, 91.8731461 25.5713348, 91.8733875 25.5712719, 91.8735458 25.5712235, 91.8737228 25.5711606, 91.8738851 25.5710977, 91.8740232 25.5710469, 91.8741761 25.5709997, 91.8743035 25.5709682, 91.8744846 25.5709283, 91.8747219 25.5708823, 91.8749017 25.57084, 91.8750586 25.5708025, 91.875186 25.5707747, 91.8753134 25.5707565, 91.8754126 25.5707565, 91.8755119 25.5707735, 91.8756057 25.5708086, 91.8757385 25.5708775, 91.8758391 25.5709549, 91.875933 25.5710432, 91.8760201 25.5711533, 91.8761395 25.571307, 91.8762548 25.5714509, 91.8762986 25.5715057, 91.8763447 25.5715634, 91.8764506 25.5716711, 91.8765967 25.5717997)",528.6822411467512,87.16458050884957,91.8713323,25.5715646,91.8765967,25.5717997,0.9038372181190676,,,
26055,26020,0,44880833,trunk,,,,,NH6,"LINESTRING (91.8765967 25.5717997, 91.8764506 25.5716711, 91.8763447 25.5715634, 91.8762986 25.5715057, 91.8762548 25.5714509, 91.8761395 25.571307, 91.8760201 25.5711533, 91.875933 25.5710432, 91.8758391 25.5709549, 91.8757385 25.5708775, 91.8756057 25.5708086, 91.8755119 25.5707735, 91.8754126 25.5707565, 91.8753134 25.5707565, 91.875186 25.5707747, 91.8750586 25.5708025, 91.8749017 25.57084, 91.8747219 25.5708823, 91.8744846 25.5709283, 91.8743035 25.5709682, 91.8741761 25.5709997, 91.8740232 25.5710469, 91.8738851 25.5710977, 91.8737228 25.5711606, 91.8735458 25.5712235, 91.8733875 25.5712719, 91.8731461 25.5713348, 91.8728109 25.5714146, 91.8725842 25.571463, 91.8723951 25.5714957, 91.8722288 25.5715138, 91.8720625 25.5715259, 91.8718439 25.571532, 91.8716787 25.5715374, 91.8715098 25.5715483, 91.8713323 25.5715646)",528.6822411467512,267.1668528343566,91.8765967,25.5717997,91.8713323,25.5715646,0.9038372181190676,,,
26055,767964,0,461660935,trunk,,,,,NH6,"LINESTRING (91.8765967 25.5717997, 91.8766308 25.5717711, 91.8766726 25.5717526, 91.8767186 25.5717457, 91.8767647 25.5717512, 91.8768072 25.5717686, 91.8768423 25.5717962, 91.8768669 25.5718318)",27.33589632189282,82.49716857883558,91.8765967,25.5717997,91.8768669,25.5718318,0.9050689809121972,,,
26055,767976,0,461660935,trunk,,,,,NH6,"LINESTRING (91.8765967 25.5717997, 91.8765721 25.5718388, 91.8765621 25.5718828, 91.8765676 25.5719274, 91.8765882 25.5719683, 91.8766218 25.5720015, 91.876665 25.5720237)",25.832641563301227,15.378524523274113,91.8765967,25.5717997,91.876665,25.5720237,0.9937876424970924,,,
35543,18784,0,"[44769003, 52116564]",trunk,,,,"[None, 'NH40']",NH6,"LINESTRING (91.8742785 25.615297, 91.8742244 25.6152101, 91.8741707 25.6150977, 91.8741278 25.6149695, 91.874093 25.6148497, 91.8740635 25.6146974, 91.8740286 25.6144821, 91.8740004 25.6142923, 91.8739763 25.6140806, 91.8739468 25.6138617, 91.8739226 25.6136912, 91.8738905 25.6135292, 91.8738589 25.6133611, 91.8738368 25.6132244, 91.8738113 25.6130975, 91.8737885 25.6129197, 91.8737671 25.6127734, 91.8737456 25.6126137, 91.8737376 25.6124964, 91.8737389 25.6123815, 91.873755 25.6122691, 91.8737818 25.6121373, 91.8738127 25.6120199, 91.8738422 25.6119123, 91.873865 25.6117805, 91.8738744 25.6116632, 91.8738784 25.6115604, 91.8738811 25.6114479, 91.8738784 25.6112786, 91.8738811 25.6110646, 91.8738704 25.6108493, 91.8738462 25.610657, 91.8738181 25.6105022, 91.8737818 25.610345, 91.8737564 25.6102192, 91.8737403 25.6101007, 91.8737215 25.6099519, 91.8737108 25.6097185, 91.8737054 25.6095807, 91.8736947 25.6094996, 91.8736665 25.6094065, 91.8736182 25.6093001, 91.8735619 25.6092179, 91.8734721 25.6091066, 91.8732293 25.6088224, 91.8730563 25.6086192, 91.872717 25.6082129, 91.8726017 25.6080835, 91.8725153 25.6079799, 91.8724796 25.6079371, 91.8723951 25.607815, 91.8722892 25.6076457, 91.8721846 25.6074824, 91.8720491 25.6072792, 91.8719579 25.6071607, 91.8718654 25.6070749, 91.8717675 25.6070071, 91.871557 25.6068644, 91.8713531 25.6067399, 91.8710299 25.6065548, 91.8708341 25.6064278, 91.8707617 25.6063734, 91.8706812 25.6063069, 91.8706195 25.6062368, 91.8705619 25.6061485, 91.8704787 25.6060106, 91.8704251 25.6059199, 91.8703701 25.6058147, 91.870314 25.6057098, 91.8703003 25.6056841, 91.8701595 25.6054156, 91.8700777 25.605245, 91.8699905 25.6050818, 91.8698605 25.6048387, 91.8697894 25.6047323, 91.8696848 25.6045835, 91.8696016 25.6044589, 91.8695426 25.6043707, 91.8694487 25.6042558, 91.8693441 25.6041493, 91.8692248 25.604055, 91.8690866 25.603951, 91.8689874 25.6038772, 91.8688707 25.6037889, 91.8687755 25.6037079, 91.8687031 25.6036426, 91.8686652 25.6035942, 91.8686515 25.6035767, 91.8686105 25.6035162, 91.8685784 25.6034442, 91.8685629 25.6033844, 91.8685556 25.6033064, 91.8685623 25.6032265, 91.8685918 25.6031274, 91.8686548 25.6029665, 91.8687514 25.6027367, 91.868856 25.6025069, 91.8689512 25.6022796, 91.8690142 25.6021199, 91.8690343 25.6020341, 91.8690437 25.6019542, 91.8690451 25.6018587, 91.8690357 25.6017474, 91.8690048 25.6015515, 91.8689726 25.6013701, 91.8689498 25.6012261, 91.8689418 25.6011246, 91.8689472 25.6010423, 91.86897 25.6009601, 91.8690026 25.6009048)",1685.516154438436,198.29357093155713,91.8742785,25.615297,91.8690026,25.6009048,0.9906111945372232,,,
35543,35634,0,52116564,trunk,,,,NH40,NH6,"LINESTRING (91.8742785 25.615297, 91.8742914 25.6153177, 91.8743666 25.615406, 91.8744018 25.6154448, 91.874443 25.6154901, 91.8745456 25.6155862, 91.8746415 25.6156624, 91.8747533 25.615726, 91.8748708 25.6157797, 91.8750854 25.6158498, 91.8752108 25.6158879, 91.8753389 25.6159115, 91.8754368 25.6159194, 91.875532 25.6159157, 91.8756004 25.6159043, 91.8756755 25.615871, 91.8757284 25.6158323, 91.8757754 25.6157767, 91.875833 25.6156836, 91.8758579 25.6156416, 91.8758867 25.6155929, 91.875937 25.615513, 91.8759739 25.615478, 91.8760168 25.6154502, 91.8760785 25.6154296, 91.8761898 25.6154217, 91.876342 25.6154314, 91.8764882 25.6154689, 91.8765827 25.6155088, 91.8766411 25.6155469, 91.876684 25.6155892, 91.8767215 25.61564, 91.8767517 25.6157089, 91.8767678 25.6157857, 91.8767678 25.6158849, 91.8767618 25.6159865, 91.8767497 25.6161256, 91.8767293 25.6163254, 91.8767188 25.616446, 91.8767028 25.6166226, 91.876696 25.6167544, 91.876696 25.6168439, 91.8767095 25.6169104, 91.8767349 25.6169781, 91.8767805 25.6170404, 91.8768509 25.6171147, 91.8769173 25.6171655, 91.8770079 25.6172157, 91.8771078 25.6172466, 91.8771976 25.6172629, 91.8773022 25.6172732, 91.8773954 25.6172846, 91.8774873 25.61731, 91.8775407 25.6173314, 91.8776348 25.6173995, 91.8777005 25.6174552, 91.8777438 25.6174975, 91.8778802 25.6176323, 91.8779768 25.6177194, 91.878064 25.6177895, 91.8781921 25.6178687, 91.8783268 25.6179491, 91.8784918 25.6180374, 91.8785975 25.6180931, 91.8787774 25.6181995, 91.8789437 25.6182926, 91.8790451 25.6183515, 91.879102 25.6183845, 91.8792341 25.6184637, 91.8793441 25.6185272, 91.8794822 25.6186046, 91.8795975 25.6186656, 91.8796688 25.6187056, 91.8797149 25.6187315, 91.8798611 25.6188089, 91.8799635 25.6188775, 91.8800354 25.6189432, 91.8800998 25.619023, 91.8801381 25.6191079, 91.8801682 25.6192104, 91.8801816 25.6192854, 91.8801843 25.6193773, 91.880195 25.6194801, 91.8802057 25.6195623, 91.8802272 25.6196324, 91.8802594 25.6196965, 91.8803138 25.6197592, 91.880427 25.6198453, 91.8804974 25.6198864, 91.8805906 25.6199299, 91.8807227 25.6199813, 91.8808026 25.620012)",838.3127571777093,51.2866850118001,91.8742785,25.615297,91.8808026,25.620012,0.938235788112944,,,
35634,35543,0,52116564,trunk,,,,NH40,NH6,"LINESTRING (91.8808026 25.620012, 91.8807227 25.6199813, 91.8805906 25.6199299, 91.8804974 25.6198864, 91.880427 25.6198453, 91.8803138 25.6197592, 91.8802594 25.6196965, 91.8802272 25.6196324, 91.8802057 25.6195623, 91.880195 25.6194801, 91.8801843 25.6193773, 91.8801816 25.6192854, 91.8801682 25.6192104, 91.8801381 25.6191079, 91.8800998 25.619023, 91.8800354 25.6189432, 91.8799635 25.6188775, 91.8798611 25.6188089, 91.8797149 25.6187315, 91.8796688 25.6187056, 91.8795975 25.6186656, 91.8794822 25.6186046, 91.8793441 25.6185272, 91.8792341 25.6184637, 91.879102 25.6183845, 91.8790451 25.6183515, 91.8789437 25.6182926, 91.8787774 25.6181995, 91.8785975 25.6180931, 91.8784918 25.6180374, 91.8783268 25.6179491, 91.8781921 25.6178687, 91.878064 25.6177895, 91.8779768 25.6177194, 91.8778802 25.6176323, 91.8777438 25.6174975, 91.8777005 25.6174552, 91.8776348 25.6173995, 91.8775407 25.6173314, 91.8774873 25.61731, 91.8773954 25.6172846, 91.8773022 25.6172732, 91.8771976 25.6172629, 91.8771078 25.6172466, 91.8770079 25.6172157, 91.8769173 25.6171655, 91.8768509 25.6171147, 91.8767805 25.6170404, 91.8767349 25.6169781, 91.8767095 25.6169104, 91.876696 25.6168439, 91.876696 25.6167544, 91.8767028 25.6166226, 91.8767188 25.616446, 91.8767293 25.6163254, 91.8767497 25.6161256, 91.8767618 25.6159865, 91.8767678 25.6158849, 91.8767678 25.6157857, 91.8767517 25.6157089, 91.8767215 25.61564, 91.876684 25.6155892, 91.8766411 25.6155469, 91.8765827 25.6155088, 91.8764882 25.6154689, 91.876342 25.6154314, 91.8761898 25.6154217, 91.8760785 25.6154296, 91.8760168 25.6154502, 91.8759739 25.615478, 91.875937 25.615513, 91.8758867 25.6155929, 91.8758579 25.6156416, 91.875833 25.6156836, 91.8757754 25.6157767, 91.8757284 25.6158323, 91.8756755 25.615871, 91.8756004 25.6159043, 91.875532 25.6159157, 91.8754368 25.6159194, 91.8753389 25.6159115, 91.8752108 25.6158879, 91.8750854 25.6158498, 91.8748708 25.6157797, 91.8747533 25.615726, 91.8746415 25.6156624, 91.8745456 25.6155862, 91.874443 25.6154901, 91.8744018 25.6154448, 91.8743666 25.615406, 91.8742914 25.6153177, 91.8742785 25.615297)",838.3127571777093,231.28950579524425,91.8808026,25.620012,91.8742785,25.615297,0.938235788112944,,,
35634,35657,0,52116564,trunk,,,,NH40,NH6,"LINESTRING (91.8808026 25.620012, 91.8808441 25.6200279, 91.8809916 25.6200847, 91.881123 25.6201439, 91.8812357 25.620208, 91.8813403 25.6202866, 91.8814328 25.6203822, 91.8814999 25.620468, 91.8815207 25.6205034, 91.8815683 25.6205841, 91.8816286 25.6206893, 91.8816537 25.6207303, 91.8816863 25.6207836, 91.8817332 25.6208634, 91.8817896 25.6209541, 91.8818405 25.6210291, 91.8818818 25.6210967, 91.8819787 25.621225, 91.8820591 25.6213399, 91.882161 25.6214717, 91.8822616 25.6216083, 91.8823622 25.6217583, 91.8824776 25.6219034, 91.882584 25.6220482)",288.38189897812504,38.26750533235078,91.8808026,25.620012,91.882584,25.6220482,0.96029444753514,,,
35657,35634,0,52116564,trunk,,,,NH40,NH6,"LINESTRING (91.882584 25.6220482, 91.8824776 25.6219034, 91.8823622 25.6217583, 91.8822616 25.6216083, 91.882161 25.6214717, 91.8820591 25.6213399, 91.8819787 25.621225, 91.8818818 25.6210967, 91.8818405 25.6210291, 91.8817896 25.6209541, 91.8817332 25.6208634, 91.8816863 25.6207836, 91.8816537 25.6207303, 91.8816286 25.6206893, 91.8815683 25.6205841, 91.8815207 25.6205034, 91.8814999 25.620468, 91.8814328 25.6203822, 91.8813403 25.6202866, 91.8812357 25.620208, 91.881123 25.6201439, 91.8809916 25.6200847, 91.8808441 25.6200279, 91.8808026 25.620012)",288.38189897812504,218.2682756395601,91.882584,25.6220482,91.8808026,25.620012,0.96029444753514,,,
35657,35661,0,52116564,trunk,,,,NH40,NH6,"LINESTRING (91.882584 25.6220482, 91.8826787 25.6221755, 91.8827632 25.6222976, 91.8828531 25.6224149, 91.882894 25.6224634)",55.655361295453545,33.94869499799166,91.882584,25.6220482,91.882894,25.6224634,0.9676518450456008,,,
35661,35657,0,52116564,trunk,,,,NH40,NH6,"LINESTRING (91.882894 25.6224634, 91.8828531 25.6224149, 91.8827632 25.6222976, 91.8826787 25.6221755, 91.882584 25.6220482)",55.655361295453545,213.94882905321353,91.882894,25.6224634,91.882584,25.6220482,0.9676518450456008,,,
35661,35685,0,52116564,trunk,,,,NH40,NH6,"LINESTRING (91.882894 25.6224634, 91.882951 25.622531, 91.8830475 25.6226422, 91.8832044 25.6228018, 91.8833278 25.6229191, 91.8834512 25.6230268, 91.8835317 25.6230896, 91.8836208 25.6231622, 91.8836785 25.6232106, 91.8837523 25.6232698, 91.8838254 25.6233285, 91.8839085 25.6233938, 91.883995 25.6234645, 91.8840768 25.6235316, 91.8841942 25.6236211, 91.8842699 25.6236791, 91.8843544 25.6237402, 91.8844382 25.6238001, 91.8845301 25.6238654, 91.8846481 25.6239415, 91.8847447 25.6240153, 91.8848017 25.6240661, 91.8848426 25.6241205, 91.8848714 25.6241822, 91.8848982 25.6242596)",283.31719758818025,45.172878297144464,91.882894,25.6224634,91.8848982,25.6242596,0.948388232397694,,,
35685,35661,0,52116564,trunk,,,,NH40,NH6,"LINESTRING (91.8848982 25.6242596, 91.8848714 25.6241822, 91.8848426 25.6241205, 91.8848017 25.6240661, 91.8847447 25.6240153, 91.8846481 25.6239415, 91.8845301 25.6238654, 91.8844382 25.6238001, 91.8843544 25.6237402, 91.8842699 25.6236791, 91.8841942 25.6236211, 91.8840768 25.6235316, 91.883995 25.6234645, 91.8839085 25.6233938, 91.8838254 25.6233285, 91.8837523 25.6232698, 91.8836785 25.6232106, 91.8836208 25.6231622, 91.8835317 25.6230896, 91.8834512 25.6230268, 91.8833278 25.6229191, 91.8832044 25.6228018, 91.8830475 25.6226422, 91.882951 25.622531, 91.882894 25.6224634)",283.31719758818025,225.17374502026584,91.8848982,25.6242596,91.882894,25.6224634,0.948388232397694,,,
35685,35772,0,"[52116564, 52116566]",trunk,,,,"[None, 'NH40']",NH6,"LINESTRING (91.8848982 25.6242596, 91.8849143 25.6244041, 91.8849277 25.6245141, 91.8849479 25.6245987, 91.8849961 25.6246967, 91.8850444 25.6247632, 91.8851021 25.6248188, 91.8851785 25.6248732, 91.8852172 25.6248998, 91.8852868 25.6249476, 91.8853579 25.6250038, 91.8854233 25.6250697, 91.8854823 25.6251447, 91.8855111 25.6251918, 91.8855628 25.625291, 91.8856003 25.6253738, 91.8856338 25.6254367, 91.8856848 25.6255207, 91.8857659 25.6256229, 91.8858477 25.6256991, 91.8859577 25.6257765, 91.8860556 25.6258515, 91.8861307 25.6259373, 91.8861654 25.6259916, 91.8862085 25.626083, 91.8862507 25.6261967, 91.8862876 25.6262995, 91.8863305 25.6263835, 91.8863735 25.626444, 91.8864358 25.626505, 91.8865143 25.6265746, 91.8866162 25.626658, 91.8867034 25.6267378, 91.8867584 25.6268128, 91.8868086 25.626895, 91.8868455 25.6269929, 91.886859 25.627066, 91.8868791 25.6272057, 91.8868925 25.6273049, 91.8869096 25.6273477, 91.886922 25.6273787, 91.8869622 25.6274512, 91.8870239 25.6275201, 91.8871218 25.6275776, 91.8872103 25.6276102, 91.8873243 25.6276453, 91.8874463 25.627681, 91.8875617 25.6277124, 91.8875806 25.6277179, 91.8876589 25.6277408, 91.8877695 25.6277716, 91.8878943 25.6278019, 91.8879955 25.627823, 91.8881249 25.6278581, 91.8882262 25.6278895, 91.8883167 25.6279288, 91.8884086 25.6279826, 91.8885206 25.6280751, 91.8886547 25.6282021, 91.8887318 25.6282892, 91.8888123 25.6283708, 91.8888934 25.6284488, 91.8889598 25.6285183, 91.8890396 25.6286108, 91.889108 25.6286991, 91.8891777 25.6288079, 91.8892448 25.6289131, 91.8893172 25.6290473, 91.8893735 25.6291501, 91.8894419 25.6292722, 91.889513 25.6293871, 91.889576 25.6294911, 91.8896511 25.6295963, 91.8897423 25.6297148, 91.8898375 25.6298187, 91.8899462 25.6299191, 91.8900058 25.6299728, 91.8900736 25.630034, 91.8901661 25.6301355, 91.8902694 25.6302347, 91.8903713 25.6303459, 91.8904732 25.6304548, 91.8905953 25.6305781, 91.8907146 25.6307014, 91.8908286 25.630809, 91.8909386 25.6309263, 91.8910405 25.6310315, 91.8911947 25.6311754)",994.91600107054,39.38067392943416,91.8848982,25.6242596,91.8911947,25.6311754,0.9583484449241778,,,
35772,35685,0,"[52116564, 52116566]",trunk,,,,"[None, 'NH40']",NH6,"LINESTRING (91.8911947 25.6311754, 91.8910405 25.6310315, 91.8909386 25.6309263, 91.8908286 25.630809, 91.8907146 25.6307014, 91.8905953 25.6305781, 91.8904732 25.6304548, 91.8903713 25.6303459, 91.8902694 25.6302347, 91.8901661 25.6301355, 91.8900736 25.630034, 91.8900058 25.6299728, 91.8899462 25.6299191, 91.8898375 25.6298187, 91.8897423 25.6297148, 91.8896511 25.6295963, 91.889576 25.6294911, 91.889513 25.6293871, 91.8894419 25.6292722, 91.8893735 25.6291501, 91.8893172 25.6290473, 91.8892448 25.6289131, 91.8891777 25.6288079, 91.889108 25.6286991, 91.8890396 25.6286108, 91.8889598 25.6285183, 91.8888934 25.6284488, 91.8888123 25.6283708, 91.8887318 25.6282892, 91.8886547 25.6282021, 91.8885206 25.6280751, 91.8884086 25.6279826, 91.8883167 25.6279288, 91.8882262 25.6278895, 91.8881249 25.6278581, 91.8879955 25.627823, 91.8878943 25.6278019, 91.8877695 25.6277716, 91.8876589 25.6277408, 91.8875806 25.6277179, 91.8875617 25.6277124, 91.8874463 25.627681, 91.8873243 25.6276453, 91.8872103 25.6276102, 91.8871218 25.6275776, 91.8870239 25.6275201, 91.8869622 25.6274512, 91.886922 25.6273787, 91.8869096 25.6273477, 91.8868925 25.6273049, 91.8868791 25.6272057, 91.886859 25.627066, 91.8868455 25.6269929, 91.8868086 25.626895, 91.8867584 25.6268128, 91.8867034 25.6267378, 91.8866162 25.626658, 91.8865143 25.6265746, 91.8864358 25.626505, 91.8863735 25.626444, 91.8863305 25.6263835, 91.8862876 25.6262995, 91.8862507 25.6261967, 91.8862085 25.626083, 91.8861654 25.6259916, 91.8861307 25.6259373, 91.8860556 25.6258515, 91.8859577 25.6257765, 91.8858477 25.6256991, 91.8857659 25.6256229, 91.8856848 25.6255207, 91.8856338 25.6254367, 91.8856003 25.6253738, 91.8855628 25.625291, 91.8855111 25.6251918, 91.8854823 25.6251447, 91.8854233 25.6250697, 91.8853579 25.6250038, 91.8852868 25.6249476, 91.8852172 25.6248998, 91.8851785 25.6248732, 91.8851021 25.6248188, 91.8850444 25.6247632, 91.8849961 25.6246967, 91.8849479 25.6245987, 91.8849277 25.6245141, 91.8849143 25.6244041, 91.8848982 25.6242596)",994.91600107054,219.3833973040257,91.8911947,25.6311754,91.8848982,25.6242596,0.9583484449241778,,,
35772,35809,0,52116566,trunk,,,,,NH6,"LINESTRING (91.8911947 25.6311754, 91.8912926 25.6312661, 91.8913744 25.6313471, 91.891463 25.6314535, 91.8915206 25.6315381, 91.8915743 25.6316542, 91.8916105 25.6317691, 91.8916346 25.6319057, 91.8916574 25.6320375, 91.8916842 25.6321657, 91.8917084 25.6323205, 91.8917312 25.6324788, 91.891754 25.6326288, 91.8917714 25.632763, 91.8917915 25.6329166, 91.891817 25.6331487, 91.8918318 25.6332309, 91.8918519 25.6333313, 91.891876 25.6334123, 91.8919243 25.633509, 91.8920101 25.6336481, 91.8920638 25.633752, 91.8921094 25.6338693, 91.8921362 25.6339818, 91.892159 25.6340991, 91.8921737 25.6342067, 91.8922145 25.6343197, 91.8922502 25.6343953, 91.8923119 25.6344836, 91.8924004 25.6345912, 91.8924916 25.6347121, 91.8925506 25.6348282, 91.8926015 25.6349829, 91.8926378 25.6351111, 91.892678 25.6352755, 91.892729 25.6354001, 91.892796 25.6355198, 91.8928204 25.6355618)",514.2550929546958,18.47651399230878,91.8911947,25.6311754,91.8928204,25.6355618,0.9903715799757176,,,
35809,35772,0,52116566,trunk,,,,,NH6,"LINESTRING (91.8928204 25.6355618, 91.892796 25.6355198, 91.892729 25.6354001, 91.892678 25.6352755, 91.8926378 25.6351111, 91.8926015 25.6349829, 91.8925506 25.6348282, 91.8924916 25.6347121, 91.8924004 25.6345912, 91.8923119 25.6344836, 91.8922502 25.6343953, 91.8922145 25.6343197, 91.8921737 25.6342067, 91.892159 25.6340991, 91.8921362 25.6339818, 91.8921094 25.6338693, 91.8920638 25.633752, 91.8920101 25.6336481, 91.8919243 25.633509, 91.891876 25.6334123, 91.8918519 25.6333313, 91.8918318 25.6332309, 91.891817 25.6331487, 91.8917915 25.6329166, 91.8917714 25.632763, 91.891754 25.6326288, 91.8917312 25.6324788, 91.8917084 25.6323205, 91.8916842 25.6321657, 91.8916574 25.6320375, 91.8916346 25.6319057, 91.8916105 25.6317691, 91.8915743 25.6316542, 91.8915206 25.6315381, 91.891463 25.6314535, 91.8913744 25.6313471, 91.8912926 25.6312661, 91.8911947 25.6311754)",514.2550929546958,198.47721728784248,91.8928204,25.6355618,91.8911947,25.6311754,0.9903715799757176,,,
35809,36138,0,"[52116569, 52116570, 52116566, 52116567]",trunk,,,,"[None, 'GS Road']",NH6,"LINESTRING (91.8928204 25.6355618, 91.8928577 25.6356262, 91.8928993 25.6357168, 91.8929315 25.6358136, 91.8929422 25.6359502, 91.8929382 25.6360953, 91.8929368 25.6361835, 91.8929449 25.6362863, 91.892965 25.6363758, 91.8930066 25.6364713, 91.8930642 25.6365656, 91.8931232 25.6366406, 91.8932388 25.6367676, 91.8933003 25.6368497, 91.8933794 25.6369513, 91.8934223 25.637042, 91.8934464 25.6371339, 91.8934679 25.6372475, 91.8934585 25.6373431, 91.8934317 25.6374507, 91.8934035 25.6375389, 91.8933821 25.6376369, 91.8933754 25.6377445, 91.8933881 25.6378291, 91.8934136 25.6379089, 91.8934444 25.6379748, 91.8934954 25.6380443, 91.8935645 25.6381096, 91.8936396 25.6381664, 91.8937153 25.6382166, 91.8937918 25.6382662, 91.8938602 25.6383182, 91.8939252 25.6383786, 91.8939701 25.63843, 91.8940037 25.6384905, 91.8940218 25.6385424, 91.8940318 25.6385963, 91.8940325 25.6386537, 91.8940178 25.6387432, 91.8939869 25.6388181, 91.8939254 25.6389143, 91.8938783 25.6389729, 91.8937978 25.6390442, 91.893745 25.6390762, 91.89372 25.6390914, 91.8936422 25.6391252, 91.8935698 25.639144, 91.8934773 25.6391591, 91.8933425 25.6391669, 91.8931796 25.6391748, 91.8930615 25.6391905, 91.8929489 25.639228, 91.892851 25.63928, 91.8927504 25.6393513, 91.8926163 25.6394637, 91.892454 25.6396185, 91.8923642 25.6397128, 91.8923038 25.639795, 91.8922582 25.6398797, 91.8922287 25.6399824, 91.8922006 25.6401166, 91.8921804 25.6402762, 91.892163 25.6404249, 91.8921389 25.6405942, 91.8921174 25.6407079, 91.892096 25.6407973, 91.8920396 25.6408916, 91.8919672 25.6409726, 91.8918613 25.6410549, 91.8917325 25.6411504, 91.8916212 25.6412398, 91.8914857 25.6413281, 91.8913852 25.6413716, 91.8912953 25.6413849, 91.8912135 25.6413777, 91.8911169 25.6413486, 91.8909922 25.6412942, 91.8906999 25.641154, 91.8904504 25.6410379, 91.8901996 25.6409073, 91.8900534 25.6408421, 91.8899529 25.6408143, 91.8898402 25.6408118, 91.889745 25.64083, 91.8896699 25.6408662, 91.8895975 25.6409303, 91.8895492 25.6410017, 91.8895224 25.6410621, 91.8895143 25.6411407, 91.8895251 25.6412302, 91.8895479 25.64131, 91.8895988 25.6414067, 91.8896699 25.6415203, 91.8897665 25.641663, 91.8898576 25.6417972, 91.8899314 25.6419205, 91.8899837 25.642039, 91.8900038 25.642114, 91.8900052 25.6422143, 91.8899837 25.6423098, 91.8899435 25.6424186, 91.8898912 25.6425444, 91.8898684 25.6426363, 91.8898684 25.6427245, 91.8898872 25.6428079, 91.8899126 25.6428769, 91.8899649 25.6429784, 91.8900172 25.643063, 91.8900897 25.6431694, 91.8901433 25.6432347, 91.890213 25.6432903, 91.8903042 25.6433399, 91.8904115 25.6433665, 91.8905269 25.6433738, 91.8906315 25.6433786, 91.890728 25.6433907, 91.8908045 25.6434149, 91.8908849 25.6434572, 91.8909721 25.6435321, 91.8910472 25.6436458, 91.8911089 25.6437776, 91.8912283 25.6440955, 91.8913101 25.6443216, 91.8913744 25.6445356, 91.8914536 25.6448282, 91.8915085 25.6450023, 91.8915501 25.6451329, 91.8915917 25.6452574, 91.8916628 25.645452, 91.8917473 25.6456418, 91.8918009 25.6457785, 91.8918599 25.6459344, 91.8918988 25.6460674, 91.8919444 25.6462137, 91.8919833 25.6463116, 91.8920316 25.6464035, 91.8921107 25.6465329, 91.8922126 25.6466925, 91.8922616 25.6467707, 91.8924111 25.6470092, 91.8925184 25.647176, 91.8925935 25.647309, 91.8926512 25.6474178, 91.8927129 25.6475593, 91.8927598 25.6477032, 91.8927987 25.6478591, 91.8928644 25.648113, 91.8929422 25.6483983, 91.8929722 25.6485004, 91.8930119 25.6486353, 91.8930924 25.6488674, 91.8931916 25.6491285, 91.8932667 25.6493365, 91.8933043 25.6495468, 91.8933204 25.649733, 91.8933298 25.6498938, 91.8933378 25.6499832, 91.8933512 25.6500509, 91.8933794 25.6501501, 91.8934169 25.6502468, 91.8934411 25.6503363, 91.8934518 25.6504572, 91.8934491 25.6505744, 91.8934344 25.6506748, 91.8934344 25.6507485, 91.8934518 25.6508356, 91.8934746 25.6508887, 91.8935202 25.6509371, 91.8936007 25.6509903, 91.8936557 25.6510169, 91.8937147 25.6510338, 91.8938313 25.6510495, 91.8940137 25.6510749, 91.8941988 25.6511124, 91.8944845 25.6511825, 91.8948895 25.6512974, 91.8951979 25.6513941, 91.8953991 25.6514642, 91.8956324 25.6515561, 91.8958417 25.6516407, 91.8961555 25.6517568, 91.8965645 25.6518873, 91.8967402 25.6519345, 91.8969387 25.651978, 91.8970688 25.6519961, 91.8971868 25.6519998, 91.8972847 25.6519901, 91.8974014 25.6519695, 91.8976736 25.6518728, 91.8978399 25.6518281, 91.8979888 25.6517846, 91.8981095 25.6517435, 91.8982315 25.6516915, 91.8983468 25.6516274, 91.898426 25.651555, 91.8984944 25.6514582, 91.8985909 25.6512949, 91.8986593 25.6511559, 91.8987237 25.6509963, 91.8987733 25.650896, 91.8988256 25.6508041, 91.8989007 25.6507219, 91.8989678 25.6506687, 91.8990549 25.6506288, 91.8991542 25.6506071, 91.8992548 25.6506071, 91.8994465 25.6506409, 91.8996142 25.6506748, 91.899763 25.6506965, 91.8998502 25.6506941, 91.8999334 25.650676, 91.8999964 25.6506337, 91.9000407 25.650566, 91.900072 25.650466, 91.9000755 25.6503568, 91.9000608 25.6502335, 91.9000112 25.6500509, 91.8999092 25.6497753, 91.8998489 25.6496411, 91.8997684 25.649548, 91.8996598 25.6494549, 91.8995619 25.6493921, 91.8994412 25.649322, 91.899295 25.6492506, 91.8989047 25.6490802, 91.8987384 25.6490076, 91.8985762 25.6489448, 91.8984501 25.6489049, 91.8982945 25.6488758, 91.8981148 25.6488553, 91.8979378 25.6488468, 91.8977782 25.6488553, 91.8976602 25.6488771, 91.8975703 25.6489097, 91.8974657 25.6489593, 91.8973665 25.6490028, 91.8972753 25.6490306, 91.8971908 25.6490342, 91.897113 25.6490221, 91.8970245 25.6489907, 91.8969414 25.6489363, 91.8968703 25.6488698, 91.8968166 25.6487864, 91.8967737 25.6486764, 91.8967764 25.64857, 91.8967938 25.648495, 91.8968247 25.6484491, 91.896877 25.6484116, 91.896936 25.6483874, 91.8970165 25.6483753, 91.8971466 25.648385, 91.89729 25.6484056, 91.8979807 25.6485253, 91.8985225 25.6486014, 91.8989114 25.648651, 91.8993138 25.6487211, 91.8993933 25.6487388, 91.8994278 25.6487465, 91.8995592 25.6487924, 91.8996906 25.6488553, 91.8998113 25.648923, 91.8999508 25.6489931, 91.9001023 25.6490753, 91.9002204 25.6491358, 91.9003089 25.6491974, 91.9003893 25.6492688, 91.9004537 25.6493546, 91.9004846 25.6494332, 91.9005208 25.6495529, 91.9005543 25.6496907, 91.9006066 25.6498503, 91.9006361 25.6499397, 91.9006737 25.6500364, 91.9007595 25.650242, 91.900848 25.6504402, 91.900907 25.6505672, 91.9009553 25.6506736, 91.90097 25.6507679, 91.9009633 25.6508561, 91.9009392 25.6509661, 91.9008909 25.6510689, 91.9008239 25.6511511, 91.9007662 25.6512091, 91.9006991 25.6512611, 91.9005918 25.6513179, 91.9004443 25.6513796, 91.9002539 25.6514376, 91.9000635 25.6514835, 91.8998355 25.6515525, 91.8997134 25.6515887, 91.8996356 25.6516334, 91.8995766 25.6516987, 91.8995458 25.6517664, 91.899527 25.6518486, 91.8995042 25.6519707, 91.899476 25.6520928, 91.8994264 25.6521968, 91.8993835 25.6522548, 91.8993272 25.6523189, 91.8992387 25.6523794, 91.8991166 25.6524374, 91.8990093 25.6524845, 91.8988766 25.6525389, 91.8986057 25.6526514, 91.8984488 25.6527287, 91.8983321 25.6527952, 91.8982717 25.6528545, 91.8982328 25.6529294, 91.8982141 25.6530152, 91.8982221 25.6531108, 91.8982409 25.653199, 91.8982851 25.6533175, 91.8983334 25.6534299, 91.8983562 25.6535073, 91.898367 25.6535834, 91.8983616 25.6536753, 91.8983334 25.6537684, 91.8982825 25.6538542, 91.8982396 25.6539316, 91.898198 25.6540319, 91.8981631 25.6541625, 91.8981349 25.6543136, 91.8981095 25.6544418, 91.8980746 25.6545759, 91.898037 25.6546835, 91.8979807 25.6548129, 91.8979351 25.6549108, 91.8979043 25.6549954, 91.8978775 25.6550885, 91.8978668 25.6551878)",2240.176180636468,13.0495089182305,91.8928204,25.6355618,91.8978668,25.6551878,0.9959221296965464,,,
36138,35809,0,"[52116569, 52116570, 52116566, 52116567]",trunk,,,,"[None, 'GS Road']",NH6,"LINESTRING (91.8978668 25.6551878, 91.8978775 25.6550885, 91.8979043 25.6549954, 91.8979351 25.6549108, 91.8979807 25.6548129, 91.898037 25.6546835, 91.8980746 25.6545759, 91.8981095 25.6544418, 91.8981349 25.6543136, 91.8981631 25.6541625, 91.898198 25.6540319, 91.8982396 25.6539316, 91.8982825 25.6538542, 91.8983334 25.6537684, 91.8983616 25.6536753, 91.898367 25.6535834, 91.8983562 25.6535073, 91.8983334 25.6534299, 91.8982851 25.6533175, 91.8982409 25.653199, 91.8982221 25.6531108, 91.8982141 25.6530152, 91.8982328 25.6529294, 91.8982717 25.6528545, 91.8983321 25.6527952, 91.8984488 25.6527287, 91.8986057 25.6526514, 91.8988766 25.6525389, 91.8990093 25.6524845, 91.8991166 25.6524374, 91.8992387 25.6523794, 91.8993272 25.6523189, 91.8993835 25.6522548, 91.8994264 25.6521968, 91.899476 25.6520928, 91.8995042 25.6519707, 91.899527 25.6518486, 91.8995458 25.6517664, 91.8995766 25.6516987, 91.8996356 25.6516334, 91.8997134 25.6515887, 91.8998355 25.6515525, 91.9000635 25.6514835, 91.9002539 25.6514376, 91.9004443 25.6513796, 91.9005918 25.6513179, 91.9006991 25.6512611, 91.9007662 25.6512091, 91.9008239 25.6511511, 91.9008909 25.6510689, 91.9009392 25.6509661, 91.9009633 25.6508561, 91.90097 25.6507679, 91.9009553 25.6506736, 91.900907 25.6505672, 91.900848 25.6504402, 91.9007595 25.650242, 91.9006737 25.6500364, 91.9006361 25.6499397, 91.9006066 25.6498503, 91.9005543 25.6496907, 91.9005208 25.6495529, 91.9004846 25.6494332, 91.9004537 25.6493546, 91.9003893 25.6492688, 91.9003089 25.6491974, 91.9002204 25.6491358, 91.9001023 25.6490753, 91.8999508 25.6489931, 91.8998113 25.648923, 91.8996906 25.6488553, 91.8995592 25.6487924, 91.8994278 25.6487465, 91.8993933 25.6487388, 91.8993138 25.6487211, 91.8989114 25.648651, 91.8985225 25.6486014, 91.8979807 25.6485253, 91.89729 25.6484056, 91.8971466 25.648385, 91.8970165 25.6483753, 91.896936 25.6483874, 91.896877 25.6484116, 91.8968247 25.6484491, 91.8967938 25.648495, 91.8967764 25.64857, 91.8967737 25.6486764, 91.8968166 25.6487864, 91.8968703 25.6488698, 91.8969414 25.6489363, 91.8970245 25.6489907, 91.897113 25.6490221, 91.8971908 25.6490342, 91.8972753 25.6490306, 91.8973665 25.6490028, 91.8974657 25.6489593, 91.8975703 25.6489097, 91.8976602 25.6488771, 91.8977782 25.6488553, 91.8979378 25.6488468, 91.8981148 25.6488553, 91.8982945 25.6488758, 91.8984501 25.6489049, 91.8985762 25.6489448, 91.8987384 25.6490076, 91.8989047 25.6490802, 91.899295 25.6492506, 91.8994412 25.649322, 91.8995619 25.6493921, 91.8996598 25.6494549, 91.8997684 25.649548, 91.8998489 25.6496411, 91.8999092 25.6497753, 91.9000112 25.6500509, 91.9000608 25.6502335, 91.9000755 25.6503568, 91.900072 25.650466, 91.9000407 25.650566, 91.8999964 25.6506337, 91.8999334 25.650676, 91.8998502 25.6506941, 91.899763 25.6506965, 91.8996142 25.6506748, 91.8994465 25.6506409, 91.8992548 25.6506071, 91.8991542 25.6506071, 91.8990549 25.6506288, 91.8989678 25.6506687, 91.8989007 25.6507219, 91.8988256 25.6508041, 91.8987733 25.650896, 91.8987237 25.6509963, 91.8986593 25.6511559, 91.8985909 25.6512949, 91.8984944 25.6514582, 91.898426 25.651555, 91.8983468 25.6516274, 91.8982315 25.6516915, 91.8981095 25.6517435, 91.8979888 25.6517846, 91.8978399 25.6518281, 91.8976736 25.6518728, 91.8974014 25.6519695, 91.8972847 25.6519901, 91.8971868 25.6519998, 91.8970688 25.6519961, 91.8969387 25.651978, 91.8967402 25.6519345, 91.8965645 25.6518873, 91.8961555 25.6517568, 91.8958417 25.6516407, 91.8956324 25.6515561, 91.8953991 25.6514642, 91.8951979 25.6513941, 91.8948895 25.6512974, 91.8944845 25.6511825, 91.8941988 25.6511124, 91.8940137 25.6510749, 91.8938313 25.6510495, 91.8937147 25.6510338, 91.8936557 25.6510169, 91.8936007 25.6509903, 91.8935202 25.6509371, 91.8934746 25.6508887, 91.8934518 25.6508356, 91.8934344 25.6507485, 91.8934344 25.6506748, 91.8934491 25.6505744, 91.8934518 25.6504572, 91.8934411 25.6503363, 91.8934169 25.6502468, 91.8933794 25.6501501, 91.8933512 25.6500509, 91.8933378 25.6499832, 91.8933298 25.6498938, 91.8933204 25.649733, 91.8933043 25.6495468, 91.8932667 25.6493365, 91.8931916 25.6491285, 91.8930924 25.6488674, 91.8930119 25.6486353, 91.8929722 25.6485004, 91.8929422 25.6483983, 91.8928644 25.648113, 91.8927987 25.6478591, 91.8927598 25.6477032, 91.8927129 25.6475593, 91.8926512 25.6474178, 91.8925935 25.647309, 91.8925184 25.647176, 91.8924111 25.6470092, 91.8922616 25.6467707, 91.8922126 25.6466925, 91.8921107 25.6465329, 91.8920316 25.6464035, 91.8919833 25.6463116, 91.8919444 25.6462137, 91.8918988 25.6460674, 91.8918599 25.6459344, 91.8918009 25.6457785, 91.8917473 25.6456418, 91.8916628 25.645452, 91.8915917 25.6452574, 91.8915501 25.6451329, 91.8915085 25.6450023, 91.8914536 25.6448282, 91.8913744 25.6445356, 91.8913101 25.6443216, 91.8912283 25.6440955, 91.8911089 25.6437776, 91.8910472 25.6436458, 91.8909721 25.6435321, 91.8908849 25.6434572, 91.8908045 25.6434149, 91.890728 25.6433907, 91.8906315 25.6433786, 91.8905269 25.6433738, 91.8904115 25.6433665, 91.8903042 25.6433399, 91.890213 25.6432903, 91.8901433 25.6432347, 91.8900897 25.6431694, 91.8900172 25.643063, 91.8899649 25.6429784, 91.8899126 25.6428769, 91.8898872 25.6428079, 91.8898684 25.6427245, 91.8898684 25.6426363, 91.8898912 25.6425444, 91.8899435 25.6424186, 91.8899837 25.6423098, 91.8900052 25.6422143, 91.8900038 25.642114, 91.8899837 25.642039, 91.8899314 25.6419205, 91.8898576 25.6417972, 91.8897665 25.641663, 91.8896699 25.6415203, 91.8895988 25.6414067, 91.8895479 25.64131, 91.8895251 25.6412302, 91.8895143 25.6411407, 91.8895224 25.6410621, 91.8895492 25.6410017, 91.8895975 25.6409303, 91.8896699 25.6408662, 91.889745 25.64083, 91.8898402 25.6408118, 91.8899529 25.6408143, 91.8900534 25.6408421, 91.8901996 25.6409073, 91.8904504 25.6410379, 91.8906999 25.641154, 91.8909922 25.6412942, 91.8911169 25.6413486, 91.8912135 25.6413777, 91.8912953 25.6413849, 91.8913852 25.6413716, 91.8914857 25.6413281, 91.8916212 25.6412398, 91.8917325 25.6411504, 91.8918613 25.6410549, 91.8919672 25.6409726, 91.8920396 25.6408916, 91.892096 25.6407973, 91.8921174 25.6407079, 91.8921389 25.6405942, 91.892163 25.6404249, 91.8921804 25.6402762, 91.8922006 25.6401166, 91.8922287 25.6399824, 91.8922582 25.6398797, 91.8923038 25.639795, 91.8923642 25.6397128, 91.892454 25.6396185, 91.8926163 25.6394637, 91.8927504 25.6393513, 91.892851 25.63928, 91.8929489 25.639228, 91.8930615 25.6391905, 91.8931796 25.6391748, 91.8933425 25.6391669, 91.8934773 25.6391591, 91.8935698 25.639144, 91.8936422 25.6391252, 91.89372 25.6390914, 91.893745 25.6390762, 91.8937978 25.6390442, 91.8938783 25.6389729, 91.8939254 25.6389143, 91.8939869 25.6388181, 91.8940178 25.6387432, 91.8940325 25.6386537, 91.8940318 25.6385963, 91.8940218 25.6385424, 91.8940037 25.6384905, 91.8939701 25.63843, 91.8939252 25.6383786, 91.8938602 25.6383182, 91.8937918 25.6382662, 91.8937153 25.6382166, 91.8936396 25.6381664, 91.8935645 25.6381096, 91.8934954 25.6380443, 91.8934444 25.6379748, 91.8934136 25.6379089, 91.8933881 25.6378291, 91.8933754 25.6377445, 91.8933821 25.6376369, 91.8934035 25.6375389, 91.8934317 25.6374507, 91.8934585 25.6373431, 91.8934679 25.6372475, 91.8934464 25.6371339, 91.8934223 25.637042, 91.8933794 25.6369513, 91.8933003 25.6368497, 91.8932388 25.6367676, 91.8931232 25.6366406, 91.8930642 25.6365656, 91.8930066 25.6364713, 91.892965 25.6363758, 91.8929449 25.6362863, 91.8929368 25.6361835, 91.8929382 25.6360953, 91.8929422 25.6359502, 91.8929315 25.6358136, 91.8928993 25.6357168, 91.8928577 25.6356262, 91.8928204 25.6355618)",2240.176180636468,193.05169299922528,91.8978668,25.6551878,91.8928204,25.6355618,0.9959221296965464,,,
36138,1906025,0,"[977975330, 271956451, 271956452, 272518854, 271684167, 271956454, 271957589, 271957591, 52116570, 52116572, 271722751]",trunk,"[None, 'yes']","[None, '2']",,"[None, 'Umiam Dam']",NH6,"LINESTRING (91.8978668 25.6551878, 91.897864 25.6552142, 91.8978828 25.6554222, 91.897907 25.6556482, 91.8979257 25.6558441, 91.8979338 25.6559952, 91.8979526 25.6561342, 91.8979874 25.656266, 91.8980344 25.6563506, 91.8980987 25.6564376, 91.8981732 25.6565144, 91.8983053 25.6566262, 91.8984729 25.6567592, 91.8988672 25.6570759, 91.8991703 25.6573322, 91.8993218 25.6574591, 91.899405 25.6575486, 91.8994841 25.6576574, 91.8995404 25.6577734, 91.8995874 25.6578992, 91.8996195 25.6580237, 91.8996491 25.6581337, 91.8996879 25.6582328, 91.8997335 25.658315, 91.8998301 25.6584468, 91.8999448 25.6586168, 91.9000648 25.6589581, 91.9002445 25.6593776, 91.9003464 25.6596133, 91.9003947 25.6596919, 91.9005019 25.6598188, 91.9006747 25.6600064, 91.9007025 25.6600479, 91.9007206 25.6600896, 91.9007286 25.6601633, 91.9007219 25.6602576, 91.9007099 25.6603495, 91.900636 25.660595, 91.9006087 25.6607442, 91.9006102 25.6608248, 91.9006267 25.6609044, 91.9006723 25.6610132, 91.9007662 25.6611727, 91.900902 25.661456, 91.900939 25.661561, 91.900961 25.661671, 91.900961 25.661778, 91.9009325 25.6618521, 91.9008775 25.6619319, 91.9007957 25.6620213, 91.9007622 25.662089, 91.9007555 25.6621591, 91.9007742 25.6622317, 91.9008198 25.6623126, 91.9009083 25.6624372, 91.9012812 25.6627696, 91.9016755 25.6630923, 91.9018069 25.6631975, 91.9019457 25.6633135, 91.9020094 25.6633879, 91.902057 25.6634544, 91.9020744 25.6635094, 91.9020718 25.6635644, 91.9020503 25.6636043, 91.9020114 25.6636405, 91.9019678 25.6636689, 91.9019034 25.6636883, 91.9018404 25.6636901, 91.9017727 25.6636822, 91.9016929 25.6636623, 91.901536 25.663617, 91.9014099 25.6635698, 91.9012879 25.6635166, 91.9010974 25.663409, 91.9009486 25.6633244, 91.9008051 25.6632386, 91.9006535 25.6631443, 91.9005275 25.663079, 91.9004162 25.6630549, 91.9002874 25.6630404, 91.9001238 25.6630476, 91.8999696 25.6630754, 91.8998475 25.6631032, 91.8997563 25.6631455, 91.8996901 25.6631903, 91.8996491 25.6632181, 91.8995525 25.6633305, 91.8994908 25.6634163, 91.899413 25.6635565, 91.8993232 25.6637765, 91.8992802 25.6639119, 91.8992333 25.6640727, 91.8992038 25.664225, 91.8991797 25.6643821, 91.899177 25.6645211, 91.899185 25.6646287, 91.8992025 25.6647472, 91.8992306 25.6648209, 91.8992843 25.6649055, 91.899358 25.6649889, 91.8994559 25.6650844, 91.8995753 25.6652029, 91.8996544 25.6652911, 91.8997 25.6653758, 91.8997255 25.6654664, 91.8997275 25.6655571, 91.8997121 25.6656151, 91.8996705 25.665684, 91.8996008 25.6657553, 91.8994975 25.6658266, 91.899354 25.6659125, 91.8992293 25.6659935, 91.89913 25.6660756, 91.8990871 25.6661373, 91.8990684 25.6662086, 91.8990657 25.6662908, 91.8990844 25.6663815, 91.8991207 25.6664866, 91.899185 25.6666136, 91.8992427 25.6667163, 91.8993165 25.6668154, 91.8993889 25.6668928, 91.8995082 25.6669774, 91.8996289 25.667039, 91.8997198 25.6670771, 91.8997912 25.6671055, 91.8999039 25.6671418, 91.9000366 25.6671611, 91.9002351 25.6671696, 91.9004752 25.6671744, 91.9005731 25.6671913, 91.9006509 25.6672216, 91.9007179 25.6672663, 91.900793 25.667334, 91.9008641 25.6674307, 91.9009391 25.6675626, 91.901041 25.6677495, 91.9012476 25.6680834, 91.9013455 25.6682369, 91.9013911 25.66833, 91.9014166 25.6684004, 91.9014314 25.6684412, 91.9014569 25.6685573, 91.9014488 25.6686588, 91.901422 25.668741, 91.9013563 25.6688328, 91.9012678 25.6689175, 91.9010921 25.6690613, 91.9009969 25.6691592, 91.9009379 25.6692426, 91.9009097 25.669326, 91.9009057 25.6694034, 91.9009244 25.6694771, 91.900966 25.6695533, 91.9010237 25.6696089, 91.9011524 25.6696923, 91.901253 25.6697575, 91.901369 25.6698204, 91.9014689 25.6698718, 91.9015621 25.6699086, 91.9016245 25.669925, 91.9017036 25.6699268, 91.9018029 25.6699111, 91.9019155 25.6698712, 91.9020456 25.6697938, 91.9022347 25.6696391, 91.9024613 25.669436, 91.9025579 25.6693587, 91.9026303 25.6693115, 91.9027175 25.6692728, 91.9027973 25.6692535, 91.9029153 25.6692493, 91.9029998 25.6692499, 91.9031534 25.6692692, 91.9032888 25.6692922, 91.9034497 25.66932, 91.903604 25.669349, 91.903726 25.6693889, 91.9038467 25.6694457, 91.9039352 25.669511, 91.9041806 25.6697213, 91.9043134 25.6698494, 91.9044073 25.6699509, 91.9044851 25.6700416, 91.9046004 25.6701758, 91.9046675 25.6702447, 91.9047828 25.6703486, 91.9049598 25.6705094, 91.9051248 25.6706834, 91.9052643 25.6708297, 91.9053702 25.6709627, 91.9054319 25.6710642, 91.9054601 25.6711681, 91.9054601 25.671266, 91.9054319 25.6713857, 91.905378 25.671516, 91.9053005 25.6716299, 91.9052334 25.6717024, 91.9051637 25.6717507, 91.905047 25.6717894, 91.9049183 25.6718003, 91.9047788 25.6717955, 91.9046567 25.6717785, 91.9045052 25.6717423, 91.9044009 25.6717192, 91.9042678 25.6716897, 91.9039446 25.6716492, 91.9036455 25.6716178, 91.9034524 25.6716021, 91.9032714 25.6716009, 91.9030917 25.6716275, 91.9029602 25.6716661, 91.9028583 25.6717121, 91.9027296 25.671787, 91.9026196 25.6718765, 91.9024909 25.6720215, 91.9022065 25.6723744, 91.901186 25.6735832, 91.9009399 25.6738896, 91.900849 25.6740186)",2115.1173311309312,8.12312329989231,91.8978668,25.6551878,91.900849,25.6740186,0.9994561177275724,,,
70146,1758577,0,829675731,trunk,,,,NH6,NH6,"LINESTRING (91.8996543 25.5659074, 91.8995431 25.5659731)",13.333700967960404,303.2229959105673,91.8996543,25.5659074,91.8995431,25.5659731,0.9300463336536549,,,
70146,97209,0,"[121977696, 160894539, 122094414]",trunk,,,,"[None, 'NH6']",NH6,"LINESTRING (91.8996543 25.5659074, 91.8996788 25.565875, 91.8997818 25.5657819, 91.8999588 25.5656477, 91.900105 25.5655351, 91.9003116 25.5653876, 91.9005033 25.5652448, 91.9007193 25.5650815, 91.9009218 25.564929, 91.9010612 25.5648202, 91.9011618 25.5647633, 91.9012336 25.5647318, 91.9012986 25.5647046, 91.9013979 25.5646786, 91.9015239 25.564649, 91.9016688 25.5646169, 91.901937 25.5645715, 91.9020798 25.5645455, 91.9022541 25.5645177, 91.9024298 25.5644899, 91.9026882 25.5644379, 91.9027915 25.5644204, 91.902832 25.5644088, 91.9028749 25.5643967, 91.9029103 25.564379, 91.9030063 25.5643254, 91.9031624 25.5642185, 91.9033277 25.5640918, 91.9034672 25.5639854, 91.9035973 25.5638983, 91.9037126 25.5638221, 91.903893 25.5637102, 91.9040023 25.5636382, 91.9040881 25.5635716, 91.9041739 25.5634869, 91.9042651 25.563401, 91.9044261 25.5632474, 91.9045535 25.5631325, 91.9046514 25.5630296, 91.9047144 25.5629413, 91.904764 25.5628143, 91.9048016 25.5626993, 91.9048378 25.5625965, 91.904874 25.5624973, 91.9049129 25.5624187, 91.9049541 25.5623457, 91.9050336 25.5622481, 91.9051798 25.5620968, 91.9052804 25.561971, 91.9053984 25.5618367, 91.905493 25.5617213, 91.9055164 25.5616928, 91.9055834 25.5616105, 91.905617 25.5615355, 91.9056398 25.5614532, 91.905676 25.5613734, 91.9057283 25.5613008, 91.9057927 25.56125, 91.9058758 25.561204, 91.9059603 25.561158, 91.9060354 25.5610842, 91.9060904 25.5610153, 91.9061561 25.560916, 91.9062111 25.5608507, 91.9062594 25.5608108, 91.9063358 25.5607781, 91.9063901 25.5607556, 91.9064485 25.5607116, 91.906482 25.560668, 91.9065061 25.5606051, 91.9065034 25.5605162, 91.9064954 25.5604418, 91.9064934 25.5603589, 91.9065014 25.560296, 91.9065168 25.5602543, 91.9065457 25.5602155, 91.9065772 25.5601895, 91.9066389 25.5601798, 91.9067187 25.5601798, 91.9067998 25.5601841, 91.9068615 25.5601877, 91.9069326 25.5601907, 91.9069983 25.5601883, 91.9070774 25.5601726, 91.9071532 25.560155, 91.907239 25.5601339, 91.9073041 25.560123, 91.907357 25.5601218, 91.907404 25.5601236, 91.9074918 25.5601321, 91.9075649 25.5601442, 91.9077346 25.5601805, 91.9078057 25.5601901, 91.9078707 25.5601919, 91.9079223 25.5601883, 91.9079773 25.5601774, 91.9080517 25.5601544, 91.9081101 25.5601266, 91.9081644 25.5600897, 91.9082315 25.5600268, 91.9082683 25.5599839, 91.9083086 25.5599294, 91.9083401 25.559878, 91.9083575 25.5598272, 91.9083662 25.5597715, 91.9083676 25.5597122, 91.9083602 25.559639, 91.9083448 25.5595719, 91.908324 25.5595187, 91.9082958 25.5594291, 91.9082536 25.5593118, 91.9082053 25.5591714, 91.9081875 25.5591384, 91.9081543 25.5590771, 91.9080913 25.5589851, 91.9080383 25.5589143, 91.9079907 25.5588454, 91.9079424 25.5587722, 91.9079009 25.5587081, 91.9078787 25.5586506, 91.9078727 25.5586022, 91.9078727 25.5585532, 91.9078848 25.5584969, 91.9079015 25.5584564, 91.9079317 25.5584304, 91.9079652 25.5584147, 91.9080115 25.558408, 91.9080779 25.5584159, 91.9081537 25.5584395, 91.9082576 25.5585012, 91.9083007 25.5585324, 91.9084427 25.5586355, 91.9085808 25.5587431, 91.9086774 25.5588218, 91.9087847 25.5589028, 91.9088799 25.5589658, 91.90901 25.5590335, 91.9091628 25.5591013, 91.9092835 25.5591436, 91.9093707 25.5591593, 91.9094378 25.5591533, 91.9095129 25.5591315, 91.9095719 25.5591109, 91.9096228 25.5590976, 91.9096745 25.5590867, 91.9097435 25.5590855, 91.9097831 25.559097, 91.909824 25.5591182, 91.9098616 25.5591569, 91.9099025 25.5592192, 91.9099481 25.5592973, 91.9099957 25.5593578, 91.9100547 25.5594158, 91.9101419 25.5594703, 91.9102143 25.5595041, 91.9103236 25.5595368, 91.9103873 25.5595453, 91.910451 25.559541, 91.9105026 25.5595277, 91.9105536 25.5594969, 91.9105911 25.5594533, 91.910634 25.5593644, 91.9106602 25.5592997, 91.9107038 25.5591932, 91.9107507 25.5591061, 91.9108097 25.5590444, 91.9108435 25.5590274, 91.9108795 25.5590093, 91.9109452 25.5590008, 91.9110337 25.5590081, 91.9111235 25.5590456, 91.9112 25.5590892, 91.9112939 25.5591279, 91.9113757 25.55914, 91.9114427 25.5591206, 91.9115031 25.5590952, 91.9115514 25.5590408, 91.9115809 25.5589694, 91.9116023 25.5588799, 91.9116198 25.5587431, 91.9116278 25.558581, 91.9116278 25.558437, 91.911613 25.558258, 91.9116104 25.5581824, 91.9116184 25.5581207, 91.9116358 25.5580777, 91.9116694 25.5580414, 91.9117076 25.5580215, 91.9117411 25.5580227, 91.9117874 25.5580372, 91.911835 25.5580711, 91.9119041 25.55814, 91.9119879 25.5582423, 91.9120657 25.5583318, 91.9121622 25.5584201, 91.9122501 25.5585012, 91.9123453 25.5586064, 91.9124351 25.5587032)",1511.7466896296294,121.99580913129132,91.8996543,25.5659074,91.9124351,25.5587032,0.9282931097336936,,,
72664,346886,0,278789303,trunk,,,,,NH6,"LINESTRING (91.8904008 25.5668079, 91.8902425 25.5667752, 91.890146 25.5667583, 91.8900246 25.5667474, 91.8899281 25.5667389, 91.8897195 25.5667068, 91.8896109 25.5666838, 91.889519 25.5666627, 91.8894217 25.566636, 91.8892622 25.5665937, 91.8891133 25.5665526, 91.8888156 25.5664812, 91.8884803 25.5664147, 91.8882651 25.5663814, 91.888139 25.5663626, 91.8880451 25.5663463, 91.8879533 25.5663209, 91.8878802 25.5662937, 91.8878091 25.5662592, 91.8876958 25.5662114, 91.8875067 25.5661267, 91.8873216 25.5660638, 91.8871258 25.5660106, 91.8869501 25.5659634, 91.8866122 25.5658703, 91.8863212 25.565788, 91.8861307 25.5657469, 91.8860201 25.5657299, 91.8859168 25.5657305, 91.8858223 25.5657396, 91.8857512 25.5657553, 91.8856774 25.5657771)",487.46016359463505,256.4013240308169,91.8904008,25.5668079,91.8856774,25.5657771,0.9083608320783728,,,
72664,1758578,0,"[829552865, 993917081]",trunk,,"[None, '2']",,NH6,NH6,"LINESTRING (91.8904008 25.5668079, 91.8906234 25.566728, 91.8907978 25.5666518, 91.8909748 25.5665719, 91.8912162 25.5664631, 91.891365 25.5664171, 91.8915421 25.5663723, 91.8916869 25.5663554, 91.8918023 25.5663542, 91.8918771 25.5663658, 91.8919806 25.5663796, 91.8921362 25.5664002, 91.8923146 25.5664074, 91.8925264 25.5664014, 91.8927075 25.5663856, 91.8928832 25.5663687, 91.8930562 25.5663578, 91.8932748 25.5663469, 91.8934867 25.5663469, 91.8937187 25.5663506, 91.8939145 25.5663602, 91.8940419 25.5663735, 91.8940962 25.5663778, 91.8942592 25.5664026, 91.894404 25.5664086, 91.8945596 25.5664098, 91.8947299 25.5663929, 91.8948774 25.5663651, 91.8951 25.5662997, 91.8952864 25.5662405, 91.895442 25.5661933, 91.8955828 25.5661848, 91.8957062 25.5661933, 91.8958537 25.5662042, 91.8960723 25.5662114, 91.8964103 25.5662187, 91.8965216 25.5662126, 91.8966839 25.5662066, 91.8967684 25.5661968, 91.8968193 25.5661909, 91.8970983 25.5661703, 91.8974926 25.5661388, 91.8977514 25.5661183, 91.8980035 25.5661025, 91.8982637 25.5660868, 91.8986043 25.5660663, 91.8987087 25.5660615, 91.8987639 25.566059, 91.8989356 25.5660554, 91.8990912 25.5660602)",875.6679023999242,95.44629710362877,91.8904008,25.5668079,91.8990912,25.5660602,0.9044304700413064,,,
81228,97202,0,160894539,trunk,,,,,NH6,"LINESTRING (91.8942176 25.5408128, 91.8943356 25.5408599, 91.8944308 25.5409083, 91.8944965 25.5409604, 91.8945435 25.5410033, 91.8945844 25.5410566, 91.8946414 25.5411685, 91.8946964 25.5413198, 91.8947218 25.5414117, 91.8947607 25.5415315, 91.8948036 25.5416114, 91.8948559 25.5416852, 91.8949364 25.5417469, 91.8950357 25.5417844, 91.8951805 25.5418183, 91.8955037 25.541874, 91.8956794 25.5419042, 91.8958162 25.5419224, 91.8959784 25.5419369, 91.8961367 25.5419454, 91.8963902 25.5419478, 91.8965766 25.5419454, 91.896763 25.5419417, 91.8970165 25.5419199, 91.8971982 25.5419036, 91.8973202 25.5418927, 91.8974228 25.5418855, 91.89751 25.5418715, 91.8975817 25.5418449, 91.8976394 25.5418129, 91.8976998 25.5417645, 91.8977822 25.5416949, 91.897864 25.5416247, 91.8979153 25.5415881, 91.8979713 25.5415612, 91.898033 25.5415527, 91.8980947 25.5415521, 91.8981504 25.5415678, 91.8982369 25.5415969, 91.8984313 25.5416743, 91.8986016 25.5417348, 91.8988618 25.5418026, 91.8991072 25.5418691, 91.8993755 25.5419454, 91.8995109 25.5419889, 91.8995994 25.5420288, 91.8996692 25.5420712, 91.8997047 25.5421075, 91.8997242 25.5421492, 91.8997282 25.5421983, 91.8997134 25.5422642, 91.8996745 25.5423392, 91.8996343 25.5424185, 91.8996068 25.5424911, 91.8995981 25.5425661, 91.8996088 25.5426181, 91.8996269 25.5426708, 91.8996524 25.5427113, 91.8997315 25.54279, 91.8998006 25.5428396, 91.899863 25.5428856, 91.8999267 25.5429418, 91.8999749 25.5430072, 91.9000031 25.5430671, 91.900044 25.5431711, 91.9000735 25.5432371, 91.9001057 25.5432939, 91.9001567 25.5433569, 91.9002002 25.5433901, 91.9002519 25.5434101, 91.9003209 25.5434168, 91.9004215 25.5434083, 91.9005342 25.5433841, 91.9007072 25.5433333, 91.9008037 25.5433091, 91.9008976 25.543297, 91.9009902 25.5433042, 91.9010827 25.5433284, 91.9011819 25.5433696, 91.9012611 25.5434216, 91.9013174 25.543476, 91.9013603 25.5435378, 91.9013911 25.5435983, 91.9014314 25.5436842, 91.901473 25.5437882, 91.9015387 25.5438923, 91.9016325 25.5440109, 91.9017881 25.5441282, 91.9019772 25.5442613, 91.9020202 25.5442925, 91.9021824 25.5444102, 91.9025163 25.5446546, 91.9027323 25.5448046, 91.9028302 25.5448688, 91.9029307 25.5449402, 91.9030219 25.5450128, 91.9031399 25.5451326, 91.9032794 25.5452947, 91.903376 25.5454096, 91.9034967 25.54555, 91.9038521 25.5459203, 91.9039433 25.5460146, 91.904007 25.5460872, 91.9040465 25.546149, 91.9040754 25.5462107, 91.9040921 25.5462712, 91.9040915 25.5463238, 91.9040687 25.5463789, 91.9040143 25.5464551, 91.9039406 25.5465107, 91.9038145 25.5465894, 91.9037066 25.5466602, 91.9036516 25.5467062, 91.9036167 25.5467527, 91.9036033 25.5468011, 91.9036063 25.5468429, 91.9036388 25.546881, 91.9036737 25.5469137, 91.9037381 25.5469379, 91.9038494 25.5469476, 91.9040076 25.5469318, 91.9042557 25.5468979, 91.9044636 25.5468774, 91.9046856 25.5468471, 91.9047841 25.5468417, 91.9048753 25.5468447, 91.9049746 25.5468653, 91.9050644 25.5468955, 91.905169 25.5469451, 91.9052777 25.5470141, 91.9053957 25.5470927, 91.9055231 25.5471944, 91.905621 25.5472742, 91.9057243 25.5473577, 91.9058195 25.5474388, 91.9059187 25.547509, 91.9060045 25.547561, 91.9060783 25.5475901, 91.906195 25.5476227, 91.9063827 25.5476663, 91.9065236 25.5477014, 91.9066644 25.5477365, 91.9067556 25.5477715, 91.9068374 25.5478272, 91.9068977 25.5478877, 91.9069447 25.5479664, 91.906997 25.5480849, 91.9070385 25.5481612, 91.9070935 25.5482313, 91.90717 25.5482991, 91.9072786 25.5483717, 91.9074261 25.5484576, 91.9075026 25.5485242, 91.9075575 25.5485871, 91.9075951 25.5486681, 91.9076246 25.5487516, 91.9076541 25.5488811, 91.9076715 25.548996, 91.9076756 25.5490166, 91.9076943 25.5491751, 91.907685 25.5492598, 91.907638 25.5493506, 91.907571 25.5494304, 91.9074395 25.5495417, 91.9072853 25.549647, 91.907068 25.5497861, 91.9068722 25.5499035, 91.9067539 25.5499699, 91.9067019 25.5499991, 91.9065611 25.5500753, 91.9064753 25.5501407, 91.9064243 25.5502169, 91.9063666 25.550327, 91.9063264 25.5504468, 91.9062848 25.5505799, 91.9062594 25.5506912, 91.9062526 25.5507706, 91.9062473 25.5508328, 91.90625 25.5509356, 91.9062728 25.5510881, 91.9062982 25.5511873, 91.9063385 25.551272, 91.9064002 25.5513542, 91.9064753 25.5514268, 91.9065571 25.551514, 91.9065916 25.5515748, 91.9066007 25.5516156, 91.906602 25.5516519, 91.9065859 25.5517039, 91.9065769 25.5517192, 91.9065584 25.5517505, 91.9065195 25.5517983, 91.9064572 25.5518491, 91.9063868 25.5518909, 91.9063076 25.5519326, 91.9061936 25.5519749, 91.9060756 25.5520016, 91.9059522 25.5520173, 91.9058007 25.5520294, 91.9056948 25.5520439, 91.905617 25.5520742, 91.9055593 25.552131, 91.9055244 25.552206, 91.9055137 25.5523028, 91.9055191 25.5524166, 91.9055325 25.5525255, 91.9055539 25.5526114, 91.9055834 25.5526755, 91.9056411 25.552742, 91.9057189 25.5528086, 91.9058356 25.5528945, 91.9059308 25.5529695, 91.9060408 25.5530554, 91.9061521 25.5531244, 91.9062446 25.5531691, 91.9063278 25.5531933, 91.9064109 25.5532091, 91.9065195 25.5532067, 91.9066174 25.5531982, 91.906773 25.5531655, 91.9069178 25.5531437, 91.9070533 25.5531341, 91.9071592 25.5531437, 91.9072545 25.5531728, 91.9073376 25.5532139, 91.9074208 25.5532744, 91.9075334 25.5533821, 91.9076635 25.5535152, 91.9077963 25.5536858, 91.9078972 25.5538065, 91.907915 25.5538428, 91.9079284 25.5538872, 91.9079344 25.5539151, 91.9079277 25.5539544, 91.9078935 25.5539949, 91.9078512 25.5540354, 91.9077909 25.5540633, 91.907701 25.5540838, 91.9075455 25.5541129, 91.9073349 25.5541504, 91.9071934 25.5541685, 91.9070902 25.5541685, 91.907005 25.554157, 91.9069239 25.5541365, 91.9068226 25.5541111, 91.9067529 25.5541093, 91.9066925 25.5541232, 91.906655 25.554151, 91.9066335 25.5541903, 91.9066295 25.5542254, 91.9066422 25.5542708, 91.9066697 25.5543113, 91.9067234 25.5543379, 91.9068776 25.5543839, 91.9071043 25.5544105, 91.9072303 25.5544299, 91.9073292 25.5544499, 91.9074194 25.5544916, 91.9075039 25.5545436, 91.9075897 25.5546162, 91.9076581 25.5546876, 91.9077252 25.5547735, 91.9077654 25.5548582, 91.907803 25.5549586, 91.9078298 25.5550566, 91.9078511 25.5551151, 91.9078633 25.5551486, 91.9079116 25.5552248, 91.907976 25.5552998, 91.9080766 25.5554051, 91.9081356 25.5554801, 91.9082026 25.555595, 91.9082415 25.5556676, 91.9082962 25.5557381, 91.9083273 25.555772, 91.9083672 25.5558001, 91.9084085 25.5558189, 91.9084742 25.555837, 91.9085553 25.5558467, 91.9085996 25.5558464, 91.9086599 25.5558461, 91.908778 25.5558406, 91.9088624 25.5558443, 91.9089536 25.5558636, 91.909014 25.5558866, 91.9090877 25.555912, 91.9091555 25.5559247, 91.9092272 25.555932, 91.9093117 25.5559271, 91.9094498 25.5559035, 91.9095692 25.5558757, 91.9096959 25.5558558, 91.9097737 25.5558539, 91.9098642 25.5558648, 91.9099863 25.5558975, 91.9100941 25.5559362, 91.9102163 25.5559882, 91.9103538 25.5560589, 91.9104191 25.5560924, 91.9106072 25.5561891, 91.9107561 25.556258, 91.9108862 25.5563149, 91.9110404 25.55637, 91.9112436 25.5564559, 91.9113904 25.556517, 91.9114856 25.5565581, 91.9115426 25.5565938, 91.9115976 25.5566337, 91.9116922 25.5567142, 91.9117782 25.5567852, 91.9119094 25.5569053, 91.9119765 25.5569767, 91.9120489 25.5570783, 91.9120781 25.5571251, 91.9121025 25.5571643, 91.9121468 25.5572429, 91.9121803 25.5573106, 91.9122179 25.5574171, 91.9122595 25.557549, 91.9122997 25.5576797, 91.9123359 25.5578091, 91.9123869 25.5579374, 91.9124901 25.5581176, 91.912503 25.5581407, 91.9125981 25.5583106, 91.9126524 25.5583959, 91.9126926 25.5584582, 91.9127362 25.5585078, 91.9127879 25.5585532, 91.9128355 25.5585859, 91.9128911 25.5586222, 91.9129354 25.5586566, 91.9129602 25.5586917, 91.9129743 25.5587323, 91.9129729 25.5587685)",2743.467654968204,43.29703574622518,91.8942176,25.5408128,91.9129729,25.5587685,0.9519029141333264,,,
81228,485607,0,1037911508,trunk,,,asphalt,,NH6,"LINESTRING (91.8942176 25.5408128, 91.8940057 25.5407571, 91.8936262 25.5406579, 91.8932708 25.5405538, 91.8930522 25.5404848, 91.892902 25.540434, 91.8928067 25.5403868, 91.8927222 25.5403251, 91.8926404 25.5402416, 91.8925774 25.5401496, 91.8924956 25.5400238, 91.8924165 25.5398859, 91.8923025 25.5396753, 91.8922153 25.5395301, 91.8921214 25.5393764, 91.8920557 25.5392603, 91.8919618 25.5391138, 91.8918814 25.5389904, 91.8917875 25.5388416, 91.8917017 25.5387218, 91.8916185 25.5386189, 91.891579 25.5385761, 91.8915448 25.5385391, 91.8914616 25.5384701, 91.8913771 25.5384132, 91.8912296 25.5383382, 91.8910713 25.5382777, 91.8908688 25.5382123, 91.8907213 25.5381591, 91.8906127 25.5381058, 91.8905242 25.5380526, 91.8904196 25.5379715, 91.8903404 25.5379074, 91.8902493 25.5378191, 91.8900374 25.5376012, 91.8897289 25.5373266, 91.8894607 25.5370857, 91.8893918 25.5370269, 91.889308 25.5369554, 91.8892126 25.536874, 91.8890369 25.5367215, 91.8888988 25.5365848, 91.8888357 25.5365158, 91.8887834 25.5364347, 91.8887566 25.5363718, 91.8887418 25.5362847)",745.2152214781235,227.4967636449029,91.8942176,25.5408128,91.8887418,25.5362847,0.9448531842597212,,,
81605,457531,0,461660936,trunk,,,,,NH6,"LINESTRING (91.8804713 25.5685548, 91.8803197 25.5685862, 91.8801373 25.568637, 91.8799871 25.5687024, 91.8798356 25.5687846, 91.8793863 25.5690411, 91.8790483 25.5692443, 91.8788995 25.569346, 91.8787882 25.5694355, 91.8786728 25.5695359, 91.8785669 25.569646, 91.8784556 25.569767, 91.8783805 25.5698456, 91.8783329 25.5699024)",261.6505350219224,304.93897708244083,91.8804713,25.5685548,91.8783329,25.5699024,0.9325876733931115,,,
81605,768004,0,461660936,trunk,,,,,NH6,"LINESTRING (91.8804713 25.5685548, 91.8806657 25.5685161, 91.8808039 25.5684761, 91.8809862 25.5684205, 91.8811256 25.568373, 91.8811927 25.5683501)",75.85609513428274,107.46125213068902,91.8804713,25.5685548,91.8811927,25.5683501,0.9113301099075048,,,
81848,493859,0,344452136,trunk,,,,Shillong - Guwahati road,NH6,"LINESTRING (91.871294 25.5723615, 91.8713303 25.5724163, 91.8713538 25.5724641, 91.8713645 25.5725282, 91.8713585 25.5725978, 91.8713283 25.5726728, 91.8712834 25.5727423, 91.8712243 25.5728119, 91.871172 25.5728657, 91.8711244 25.5729274, 91.8710902 25.5729958, 91.8710741 25.5730683, 91.8710701 25.5731421, 91.8710835 25.5732679, 91.8711184 25.5734167, 91.8711989 25.5736538, 91.8712766 25.5738583, 91.8713303 25.5740228, 91.8713745 25.5741873, 91.8714094 25.5743252, 91.8714173 25.5743557, 91.8714403 25.5744438, 91.8714872 25.5746156, 91.8715234 25.5747583, 91.871565 25.5748902, 91.8716092 25.5749948, 91.8716341 25.5750396, 91.8716669 25.5750916, 91.8717259 25.5751672, 91.871805 25.5752652, 91.8718654 25.5753499, 91.871915 25.5754539, 91.8719499 25.5755567, 91.8719727 25.5756995, 91.8719874 25.5758543, 91.8720049 25.5760466, 91.872033 25.5762148, 91.8720706 25.5763358, 91.8721256 25.5764845, 91.8721993 25.576666, 91.872253 25.5767979, 91.8722999 25.57692, 91.8723442 25.5770543, 91.8723857 25.5771523, 91.8724622 25.5772648, 91.8725882 25.5774124, 91.8726915 25.5775164, 91.8728082 25.5776253, 91.8729369 25.577745, 91.8730375 25.57786, 91.8731166 25.57797, 91.8731904 25.5780983, 91.8732615 25.5782495, 91.8733084 25.5783801, 91.8733352 25.5785071, 91.8733473 25.5786233, 91.8733527 25.5787212, 91.8733513 25.5788386, 91.873358 25.578945, 91.8733715 25.5790345, 91.8733929 25.5791168, 91.8734077 25.5792099, 91.873401 25.5793043, 91.8733728 25.5794083, 91.8733607 25.5794736)",817.546152333035,14.68725190637426,91.871294,25.5723615,91.8733607,25.5794736,0.994462143654944,,,
81848,26014,0,344452136,trunk,,,,Shillong - Guwahati road,NH6,"LINESTRING (91.871294 25.5723615, 91.8712652 25.5723117, 91.8712223 25.5722457, 91.8711942 25.5721822, 91.8711687 25.5721211, 91.8711486 25.5720473, 91.8711355 25.5719805)",45.250043792806146,200.5690914922076,91.871294,25.5723615,91.8711355,25.5719805,0.9878933450788456,,,
97202,81228,0,160894539,trunk,,,,,NH6,"LINESTRING (91.9129729 25.5587685, 91.9129743 25.5587323, 91.9129602 25.5586917, 91.9129354 25.5586566, 91.9128911 25.5586222, 91.9128355 25.5585859, 91.9127879 25.5585532, 91.9127362 25.5585078, 91.9126926 25.5584582, 91.9126524 25.5583959, 91.9125981 25.5583106, 91.912503 25.5581407, 91.9124901 25.5581176, 91.9123869 25.5579374, 91.9123359 25.5578091, 91.9122997 25.5576797, 91.9122595 25.557549, 91.9122179 25.5574171, 91.9121803 25.5573106, 91.9121468 25.5572429, 91.9121025 25.5571643, 91.9120781 25.5571251, 91.9120489 25.5570783, 91.9119765 25.5569767, 91.9119094 25.5569053, 91.9117782 25.5567852, 91.9116922 25.5567142, 91.9115976 25.5566337, 91.9115426 25.5565938, 91.9114856 25.5565581, 91.9113904 25.556517, 91.9112436 25.5564559, 91.9110404 25.55637, 91.9108862 25.5563149, 91.9107561 25.556258, 91.9106072 25.5561891, 91.9104191 25.5560924, 91.9103538 25.5560589, 91.9102163 25.5559882, 91.9100941 25.5559362, 91.9099863 25.5558975, 91.9098642 25.5558648, 91.9097737 25.5558539, 91.9096959 25.5558558, 91.9095692 25.5558757, 91.9094498 25.5559035, 91.9093117 25.5559271, 91.9092272 25.555932, 91.9091555 25.5559247, 91.9090877 25.555912, 91.909014 25.5558866, 91.9089536 25.5558636, 91.9088624 25.5558443, 91.908778 25.5558406, 91.9086599 25.5558461, 91.9085996 25.5558464, 91.9085553 25.5558467, 91.9084742 25.555837, 91.9084085 25.5558189, 91.9083672 25.5558001, 91.9083273 25.555772, 91.9082962 25.5557381, 91.9082415 25.5556676, 91.9082026 25.555595, 91.9081356 25.5554801, 91.9080766 25.5554051, 91.907976 25.5552998, 91.9079116 25.5552248, 91.9078633 25.5551486, 91.9078511 25.5551151, 91.9078298 25.5550566, 91.907803 25.5549586, 91.9077654 25.5548582, 91.9077252 25.5547735, 91.9076581 25.5546876, 91.9075897 25.5546162, 91.9075039 25.5545436, 91.9074194 25.5544916, 91.9073292 25.5544499, 91.9072303 25.5544299, 91.9071043 25.5544105, 91.9068776 25.5543839, 91.9067234 25.5543379, 91.9066697 25.5543113, 91.9066422 25.5542708, 91.9066295 25.5542254, 91.9066335 25.5541903, 91.906655 25.554151, 91.9066925 25.5541232, 91.9067529 25.5541093, 91.9068226 25.5541111, 91.9069239 25.5541365, 91.907005 25.554157, 91.9070902 25.5541685, 91.9071934 25.5541685, 91.9073349 25.5541504, 91.9075455 25.5541129, 91.907701 25.5540838, 91.9077909 25.5540633, 91.9078512 25.5540354, 91.9078935 25.5539949, 91.9079277 25.5539544, 91.9079344 25.5539151, 91.9079284 25.5538872, 91.907915 25.5538428, 91.9078972 25.5538065, 91.9077963 25.5536858, 91.9076635 25.5535152, 91.9075334 25.5533821, 91.9074208 25.5532744, 91.9073376 25.5532139, 91.9072545 25.5531728, 91.9071592 25.5531437, 91.9070533 25.5531341, 91.9069178 25.5531437, 91.906773 25.5531655, 91.9066174 25.5531982, 91.9065195 25.5532067, 91.9064109 25.5532091, 91.9063278 25.5531933, 91.9062446 25.5531691, 91.9061521 25.5531244, 91.9060408 25.5530554, 91.9059308 25.5529695, 91.9058356 25.5528945, 91.9057189 25.5528086, 91.9056411 25.552742, 91.9055834 25.5526755, 91.9055539 25.5526114, 91.9055325 25.5525255, 91.9055191 25.5524166, 91.9055137 25.5523028, 91.9055244 25.552206, 91.9055593 25.552131, 91.905617 25.5520742, 91.9056948 25.5520439, 91.9058007 25.5520294, 91.9059522 25.5520173, 91.9060756 25.5520016, 91.9061936 25.5519749, 91.9063076 25.5519326, 91.9063868 25.5518909, 91.9064572 25.5518491, 91.9065195 25.5517983, 91.9065584 25.5517505, 91.9065769 25.5517192, 91.9065859 25.5517039, 91.906602 25.5516519, 91.9066007 25.5516156, 91.9065916 25.5515748, 91.9065571 25.551514, 91.9064753 25.5514268, 91.9064002 25.5513542, 91.9063385 25.551272, 91.9062982 25.5511873, 91.9062728 25.5510881, 91.90625 25.5509356, 91.9062473 25.5508328, 91.9062526 25.5507706, 91.9062594 25.5506912, 91.9062848 25.5505799, 91.9063264 25.5504468, 91.9063666 25.550327, 91.9064243 25.5502169, 91.9064753 25.5501407, 91.9065611 25.5500753, 91.9067019 25.5499991, 91.9067539 25.5499699, 91.9068722 25.5499035, 91.907068 25.5497861, 91.9072853 25.549647, 91.9074395 25.5495417, 91.907571 25.5494304, 91.907638 25.5493506, 91.907685 25.5492598, 91.9076943 25.5491751, 91.9076756 25.5490166, 91.9076715 25.548996, 91.9076541 25.5488811, 91.9076246 25.5487516, 91.9075951 25.5486681, 91.9075575 25.5485871, 91.9075026 25.5485242, 91.9074261 25.5484576, 91.9072786 25.5483717, 91.90717 25.5482991, 91.9070935 25.5482313, 91.9070385 25.5481612, 91.906997 25.5480849, 91.9069447 25.5479664, 91.9068977 25.5478877, 91.9068374 25.5478272, 91.9067556 25.5477715, 91.9066644 25.5477365, 91.9065236 25.5477014, 91.9063827 25.5476663, 91.906195 25.5476227, 91.9060783 25.5475901, 91.9060045 25.547561, 91.9059187 25.547509, 91.9058195 25.5474388, 91.9057243 25.5473577, 91.905621 25.5472742, 91.9055231 25.5471944, 91.9053957 25.5470927, 91.9052777 25.5470141, 91.905169 25.5469451, 91.9050644 25.5468955, 91.9049746 25.5468653, 91.9048753 25.5468447, 91.9047841 25.5468417, 91.9046856 25.5468471, 91.9044636 25.5468774, 91.9042557 25.5468979, 91.9040076 25.5469318, 91.9038494 25.5469476, 91.9037381 25.5469379, 91.9036737 25.5469137, 91.9036388 25.546881, 91.9036063 25.5468429, 91.9036033 25.5468011, 91.9036167 25.5467527, 91.9036516 25.5467062, 91.9037066 25.5466602, 91.9038145 25.5465894, 91.9039406 25.5465107, 91.9040143 25.5464551, 91.9040687 25.5463789, 91.9040915 25.5463238, 91.9040921 25.5462712, 91.9040754 25.5462107, 91.9040465 25.546149, 91.904007 25.5460872, 91.9039433 25.5460146, 91.9038521 25.5459203, 91.9034967 25.54555, 91.903376 25.5454096, 91.9032794 25.5452947, 91.9031399 25.5451326, 91.9030219 25.5450128, 91.9029307 25.5449402, 91.9028302 25.5448688, 91.9027323 25.5448046, 91.9025163 25.5446546, 91.9021824 25.5444102, 91.9020202 25.5442925, 91.9019772 25.5442613, 91.9017881 25.5441282, 91.9016325 25.5440109, 91.9015387 25.5438923, 91.901473 25.5437882, 91.9014314 25.5436842, 91.9013911 25.5435983, 91.9013603 25.5435378, 91.9013174 25.543476, 91.9012611 25.5434216, 91.9011819 25.5433696, 91.9010827 25.5433284, 91.9009902 25.5433042, 91.9008976 25.543297, 91.9008037 25.5433091, 91.9007072 25.5433333, 91.9005342 25.5433841, 91.9004215 25.5434083, 91.9003209 25.5434168, 91.9002519 25.5434101, 91.9002002 25.5433901, 91.9001567 25.5433569, 91.9001057 25.5432939, 91.9000735 25.5432371, 91.900044 25.5431711, 91.9000031 25.5430671, 91.8999749 25.5430072, 91.8999267 25.5429418, 91.899863 25.5428856, 91.8998006 25.5428396, 91.8997315 25.54279, 91.8996524 25.5427113, 91.8996269 25.5426708, 91.8996088 25.5426181, 91.8995981 25.5425661, 91.8996068 25.5424911, 91.8996343 25.5424185, 91.8996745 25.5423392, 91.8997134 25.5422642, 91.8997282 25.5421983, 91.8997242 25.5421492, 91.8997047 25.5421075, 91.8996692 25.5420712, 91.8995994 25.5420288, 91.8995109 25.5419889, 91.8993755 25.5419454, 91.8991072 25.5418691, 91.8988618 25.5418026, 91.8986016 25.5417348, 91.8984313 25.5416743, 91.8982369 25.5415969, 91.8981504 25.5415678, 91.8980947 25.5415521, 91.898033 25.5415527, 91.8979713 25.5415612, 91.8979153 25.5415881, 91.897864 25.5416247, 91.8977822 25.5416949, 91.8976998 25.5417645, 91.8976394 25.5418129, 91.8975817 25.5418449, 91.89751 25.5418715, 91.8974228 25.5418855, 91.8973202 25.5418927, 91.8971982 25.5419036, 91.8970165 25.5419199, 91.896763 25.5419417, 91.8965766 25.5419454, 91.8963902 25.5419478, 91.8961367 25.5419454, 91.8959784 25.5419369, 91.8958162 25.5419224, 91.8956794 25.5419042, 91.8955037 25.541874, 91.8951805 25.5418183, 91.8950357 25.5417844, 91.8949364 25.5417469, 91.8948559 25.5416852, 91.8948036 25.5416114, 91.8947607 25.5415315, 91.8947218 25.5414117, 91.8946964 25.5413198, 91.8946414 25.5411685, 91.8945844 25.5410566, 91.8945435 25.5410033, 91.8944965 25.5409604, 91.8944308 25.5409083, 91.8943356 25.5408599, 91.8942176 25.5408128)",2743.467654968204,223.30512481894309,91.9129729,25.5587685,91.8942176,25.5408128,0.9519029141333264,,,
97202,97209,0,160894539,trunk,,,,,NH6,"LINESTRING (91.9129729 25.5587685, 91.9129488 25.5588061, 91.9129018 25.5588333, 91.9128589 25.558843, 91.9128026 25.5588436, 91.912706 25.5588315, 91.9125518 25.5587758, 91.9124351 25.5587032)",54.43526900311442,262.3346709538679,91.9129729,25.5587685,91.9124351,25.5587032,0.9052292377539924,,,
97209,97202,0,160894539,trunk,,,,,NH6,"LINESTRING (91.9124351 25.5587032, 91.9125518 25.5587758, 91.912706 25.5588315, 91.9128026 25.5588436, 91.9128589 25.558843, 91.9129018 25.5588333, 91.9129488 25.5588061, 91.9129729 25.5587685)",54.43526900311442,82.33443892772154,91.9124351,25.5587032,91.9129729,25.5587685,0.9052292377539924,,,
97209,70146,0,"[121977696, 160894539, 122094414]",trunk,,,,"[None, 'NH6']",NH6,"LINESTRING (91.9124351 25.5587032, 91.9123453 25.5586064, 91.9122501 25.5585012, 91.9121622 25.5584201, 91.9120657 25.5583318, 91.9119879 25.5582423, 91.9119041 25.55814, 91.911835 25.5580711, 91.9117874 25.5580372, 91.9117411 25.5580227, 91.9117076 25.5580215, 91.9116694 25.5580414, 91.9116358 25.5580777, 91.9116184 25.5581207, 91.9116104 25.5581824, 91.911613 25.558258, 91.9116278 25.558437, 91.9116278 25.558581, 91.9116198 25.5587431, 91.9116023 25.5588799, 91.9115809 25.5589694, 91.9115514 25.5590408, 91.9115031 25.5590952, 91.9114427 25.5591206, 91.9113757 25.55914, 91.9112939 25.5591279, 91.9112 25.5590892, 91.9111235 25.5590456, 91.9110337 25.5590081, 91.9109452 25.5590008, 91.9108795 25.5590093, 91.9108435 25.5590274, 91.9108097 25.5590444, 91.9107507 25.5591061, 91.9107038 25.5591932, 91.9106602 25.5592997, 91.910634 25.5593644, 91.9105911 25.5594533, 91.9105536 25.5594969, 91.9105026 25.5595277, 91.910451 25.559541, 91.9103873 25.5595453, 91.9103236 25.5595368, 91.9102143 25.5595041, 91.9101419 25.5594703, 91.9100547 25.5594158, 91.9099957 25.5593578, 91.9099481 25.5592973, 91.9099025 25.5592192, 91.9098616 25.5591569, 91.909824 25.5591182, 91.9097831 25.559097, 91.9097435 25.5590855, 91.9096745 25.5590867, 91.9096228 25.5590976, 91.9095719 25.5591109, 91.9095129 25.5591315, 91.9094378 25.5591533, 91.9093707 25.5591593, 91.9092835 25.5591436, 91.9091628 25.5591013, 91.90901 25.5590335, 91.9088799 25.5589658, 91.9087847 25.5589028, 91.9086774 25.5588218, 91.9085808 25.5587431, 91.9084427 25.5586355, 91.9083007 25.5585324, 91.9082576 25.5585012, 91.9081537 25.5584395, 91.9080779 25.5584159, 91.9080115 25.558408, 91.9079652 25.5584147, 91.9079317 25.5584304, 91.9079015 25.5584564, 91.9078848 25.5584969, 91.9078727 25.5585532, 91.9078727 25.5586022, 91.9078787 25.5586506, 91.9079009 25.5587081, 91.9079424 25.5587722, 91.9079907 25.5588454, 91.9080383 25.5589143, 91.9080913 25.5589851, 91.9081543 25.5590771, 91.9081875 25.5591384, 91.9082053 25.5591714, 91.9082536 25.5593118, 91.9082958 25.5594291, 91.908324 25.5595187, 91.9083448 25.5595719, 91.9083602 25.559639, 91.9083676 25.5597122, 91.9083662 25.5597715, 91.9083575 25.5598272, 91.9083401 25.559878, 91.9083086 25.5599294, 91.9082683 25.5599839, 91.9082315 25.5600268, 91.9081644 25.5600897, 91.9081101 25.5601266, 91.9080517 25.5601544, 91.9079773 25.5601774, 91.9079223 25.5601883, 91.9078707 25.5601919, 91.9078057 25.5601901, 91.9077346 25.5601805, 91.9075649 25.5601442, 91.9074918 25.5601321, 91.907404 25.5601236, 91.907357 25.5601218, 91.9073041 25.560123, 91.907239 25.5601339, 91.9071532 25.560155, 91.9070774 25.5601726, 91.9069983 25.5601883, 91.9069326 25.5601907, 91.9068615 25.5601877, 91.9067998 25.5601841, 91.9067187 25.5601798, 91.9066389 25.5601798, 91.9065772 25.5601895, 91.9065457 25.5602155, 91.9065168 25.5602543, 91.9065014 25.560296, 91.9064934 25.5603589, 91.9064954 25.5604418, 91.9065034 25.5605162, 91.9065061 25.5606051, 91.906482 25.560668, 91.9064485 25.5607116, 91.9063901 25.5607556, 91.9063358 25.5607781, 91.9062594 25.5608108, 91.9062111 25.5608507, 91.9061561 25.560916, 91.9060904 25.5610153, 91.9060354 25.5610842, 91.9059603 25.561158, 91.9058758 25.561204, 91.9057927 25.56125, 91.9057283 25.5613008, 91.905676 25.5613734, 91.9056398 25.5614532, 91.905617 25.5615355, 91.9055834 25.5616105, 91.9055164 25.5616928, 91.905493 25.5617213, 91.9053984 25.5618367, 91.9052804 25.561971, 91.9051798 25.5620968, 91.9050336 25.5622481, 91.9049541 25.5623457, 91.9049129 25.5624187, 91.904874 25.5624973, 91.9048378 25.5625965, 91.9048016 25.5626993, 91.904764 25.5628143, 91.9047144 25.5629413, 91.9046514 25.5630296, 91.9045535 25.5631325, 91.9044261 25.5632474, 91.9042651 25.563401, 91.9041739 25.5634869, 91.9040881 25.5635716, 91.9040023 25.5636382, 91.903893 25.5637102, 91.9037126 25.5638221, 91.9035973 25.5638983, 91.9034672 25.5639854, 91.9033277 25.5640918, 91.9031624 25.5642185, 91.9030063 25.5643254, 91.9029103 25.564379, 91.9028749 25.5643967, 91.902832 25.5644088, 91.9027915 25.5644204, 91.9026882 25.5644379, 91.9024298 25.5644899, 91.9022541 25.5645177, 91.9020798 25.5645455, 91.901937 25.5645715, 91.9016688 25.5646169, 91.9015239 25.564649, 91.9013979 25.5646786, 91.9012986 25.5647046, 91.9012336 25.5647318, 91.9011618 25.5647633, 91.9010612 25.5648202, 91.9009218 25.564929, 91.9007193 25.5650815, 91.9005033 25.5652448, 91.9003116 25.5653876, 91.900105 25.5655351, 91.8999588 25.5656477, 91.8997818 25.5657819, 91.8996788 25.565875, 91.8996543 25.5659074)",1511.7466896296294,302.0013239486573,91.9124351,25.5587032,91.8996543,25.5659074,0.9282931097336936,,,
167961,659531,0,387479829,trunk,,,,,NH6,"LINESTRING (91.8684692 26.045763, 91.8687554 26.0462875, 91.8688801 26.0464959, 91.8690772 26.0468694, 91.8692543 26.0472104, 91.8693884 26.0474189, 91.8695064 26.0475972, 91.8696137 26.0477129)",245.1196946567374,27.80422136906255,91.8684692,26.045763,91.8696137,26.0477129,0.9766978221605178,,,
346629,1759254,0,"[835741386, 362844965]",trunk,,,,,NH6,"LINESTRING (91.8821189 25.5681833, 91.8823143 25.5681954, 91.8827114 25.5682446, 91.8831211 25.5683148)",101.58449637346368,81.723835748143,91.8821189,25.5681833,91.8831211,25.5683148,0.9054060138758868,,,
346886,72664,0,278789303,trunk,,,,,NH6,"LINESTRING (91.8856774 25.5657771, 91.8857512 25.5657553, 91.8858223 25.5657396, 91.8859168 25.5657305, 91.8860201 25.5657299, 91.8861307 25.5657469, 91.8863212 25.565788, 91.8866122 25.5658703, 91.8869501 25.5659634, 91.8871258 25.5660106, 91.8873216 25.5660638, 91.8875067 25.5661267, 91.8876958 25.5662114, 91.8878091 25.5662592, 91.8878802 25.5662937, 91.8879533 25.5663209, 91.8880451 25.5663463, 91.888139 25.5663626, 91.8882651 25.5663814, 91.8884803 25.5664147, 91.8888156 25.5664812, 91.8891133 25.5665526, 91.8892622 25.5665937, 91.8894217 25.566636, 91.889519 25.5666627, 91.8896109 25.5666838, 91.8897195 25.5667068, 91.8899281 25.5667389, 91.8900246 25.5667474, 91.890146 25.5667583, 91.8902425 25.5667752, 91.8904008 25.5668079)",487.46016359463505,76.39928562339055,91.8856774,25.5657771,91.8904008,25.5668079,0.9083608320783728,,,
346886,346913,0,278789303,trunk,,,,,NH6,"LINESTRING (91.8856774 25.5657771, 91.8855835 25.5658146, 91.8854105 25.56589, 91.885027 25.5660814, 91.8849231 25.566137, 91.884848 25.5661648, 91.8847796 25.5661751, 91.8846931 25.5661751, 91.8845831 25.5661582, 91.8845026 25.5661346, 91.8844222 25.5661062, 91.8843491 25.5660711, 91.8842243 25.5660064, 91.8841439 25.5659761, 91.8840761 25.5659622, 91.8839997 25.5659574, 91.8839058 25.5659598, 91.8838119 25.5659779, 91.88371 25.5660106, 91.8836302 25.5660481, 91.8835735 25.5660913, 91.8835206 25.566151, 91.8834709 25.5662401, 91.8833721 25.566428, 91.8833251 25.5665054, 91.8832784 25.5665912, 91.883136 25.5667691, 91.8830664 25.5668634)",288.41590117184165,294.75999057562865,91.8856774,25.5657771,91.8830664,25.5668634,0.9188035462595524,,,
346913,1759232,0,833733745,trunk,,,,,NH6,"LINESTRING (91.8830664 25.5668634, 91.8829312 25.5669775)",18.57104672313941,313.0926346688286,91.8830664,25.5668634,91.8829312,25.5669775,0.9457060153387632,,,
346913,346886,0,278789303,trunk,,,,,NH6,"LINESTRING (91.8830664 25.5668634, 91.883136 25.5667691, 91.8832784 25.5665912, 91.8833251 25.5665054, 91.8833721 25.566428, 91.8834709 25.5662401, 91.8835206 25.566151, 91.8835735 25.5660913, 91.8836302 25.5660481, 91.88371 25.5660106, 91.8838119 25.5659779, 91.8839058 25.5659598, 91.8839997 25.5659574, 91.8840761 25.5659622, 91.8841439 25.5659761, 91.8842243 25.5660064, 91.8843491 25.5660711, 91.8844222 25.5661062, 91.8845026 25.5661346, 91.8845831 25.5661582, 91.8846931 25.5661751, 91.8847796 25.5661751, 91.884848 25.5661648, 91.8849231 25.566137, 91.885027 25.5660814, 91.8854105 25.56589, 91.8855835 25.5658146, 91.8856774 25.5657771)",288.41590117184165,114.7588637840225,91.8830664,25.5668634,91.8856774,25.5657771,0.9188035462595524,,,
347262,767964,0,461660936,trunk,,,,,NH6,"LINESTRING (91.87795 25.5707263, 91.8778387 25.5709247, 91.8777287 25.5710844, 91.8775637 25.5712912, 91.8774202 25.5714618, 91.8772741 25.5716094, 91.8771628 25.5716868, 91.8770447 25.5717497, 91.8768669 25.5718318)",164.05241139331054,318.5309047949072,91.87795,25.5707263,91.8768669,25.5718318,0.9549606954286826,,,
347262,767987,0,461660936,trunk,,,,,NH6,"LINESTRING (91.87795 25.5707263, 91.8780613 25.5704493, 91.8781337 25.5702787, 91.8781994 25.5701359, 91.8782732 25.5699932)",87.72677567690936,158.31284832742008,91.87795,25.5707263,91.8782732,25.5699932,0.9864556880993488,,,
351530,351576,0,284469001,trunk,,,asphalt,,NH6,"LINESTRING (91.8967248 25.526635, 91.8969132 25.5267257, 91.8970419 25.5267754, 91.8971492 25.5268068, 91.8972605 25.5268286, 91.8973812 25.5268347, 91.8974859 25.5268201, 91.8975878 25.5267802, 91.8976709 25.526733, 91.8977521 25.5266713, 91.8978017 25.5266168, 91.8978412 25.5265648, 91.8978821 25.5264855, 91.8979163 25.5264026, 91.8979552 25.5262647, 91.8979955 25.5261473, 91.8980384 25.5260468, 91.8981054 25.5258992, 91.8981859 25.5257406, 91.8982318 25.5256503, 91.8983039 25.5255083, 91.8983696 25.5253522, 91.898389 25.5253109, 91.8984367 25.5252094, 91.8984903 25.5251355, 91.8985668 25.5250762, 91.8986446 25.5250532, 91.8987398 25.525052, 91.8988417 25.5250678, 91.898953 25.5251089, 91.8991958 25.525219, 91.899413 25.5252977, 91.8996806 25.5253946, 91.899991 25.5255034, 91.9001654 25.5255664, 91.9002047 25.5255787, 91.9003196 25.5256148, 91.9004644 25.5256487, 91.9006683 25.5256789, 91.9009097 25.525714, 91.9012517 25.5257552, 91.901365 25.5257724, 91.9016191 25.5258108, 91.9021113 25.5258871, 91.9023313 25.5259331, 91.9024372 25.5259452, 91.9025216 25.5259508)",586.6115427489483,97.45062947645148,91.8967248,25.526635,91.9025216,25.5259508,0.9053886765605932,,,
351530,1965762,0,1037911509,trunk,,,,,NH6,"LINESTRING (91.8967248 25.526635, 91.8966678 25.5265527, 91.8964398 25.5264317, 91.896008 25.5262066, 91.8957022 25.5260589, 91.8955439 25.5259936, 91.8954152 25.5259597, 91.8951711 25.5259548, 91.8949565 25.5259548, 91.8947004 25.5259669, 91.8945394 25.5259778, 91.8943866 25.5259887, 91.8942431 25.5259948, 91.8940821 25.5259863, 91.8939266 25.5259524, 91.8937737 25.5259064, 91.8935417 25.5258084, 91.893256 25.5256838, 91.8928188 25.5254732, 91.8923025 25.5252457, 91.8919377 25.5251089, 91.8917352 25.5250448, 91.8915247 25.5249842, 91.8913718 25.5249867)",567.5376468744232,251.16009635348024,91.8967248,25.526635,91.8913718,25.5249867,0.912859713255164,,,
351576,351530,0,284469001,trunk,,,asphalt,,NH6,"LINESTRING (91.9025216 25.5259508, 91.9024372 25.5259452, 91.9023313 25.5259331, 91.9021113 25.5258871, 91.9016191 25.5258108, 91.901365 25.5257724, 91.9012517 25.5257552, 91.9009097 25.525714, 91.9006683 25.5256789, 91.9004644 25.5256487, 91.9003196 25.5256148, 91.9002047 25.5255787, 91.9001654 25.5255664, 91.899991 25.5255034, 91.8996806 25.5253946, 91.899413 25.5252977, 91.8991958 25.525219, 91.898953 25.5251089, 91.8988417 25.5250678, 91.8987398 25.525052, 91.8986446 25.5250532, 91.8985668 25.5250762, 91.8984903 25.5251355, 91.8984367 25.5252094, 91.898389 25.5253109, 91.8983696 25.5253522, 91.8983039 25.5255083, 91.8982318 25.5256503, 91.8981859 25.5257406, 91.8981054 25.5258992, 91.8980384 25.5260468, 91.8979955 25.5261473, 91.8979552 25.5262647, 91.8979163 25.5264026, 91.8978821 25.5264855, 91.8978412 25.5265648, 91.8978017 25.5266168, 91.8977521 25.5266713, 91.8976709 25.526733, 91.8975878 25.5267802, 91.8974859 25.5268201, 91.8973812 25.5268347, 91.8972605 25.5268286, 91.8971492 25.5268068, 91.8970419 25.5267754, 91.8969132 25.5267257, 91.8967248 25.526635)",586.6115427489483,277.45312746395825,91.9025216,25.5259508,91.8967248,25.526635,0.9053886765605932,,,
351576,351680,0,284469001,trunk,,,asphalt,,NH6,"LINESTRING (91.9025216 25.5259508, 91.9026665 25.5259343, 91.902806 25.5258931, 91.9029897 25.5258266, 91.9031386 25.5257818, 91.9032888 25.5257479, 91.9034511 25.5257249, 91.9035946 25.5257261, 91.9037783 25.5257419, 91.9039366 25.5257757, 91.9041149 25.5258278, 91.9042784 25.5258821, 91.9043228 25.5258968, 91.9043934 25.5259204, 91.9045293 25.5259657, 91.9047868 25.5260432, 91.9049598 25.5260855, 91.90511 25.5261219, 91.9051415 25.526127, 91.9052736 25.5261485, 91.9054306 25.526163, 91.9056116 25.5261557, 91.9057618 25.5261388, 91.9059097 25.5261066, 91.9059509 25.5260976, 91.906191 25.5260359, 91.9064511 25.5259597, 91.9066188 25.5259185, 91.9067395 25.525904, 91.9068575 25.5259004, 91.9070104 25.5259113, 91.9071901 25.5259234, 91.9073805 25.5259294, 91.9076125 25.5259319, 91.9077728 25.5259364, 91.9079089 25.5259403, 91.9083394 25.5259464, 91.90855 25.5259645, 91.9086492 25.5259875, 91.9087484 25.5260262, 91.9088624 25.5260819, 91.908967 25.5261448, 91.9091186 25.526278, 91.9092366 25.5263978, 91.9093613 25.5265309, 91.9094413 25.5266138, 91.9094793 25.5266531, 91.9095131 25.5266883, 91.9096014 25.5267802, 91.909702 25.5268661, 91.9098254 25.5269545, 91.9099662 25.5270234, 91.9101258 25.5270658, 91.9102706 25.5270924, 91.9103146 25.5270943, 91.9104651 25.5271009, 91.9106837 25.5270876, 91.910913 25.5270658, 91.9111329 25.5270501, 91.9113381 25.5270452, 91.9114883 25.5270573, 91.9117592 25.5271178, 91.911947 25.5271747, 91.9121361 25.5272364, 91.912289 25.5272945, 91.9123383 25.5273092, 91.9124673 25.5273478, 91.9126149 25.5273768, 91.9127181 25.5273853, 91.9128267 25.5273841, 91.9129609 25.5273611, 91.9130976 25.5273139, 91.9132103 25.5272558, 91.9133176 25.5271723, 91.9133994 25.5270815, 91.9134745 25.5269726, 91.9135281 25.526848, 91.9135858 25.5266447, 91.9136153 25.5265152, 91.9136649 25.5264002, 91.9137508 25.5263131, 91.9138741 25.5262211, 91.9140016 25.5261497, 91.9141182 25.5260892, 91.9143435 25.5259875, 91.9145581 25.5259004, 91.914702 25.5258421, 91.9147432 25.5258254, 91.9148505 25.5257927, 91.9149484 25.5257842, 91.915053 25.5257915, 91.9151469 25.5258302, 91.9152246 25.5258871, 91.91534 25.5259936, 91.9154808 25.5261896, 91.915572 25.5263312, 91.9156364 25.5264716, 91.9156766 25.5266144, 91.915694 25.5267681, 91.9157074 25.526975, 91.9157074 25.527182, 91.915686 25.5274216, 91.9156726 25.5277193, 91.915694 25.5278936, 91.9157059 25.5279497)",1341.4615104157915,80.45979151407914,91.9025216,25.5259508,91.9157059,25.5279497,0.9062818121327526,,,
351680,351576,0,284469001,trunk,,,asphalt,,NH6,"LINESTRING (91.9157059 25.5279497, 91.915694 25.5278936, 91.9156726 25.5277193, 91.915686 25.5274216, 91.9157074 25.527182, 91.9157074 25.526975, 91.915694 25.5267681, 91.9156766 25.5266144, 91.9156364 25.5264716, 91.915572 25.5263312, 91.9154808 25.5261896, 91.91534 25.5259936, 91.9152246 25.5258871, 91.9151469 25.5258302, 91.915053 25.5257915, 91.9149484 25.5257842, 91.9148505 25.5257927, 91.9147432 25.5258254, 91.914702 25.5258421, 91.9145581 25.5259004, 91.9143435 25.5259875, 91.9141182 25.5260892, 91.9140016 25.5261497, 91.9138741 25.5262211, 91.9137508 25.5263131, 91.9136649 25.5264002, 91.9136153 25.5265152, 91.9135858 25.5266447, 91.9135281 25.526848, 91.9134745 25.5269726, 91.9133994 25.5270815, 91.9133176 25.5271723, 91.9132103 25.5272558, 91.9130976 25.5273139, 91.9129609 25.5273611, 91.9128267 25.5273841, 91.9127181 25.5273853, 91.9126149 25.5273768, 91.9124673 25.5273478, 91.9123383 25.5273092, 91.912289 25.5272945, 91.9121361 25.5272364, 91.911947 25.5271747, 91.9117592 25.5271178, 91.9114883 25.5270573, 91.9113381 25.5270452, 91.9111329 25.5270501, 91.910913 25.5270658, 91.9106837 25.5270876, 91.9104651 25.5271009, 91.9103146 25.5270943, 91.9102706 25.5270924, 91.9101258 25.5270658, 91.9099662 25.5270234, 91.9098254 25.5269545, 91.909702 25.5268661, 91.9096014 25.5267802, 91.9095131 25.5266883, 91.9094793 25.5266531, 91.9094413 25.5266138, 91.9093613 25.5265309, 91.9092366 25.5263978, 91.9091186 25.526278, 91.908967 25.5261448, 91.9088624 25.5260819, 91.9087484 25.5260262, 91.9086492 25.5259875, 91.90855 25.5259645, 91.9083394 25.5259464, 91.9079089 25.5259403, 91.9077728 25.5259364, 91.9076125 25.5259319, 91.9073805 25.5259294, 91.9071901 25.5259234, 91.9070104 25.5259113, 91.9068575 25.5259004, 91.9067395 25.525904, 91.9066188 25.5259185, 91.9064511 25.5259597, 91.906191 25.5260359, 91.9059509 25.5260976, 91.9059097 25.5261066, 91.9057618 25.5261388, 91.9056116 25.5261557, 91.9054306 25.526163, 91.9052736 25.5261485, 91.9051415 25.526127, 91.90511 25.5261219, 91.9049598 25.5260855, 91.9047868 25.5260432, 91.9045293 25.5259657, 91.9043934 25.5259204, 91.9043228 25.5258968, 91.9042784 25.5258821, 91.9041149 25.5258278, 91.9039366 25.5257757, 91.9037783 25.5257419, 91.9035946 25.5257261, 91.9034511 25.5257249, 91.9032888 25.5257479, 91.9031386 25.5257818, 91.9029897 25.5258266, 91.902806 25.5258931, 91.9026665 25.5259343, 91.9025216 25.5259508)",1341.4615104157915,260.46547309832425,91.9157059,25.5279497,91.9025216,25.5259508,0.9062818121327526,,,
351680,351831,0,284469001,trunk,,,asphalt,,NH6,"LINESTRING (91.9157059 25.5279497, 91.9157168 25.5280013, 91.9157664 25.5281199, 91.9158362 25.5282469, 91.9159314 25.5283655, 91.9160347 25.5284563, 91.9162023 25.5285725, 91.9162772 25.5286233, 91.9164665 25.5287516, 91.9166704 25.5289125, 91.9168742 25.5290372, 91.9170351 25.5291195, 91.917188 25.5291945, 91.9173919 25.5292913, 91.917589 25.5293918, 91.9176251 25.5294124, 91.9177694 25.5294946, 91.9180047 25.5296495, 91.9181187 25.5297379, 91.9182113 25.5297984, 91.9183199 25.5298553, 91.9185063 25.5299351, 91.9186525 25.5299968, 91.9187437 25.5300271, 91.918851 25.5300489, 91.9189972 25.5300586, 91.9191782 25.5300574, 91.9193526 25.5300404, 91.9193811 25.5300338, 91.9194441 25.5300191, 91.9194826 25.5300102, 91.9196087 25.5299702, 91.9197656 25.5298819, 91.919885 25.5297996, 91.9200466 25.5296702, 91.9201478 25.5296156, 91.9202618 25.5295684, 91.9203825 25.5295406, 91.9204992 25.5295346, 91.9206239 25.529543, 91.9207741 25.5295793, 91.9209284 25.5296314, 91.9210625 25.5296701, 91.9211791 25.5296798, 91.9212958 25.5296713, 91.9214769 25.5296326, 91.921607 25.5295878, 91.9217518 25.5295491, 91.921851 25.5295273, 91.9219784 25.5295213, 91.9221072 25.529543, 91.9222373 25.5295866, 91.9223942 25.5296507, 91.9225055 25.5297088, 91.9226061 25.5297742, 91.9226906 25.5298492, 91.9227442 25.529917, 91.9228019 25.5300198, 91.9228381 25.5301203, 91.9228649 25.5302643, 91.9228795 25.5303285, 91.9228958 25.5303998, 91.9229387 25.5305112, 91.9229709 25.5305741, 91.9230178 25.5306322, 91.9230835 25.5306939, 91.923172 25.5307532, 91.9232753 25.5307943, 91.9234604 25.5308391, 91.9236387 25.5308597, 91.9238258 25.5308724, 91.9240411 25.5309008, 91.9242033 25.5309275, 91.9243167 25.5309583, 91.9244146 25.5309958, 91.9245064 25.5310418, 91.9246043 25.5311211, 91.9246982 25.5312578, 91.9248511 25.5314902, 91.9249691 25.5316717, 91.9250858 25.5318339, 91.9251515 25.5319246, 91.9252145 25.5319863, 91.9252963 25.5320335, 91.9253862 25.5320553, 91.9254707 25.5320505, 91.9255404 25.5320154, 91.9256048 25.5319512, 91.925649 25.5318835, 91.9257174 25.5317261, 91.9258019 25.5315265, 91.925873 25.5313885, 91.9259642 25.5312602, 91.926042 25.5311731, 91.9261037 25.5311102, 91.9261989 25.5310085, 91.9262499 25.5309347, 91.9262843 25.5308696, 91.9263062 25.5308282, 91.9263558 25.5306939, 91.926396 25.530585, 91.9264309 25.5304482, 91.9264711 25.5303345, 91.9265221 25.5302401, 91.9265798 25.5301469, 91.9266401 25.5300428, 91.9266857 25.5299581, 91.926726 25.5298528, 91.9267608 25.5297512, 91.9268024 25.5296483, 91.9268654 25.5295297, 91.9269432 25.5294087, 91.9270277 25.5293083, 91.9271363 25.5291885, 91.9272731 25.5290372, 91.9273087 25.5289911, 91.9273898 25.5288859, 91.9274944 25.5287056, 91.9275347 25.5286212, 91.927595 25.528495, 91.9276983 25.5283014, 91.9278176 25.5281041, 91.9278765 25.5280273, 91.9279303 25.5279843, 91.9279926 25.5279474, 91.9280516 25.5279275, 91.9281401 25.5279063, 91.9282535 25.5278821, 91.9283306 25.5278561, 91.9283795 25.5278276, 91.9284131 25.5277859, 91.9284412 25.5277326, 91.928462 25.5276642, 91.9284721 25.5275729, 91.9284721 25.5275152, 91.9284721 25.5274724, 91.9284452 25.5273042, 91.928433 25.5272092, 91.9284211 25.5271166, 91.9284104 25.5269859, 91.9284125 25.5269348, 91.9284157 25.5268589, 91.9284305 25.526733, 91.9284546 25.5265914, 91.9284815 25.5264256, 91.9285002 25.526307, 91.9285217 25.5262029, 91.9285539 25.5261061, 91.9286048 25.526019, 91.9286665 25.525944, 91.9287119 25.5259121, 91.9287631 25.5258762)",1330.2991669969997,99.9778994355532,91.9157059,25.5279497,91.9287631,25.5258762,0.9065008289856274,,,
351831,351680,0,284469001,trunk,,,asphalt,,NH6,"LINESTRING (91.9287631 25.5258762, 91.9287119 25.5259121, 91.9286665 25.525944, 91.9286048 25.526019, 91.9285539 25.5261061, 91.9285217 25.5262029, 91.9285002 25.526307, 91.9284815 25.5264256, 91.9284546 25.5265914, 91.9284305 25.526733, 91.9284157 25.5268589, 91.9284125 25.5269348, 91.9284104 25.5269859, 91.9284211 25.5271166, 91.928433 25.5272092, 91.9284452 25.5273042, 91.9284721 25.5274724, 91.9284721 25.5275152, 91.9284721 25.5275729, 91.928462 25.5276642, 91.9284412 25.5277326, 91.9284131 25.5277859, 91.9283795 25.5278276, 91.9283306 25.5278561, 91.9282535 25.5278821, 91.9281401 25.5279063, 91.9280516 25.5279275, 91.9279926 25.5279474, 91.9279303 25.5279843, 91.9278765 25.5280273, 91.9278176 25.5281041, 91.9276983 25.5283014, 91.927595 25.528495, 91.9275347 25.5286212, 91.9274944 25.5287056, 91.9273898 25.5288859, 91.9273087 25.5289911, 91.9272731 25.5290372, 91.9271363 25.5291885, 91.9270277 25.5293083, 91.9269432 25.5294087, 91.9268654 25.5295297, 91.9268024 25.5296483, 91.9267608 25.5297512, 91.926726 25.5298528, 91.9266857 25.5299581, 91.9266401 25.5300428, 91.9265798 25.5301469, 91.9265221 25.5302401, 91.9264711 25.5303345, 91.9264309 25.5304482, 91.926396 25.530585, 91.9263558 25.5306939, 91.9263062 25.5308282, 91.9262843 25.5308696, 91.9262499 25.5309347, 91.9261989 25.5310085, 91.9261037 25.5311102, 91.926042 25.5311731, 91.9259642 25.5312602, 91.925873 25.5313885, 91.9258019 25.5315265, 91.9257174 25.5317261, 91.925649 25.5318835, 91.9256048 25.5319512, 91.9255404 25.5320154, 91.9254707 25.5320505, 91.9253862 25.5320553, 91.9252963 25.5320335, 91.9252145 25.5319863, 91.9251515 25.5319246, 91.9250858 25.5318339, 91.9249691 25.5316717, 91.9248511 25.5314902, 91.9246982 25.5312578, 91.9246043 25.5311211, 91.9245064 25.5310418, 91.9244146 25.5309958, 91.9243167 25.5309583, 91.9242033 25.5309275, 91.9240411 25.5309008, 91.9238258 25.5308724, 91.9236387 25.5308597, 91.9234604 25.5308391, 91.9232753 25.5307943, 91.923172 25.5307532, 91.9230835 25.5306939, 91.9230178 25.5306322, 91.9229709 25.5305741, 91.9229387 25.5305112, 91.9228958 25.5303998, 91.9228795 25.5303285, 91.9228649 25.5302643, 91.9228381 25.5301203, 91.9228019 25.5300198, 91.9227442 25.529917, 91.9226906 25.5298492, 91.9226061 25.5297742, 91.9225055 25.5297088, 91.9223942 25.5296507, 91.9222373 25.5295866, 91.9221072 25.529543, 91.9219784 25.5295213, 91.921851 25.5295273, 91.9217518 25.5295491, 91.921607 25.5295878, 91.9214769 25.5296326, 91.9212958 25.5296713, 91.9211791 25.5296798, 91.9210625 25.5296701, 91.9209284 25.5296314, 91.9207741 25.5295793, 91.9206239 25.529543, 91.9204992 25.5295346, 91.9203825 25.5295406, 91.9202618 25.5295684, 91.9201478 25.5296156, 91.9200466 25.5296702, 91.919885 25.5297996, 91.9197656 25.5298819, 91.9196087 25.5299702, 91.9194826 25.5300102, 91.9194441 25.5300191, 91.9193811 25.5300338, 91.9193526 25.5300404, 91.9191782 25.5300574, 91.9189972 25.5300586, 91.918851 25.5300489, 91.9187437 25.5300271, 91.9186525 25.5299968, 91.9185063 25.5299351, 91.9183199 25.5298553, 91.9182113 25.5297984, 91.9181187 25.5297379, 91.9180047 25.5296495, 91.9177694 25.5294946, 91.9176251 25.5294124, 91.917589 25.5293918, 91.9173919 25.5292913, 91.917188 25.5291945, 91.9170351 25.5291195, 91.9168742 25.5290372, 91.9166704 25.5289125, 91.9164665 25.5287516, 91.9162772 25.5286233, 91.9162023 25.5285725, 91.9160347 25.5284563, 91.9159314 25.5283655, 91.9158362 25.5282469, 91.9157664 25.5281199, 91.9157168 25.5280013, 91.9157059 25.5279497)",1330.2991669969997,279.98352624021913,91.9287631,25.5258762,91.9157059,25.5279497,0.9065008289856274,,,
351831,351967,0,284469001,trunk,,,asphalt,,NH6,"LINESTRING (91.9287631 25.5258762, 91.9289213 25.5257878, 91.9290943 25.5256995, 91.9293062 25.5255978, 91.9294578 25.525541, 91.9296254 25.525495, 91.9297756 25.5254708, 91.9298863 25.5254714, 91.930005 25.5254871, 91.9301485 25.5255143, 91.9302933 25.5255422, 91.9303599 25.525551, 91.9304301 25.5255603, 91.9305508 25.5255603, 91.9307077 25.5255325, 91.9308552 25.5254889, 91.9310457 25.525426, 91.9313729 25.5252989, 91.9315818 25.5251907, 91.9317068 25.5251259, 91.9319093 25.525029, 91.9320582 25.5249794, 91.9322272 25.5249298, 91.9323908 25.5248959, 91.9325732 25.5248911, 91.9327193 25.5248935, 91.9328964 25.5249213, 91.9330452 25.5249613, 91.9332035 25.5250169, 91.9333416 25.5250896, 91.9335039 25.5251888, 91.933693 25.5253122, 91.9338378 25.5253969, 91.9340041 25.5254841, 91.9341248 25.5255361, 91.9342442 25.5255857, 91.9343877 25.5256475, 91.9344708 25.5256959, 91.9345473 25.5257491, 91.9346358 25.5258229, 91.9346988 25.5259004, 91.934782 25.5260069, 91.934845 25.5261037, 91.9349214 25.5262344, 91.9350287 25.5264002, 91.9351253 25.5265382, 91.9352353 25.5266785, 91.9354056 25.5269061, 91.9355759 25.5271372, 91.9357194 25.527332, 91.935883 25.5275475, 91.935946 25.5276503, 91.9359836 25.5277326, 91.9360185 25.5278427, 91.9360614 25.5279432, 91.9361164 25.5280448, 91.9361888 25.5281453, 91.9362988 25.5282518, 91.936394 25.528322, 91.9364879 25.5283764, 91.9366018 25.5284212, 91.9367038 25.5284454, 91.9368178 25.5284454, 91.936917 25.5284212, 91.937023 25.5283716, 91.9371101 25.528299, 91.9371866 25.5281937, 91.9372657 25.5280715, 91.9373542 25.5279892, 91.9374427 25.5279432, 91.937546 25.5279262, 91.9376425 25.5279529, 91.9377378 25.5279989, 91.9378276 25.5280666, 91.9379805 25.5282312, 91.9380918 25.528374, 91.938187 25.5285241, 91.9382501 25.5286366, 91.9383064 25.5287431, 91.9384016 25.5289089, 91.9384482 25.5289791, 91.9384988 25.529019, 91.9385357 25.5290402, 91.9385692 25.5290511, 91.9386095 25.5290511, 91.9386457 25.5290432, 91.9386933 25.5290172, 91.9387282 25.528973, 91.9387557 25.528921, 91.9387704 25.5288684, 91.9387785 25.5288024, 91.9387798 25.5286657, 91.9387704 25.5285023, 91.9387637 25.5283546, 91.9387677 25.5282639, 91.9387999 25.528201, 91.9388576 25.5281477, 91.93893 25.5281259, 91.9390199 25.5281308, 91.9391057 25.5281683, 91.9392277 25.5282506, 91.939567 25.5285011, 91.9398151 25.528679, 91.9399439 25.5287697, 91.9400431 25.5288351, 91.9401866 25.5289174, 91.9403864 25.529013, 91.9405863 25.5290868, 91.9409738 25.5292296, 91.9411951 25.5293143, 91.9413735 25.5293833, 91.9415197 25.5294499, 91.9416524 25.52952, 91.9417624 25.5295854, 91.9418804 25.5296762, 91.9419703 25.5297669, 91.9420347 25.529848, 91.9420722 25.5299254, 91.942095 25.5300198, 91.9421071 25.5301336, 91.9421111 25.5303127, 91.9421044 25.5305148, 91.9420803 25.5308343, 91.9420736 25.5310666, 91.942087 25.5312191, 91.9421205 25.5313909, 91.9421782 25.531593, 91.9422358 25.5317963, 91.9423042 25.5320311, 91.9423579 25.5322465, 91.9424222 25.5324704, 91.942488 25.5326604, 91.9425376 25.5327874, 91.9426207 25.5329314, 91.9427548 25.5331311, 91.9428863 25.5333223, 91.9430888 25.5336285)",1676.0772996979165,59.045793527014915,91.9287631,25.5258762,91.9430888,25.5336285,0.92700682529642,,,
351967,351831,0,284469001,trunk,,,asphalt,,NH6,"LINESTRING (91.9430888 25.5336285, 91.9428863 25.5333223, 91.9427548 25.5331311, 91.9426207 25.5329314, 91.9425376 25.5327874, 91.942488 25.5326604, 91.9424222 25.5324704, 91.9423579 25.5322465, 91.9423042 25.5320311, 91.9422358 25.5317963, 91.9421782 25.531593, 91.9421205 25.5313909, 91.942087 25.5312191, 91.9420736 25.5310666, 91.9420803 25.5308343, 91.9421044 25.5305148, 91.9421111 25.5303127, 91.9421071 25.5301336, 91.942095 25.5300198, 91.9420722 25.5299254, 91.9420347 25.529848, 91.9419703 25.5297669, 91.9418804 25.5296762, 91.9417624 25.5295854, 91.9416524 25.52952, 91.9415197 25.5294499, 91.9413735 25.5293833, 91.9411951 25.5293143, 91.9409738 25.5292296, 91.9405863 25.5290868, 91.9403864 25.529013, 91.9401866 25.5289174, 91.9400431 25.5288351, 91.9399439 25.5287697, 91.9398151 25.528679, 91.939567 25.5285011, 91.9392277 25.5282506, 91.9391057 25.5281683, 91.9390199 25.5281308, 91.93893 25.5281259, 91.9388576 25.5281477, 91.9387999 25.528201, 91.9387677 25.5282639, 91.9387637 25.5283546, 91.9387704 25.5285023, 91.9387798 25.5286657, 91.9387785 25.5288024, 91.9387704 25.5288684, 91.9387557 25.528921, 91.9387282 25.528973, 91.9386933 25.5290172, 91.9386457 25.5290432, 91.9386095 25.5290511, 91.9385692 25.5290511, 91.9385357 25.5290402, 91.9384988 25.529019, 91.9384482 25.5289791, 91.9384016 25.5289089, 91.9383064 25.5287431, 91.9382501 25.5286366, 91.938187 25.5285241, 91.9380918 25.528374, 91.9379805 25.5282312, 91.9378276 25.5280666, 91.9377378 25.5279989, 91.9376425 25.5279529, 91.937546 25.5279262, 91.9374427 25.5279432, 91.9373542 25.5279892, 91.9372657 25.5280715, 91.9371866 25.5281937, 91.9371101 25.528299, 91.937023 25.5283716, 91.936917 25.5284212, 91.9368178 25.5284454, 91.9367038 25.5284454, 91.9366018 25.5284212, 91.9364879 25.5283764, 91.936394 25.528322, 91.9362988 25.5282518, 91.9361888 25.5281453, 91.9361164 25.5280448, 91.9360614 25.5279432, 91.9360185 25.5278427, 91.9359836 25.5277326, 91.935946 25.5276503, 91.935883 25.5275475, 91.9357194 25.527332, 91.9355759 25.5271372, 91.9354056 25.5269061, 91.9352353 25.5266785, 91.9351253 25.5265382, 91.9350287 25.5264002, 91.9349214 25.5262344, 91.934845 25.5261037, 91.934782 25.5260069, 91.9346988 25.5259004, 91.9346358 25.5258229, 91.9345473 25.5257491, 91.9344708 25.5256959, 91.9343877 25.5256475, 91.9342442 25.5255857, 91.9341248 25.5255361, 91.9340041 25.5254841, 91.9338378 25.5253969, 91.933693 25.5253122, 91.9335039 25.5251888, 91.9333416 25.5250896, 91.9332035 25.5250169, 91.9330452 25.5249613, 91.9328964 25.5249213, 91.9327193 25.5248935, 91.9325732 25.5248911, 91.9323908 25.5248959, 91.9322272 25.5249298, 91.9320582 25.5249794, 91.9319093 25.525029, 91.9317068 25.5251259, 91.9315818 25.5251907, 91.9313729 25.5252989, 91.9310457 25.525426, 91.9308552 25.5254889, 91.9307077 25.5255325, 91.9305508 25.5255603, 91.9304301 25.5255603, 91.9303599 25.525551, 91.9302933 25.5255422, 91.9301485 25.5255143, 91.930005 25.5254871, 91.9298863 25.5254714, 91.9297756 25.5254708, 91.9296254 25.525495, 91.9294578 25.525541, 91.9293062 25.5255978, 91.9290943 25.5256995, 91.9289213 25.5257878, 91.9287631 25.5258762)",1676.0772996979165,239.05196761337032,91.9430888,25.5336285,91.9287631,25.5258762,0.92700682529642,,,
351967,352009,0,284469001,trunk,,,asphalt,,NH6,"LINESTRING (91.9430888 25.5336285, 91.9432014 25.5337943, 91.9433033 25.5339455, 91.9434147 25.534098, 91.9435179 25.5342239, 91.9436534 25.53438, 91.943758 25.5345022, 91.943821 25.5345905, 91.9438773 25.5346801, 91.9439189 25.5347648, 91.9439457 25.5348688, 91.9439551 25.5349935, 91.9439471 25.5351242, 91.9439417 25.5352512, 91.9439425 25.5352828, 91.9439444 25.5353589, 91.9439618 25.5354666, 91.9439873 25.5355743, 91.9440367 25.5357361, 91.944053 25.5357897, 91.9441415 25.5359797, 91.9442783 25.5362157, 91.944382 25.5363455, 91.9444098 25.5363803, 91.9445533 25.5365097, 91.9447625 25.5366477, 91.9448511 25.536693, 91.9449422 25.5367397, 91.9451312 25.5368309, 91.9451728 25.536851, 91.9454411 25.5369672, 91.9456181 25.5370349, 91.9458568 25.5371075, 91.9461392 25.5371719, 91.9464254 25.5372552, 91.9465703 25.5373181, 91.9466749 25.5373786, 91.946809 25.537479, 91.9469391 25.5375916, 91.9470558 25.5377089, 91.9471188 25.5377961, 91.9471537 25.5378711, 91.9471832 25.5379739)",634.2157660927465,40.37018342851152,91.9430888,25.5336285,91.9471832,25.5379739,0.9569845415981236,,,
352009,351967,0,284469001,trunk,,,asphalt,,NH6,"LINESTRING (91.9471832 25.5379739, 91.9471537 25.5378711, 91.9471188 25.5377961, 91.9470558 25.5377089, 91.9469391 25.5375916, 91.946809 25.537479, 91.9466749 25.5373786, 91.9465703 25.5373181, 91.9464254 25.5372552, 91.9461392 25.5371719, 91.9458568 25.5371075, 91.9456181 25.5370349, 91.9454411 25.5369672, 91.9451728 25.536851, 91.9451312 25.5368309, 91.9449422 25.5367397, 91.9448511 25.536693, 91.9447625 25.5366477, 91.9445533 25.5365097, 91.9444098 25.5363803, 91.944382 25.5363455, 91.9442783 25.5362157, 91.9441415 25.5359797, 91.944053 25.5357897, 91.9440367 25.5357361, 91.9439873 25.5355743, 91.9439618 25.5354666, 91.9439444 25.5353589, 91.9439425 25.5352828, 91.9439417 25.5352512, 91.9439471 25.5351242, 91.9439551 25.5349935, 91.9439457 25.5348688, 91.9439189 25.5347648, 91.9438773 25.5346801, 91.943821 25.5345905, 91.943758 25.5345022, 91.9436534 25.53438, 91.9435179 25.5342239, 91.9434147 25.534098, 91.9433033 25.5339455, 91.9432014 25.5337943, 91.9430888 25.5336285)",634.2157660927465,220.37194842196504,91.9471832,25.5379739,91.9430888,25.5336285,0.9569845415981236,,,
352009,352020,0,284469001,trunk,,,asphalt,,NH6,"LINESTRING (91.9471832 25.5379739, 91.9472019 25.5381107, 91.947219 25.5384142, 91.9472274 25.5385645, 91.9472408 25.5386685, 91.9472596 25.5387605, 91.9472904 25.5388331, 91.9473387 25.5388924, 91.9474299 25.5389589, 91.9475989 25.5390606, 91.947792 25.5391695, 91.9478799 25.53922)",155.19342905403525,26.76975061583866,91.9471832,25.5379739,91.9478799,25.53922,0.9793357959698142,,,
352020,352009,0,284469001,trunk,,,asphalt,,NH6,"LINESTRING (91.9478799 25.53922, 91.947792 25.5391695, 91.9475989 25.5390606, 91.9474299 25.5389589, 91.9473387 25.5388924, 91.9472904 25.5388331, 91.9472596 25.5387605, 91.9472408 25.5386685, 91.9472274 25.5385645, 91.947219 25.5384142, 91.9472019 25.5381107, 91.9471832 25.5379739)",155.19342905403525,206.77005097649695,91.9478799,25.53922,91.9471832,25.5379739,0.9793357959698142,,,
352020,352069,0,284469001,trunk,,,asphalt,,NH6,"LINESTRING (91.9478799 25.53922, 91.9480535 25.5393437, 91.9481327 25.5394139, 91.9482118 25.5394986, 91.9482963 25.5396112, 91.948417 25.5397806, 91.9486329 25.5400843, 91.948716 25.5402029, 91.9487643 25.5403033, 91.9487925 25.5404074, 91.9488193 25.5405598, 91.9488354 25.540647, 91.9488569 25.5407377, 91.9488904 25.5408261, 91.9489387 25.5408914, 91.9489853 25.540932, 91.9490165 25.5409592, 91.9491586 25.5410463, 91.9492686 25.5411177, 91.9493839 25.5412, 91.9494657 25.5412786, 91.9495288 25.5413536, 91.9495971 25.5414589, 91.9496736 25.5415969, 91.9497554 25.5417578, 91.9498144 25.5418655, 91.9498909 25.5419708, 91.9499807 25.542076, 91.9500759 25.5421583, 91.9502087 25.5422382, 91.9503964 25.5423362, 91.9506411 25.542453, 91.9506727 25.5424681, 91.9511126 25.5426726, 91.9515941 25.5428952, 91.951814 25.5429848, 91.9518862 25.5430144, 91.952038 25.5430767, 91.9522928 25.5431723, 91.9525845 25.5432894, 91.9526938 25.5433333, 91.9529419 25.5434531, 91.9531068 25.5435353, 91.9532798 25.5436261, 91.953396 25.5436874, 91.9535024 25.5437435, 91.9536191 25.5438028, 91.9537143 25.5438487, 91.9538176 25.5438814, 91.953949 25.5438996)",800.9524249369056,49.48255367912507,91.9478799,25.53922,91.953949,25.5438996,0.9415513575590884,,,
352069,352020,0,284469001,trunk,,,asphalt,,NH6,"LINESTRING (91.953949 25.5438996, 91.9538176 25.5438814, 91.9537143 25.5438487, 91.9536191 25.5438028, 91.9535024 25.5437435, 91.953396 25.5436874, 91.9532798 25.5436261, 91.9531068 25.5435353, 91.9529419 25.5434531, 91.9526938 25.5433333, 91.9525845 25.5432894, 91.9522928 25.5431723, 91.952038 25.5430767, 91.9518862 25.5430144, 91.951814 25.5429848, 91.9515941 25.5428952, 91.9511126 25.5426726, 91.9506727 25.5424681, 91.9506411 25.542453, 91.9503964 25.5423362, 91.9502087 25.5422382, 91.9500759 25.5421583, 91.9499807 25.542076, 91.9498909 25.5419708, 91.9498144 25.5418655, 91.9497554 25.5417578, 91.9496736 25.5415969, 91.9495971 25.5414589, 91.9495288 25.5413536, 91.9494657 25.5412786, 91.9493839 25.5412, 91.9492686 25.5411177, 91.9491586 25.5410463, 91.9490165 25.5409592, 91.9489853 25.540932, 91.9489387 25.5408914, 91.9488904 25.5408261, 91.9488569 25.5407377, 91.9488354 25.540647, 91.9488193 25.5405598, 91.9487925 25.5404074, 91.9487643 25.5403033, 91.948716 25.5402029, 91.9486329 25.5400843, 91.948417 25.5397806, 91.9482963 25.5396112, 91.9482118 25.5394986, 91.9481327 25.5394139, 91.9480535 25.5393437, 91.9478799 25.53922)",800.9524249369056,229.4851704667433,91.953949,25.5438996,91.9478799,25.53922,0.9415513575590884,,,
352069,352081,0,284469001,trunk,,,asphalt,,NH6,"LINESTRING (91.953949 25.5438996, 91.9540858 25.5438899, 91.9542414 25.543862, 91.954527 25.5437894, 91.9549388 25.5436854, 91.9550605 25.5436601, 91.9551896 25.5436333, 91.9553491 25.5436079, 91.9554658 25.5436019, 91.9555892 25.5436164, 91.9557072 25.5436491, 91.955895 25.5437132, 91.9561519 25.5438087)",221.23998583736625,92.61806784014588,91.953949,25.5438996,91.9561519,25.5438087,0.904016668191004,,,
352081,352069,0,284469001,trunk,,,asphalt,,NH6,"LINESTRING (91.9561519 25.5438087, 91.955895 25.5437132, 91.9557072 25.5436491, 91.9555892 25.5436164, 91.9554658 25.5436019, 91.9553491 25.5436079, 91.9551896 25.5436333, 91.9550605 25.5436601, 91.9549388 25.5436854, 91.954527 25.5437894, 91.9542414 25.543862, 91.9540858 25.5438899, 91.953949 25.5438996)",221.23998583736625,272.61901773459624,91.9561519,25.5438087,91.953949,25.5438996,0.904016668191004,,,
352081,352104,0,284469001,trunk,,,asphalt,,NH6,"LINESTRING (91.9561519 25.5438087, 91.9563791 25.5438971, 91.9566326 25.5439903, 91.9568753 25.5440677, 91.9571328 25.5441524, 91.9574186 25.5442507, 91.957629 25.5443231, 91.9581561 25.5445118, 91.9583264 25.5445687, 91.9584525 25.5446062, 91.9585852 25.5446328, 91.9586724 25.5446401, 91.9587837 25.5446389, 91.9589151 25.5446195, 91.9590493 25.5445893, 91.9592236 25.5445324, 91.9594744 25.544432, 91.9596863 25.5443376, 91.9598284 25.5442613, 91.9599451 25.5441694, 91.9600524 25.5440532, 91.9601557 25.5439189, 91.9602442 25.5437834, 91.9602965 25.5436709)",416.0953213609763,92.10949685166392,91.9561519,25.5438087,91.9602965,25.5436709,0.9039560620160436,,,
352104,352081,0,284469001,trunk,,,asphalt,,NH6,"LINESTRING (91.9602965 25.5436709, 91.9602442 25.5437834, 91.9601557 25.5439189, 91.9600524 25.5440532, 91.9599451 25.5441694, 91.9598284 25.5442613, 91.9596863 25.5443376, 91.9594744 25.544432, 91.9592236 25.5445324, 91.9590493 25.5445893, 91.9589151 25.5446195, 91.9587837 25.5446389, 91.9586724 25.5446401, 91.9585852 25.5446328, 91.9584525 25.5446062, 91.9583264 25.5445687, 91.9581561 25.5445118, 91.957629 25.5443231, 91.9574186 25.5442507, 91.9571328 25.5441524, 91.9568753 25.5440677, 91.9566326 25.5439903, 91.9563791 25.5438971, 91.9561519 25.5438087)",416.0953213609763,272.1112840032231,91.9602965,25.5436709,91.9561519,25.5438087,0.9039560620160436,,,
352104,352127,0,284469001,trunk,,,asphalt,,NH6,"LINESTRING (91.9602965 25.5436709, 91.9603139 25.5435644, 91.9603076 25.5434838, 91.9603045 25.5434446, 91.9602831 25.5433212, 91.9602583 25.5431921, 91.9602415 25.5431046, 91.9601937 25.5428392, 91.9601785 25.5427549, 91.9600886 25.542312, 91.9600461 25.5421093, 91.9600256 25.5420119, 91.959992 25.5418123, 91.95998 25.5416646, 91.9599827 25.5415025, 91.9599959 25.5414242, 91.9600122 25.541327, 91.9600469 25.5412088, 91.9600537 25.5411855, 91.9601221 25.5409737, 91.9602377 25.5406032, 91.9602697 25.5404873, 91.9602898 25.5403868, 91.9602924 25.5402434)",381.1213714467103,180.06184028432142,91.9602965,25.5436709,91.9602924,25.5402434,1.0017573777852014,,,
352127,352104,0,284469001,trunk,,,asphalt,,NH6,"LINESTRING (91.9602924 25.5402434, 91.9602898 25.5403868, 91.9602697 25.5404873, 91.9602377 25.5406032, 91.9601221 25.5409737, 91.9600537 25.5411855, 91.9600469 25.5412088, 91.9600122 25.541327, 91.9599959 25.5414242, 91.9599827 25.5415025, 91.95998 25.5416646, 91.959992 25.5418123, 91.9600256 25.5420119, 91.9600461 25.5421093, 91.9600886 25.542312, 91.9601785 25.5427549, 91.9601937 25.5428392, 91.9602415 25.5431046, 91.9602583 25.5431921, 91.9602831 25.5433212, 91.9603045 25.5434446, 91.9603076 25.5434838, 91.9603139 25.5435644, 91.9602965 25.5436709)",381.1213714467103,0.0618385165164805,91.9602924,25.5402434,91.9602965,25.5436709,1.0017573777852014,,,
352127,352131,0,284469001,trunk,,,asphalt,,NH6,"LINESTRING (91.9602924 25.5402434, 91.9602844 25.5401605, 91.9602482 25.5400165, 91.960216 25.5398617, 91.9602052 25.5397677)",53.61412619333979,189.39152879096372,91.9602924,25.5402434,91.9602052,25.5397677,0.9987261159083802,,,
352131,352127,0,284469001,trunk,,,asphalt,,NH6,"LINESTRING (91.9602052 25.5397677, 91.960216 25.5398617, 91.9602482 25.5400165, 91.9602844 25.5401605, 91.9602924 25.5402434)",53.61412619333979,9.391491195447257,91.9602052,25.5397677,91.9602924,25.5402434,0.9987261159083802,,,
414613,810485,0,1037911508,trunk,,,asphalt,,NH6,"LINESTRING (91.8860194 25.526641, 91.885979 25.5266694)",5.138639267611336,307.9190916887015,91.8860194,25.526641,91.885979,25.5266694,0.93744151519943,,,
414613,486100,0,1037911508,trunk,,,asphalt,,NH6,"LINESTRING (91.8860194 25.526641, 91.8860999 25.5265599, 91.8861723 25.5264752, 91.8862246 25.5263845, 91.8862689 25.5262816, 91.8863063 25.5261717, 91.8863171 25.52614, 91.8864284 25.5257552, 91.8864781 25.5255978, 91.8865223 25.5254792, 91.8865524 25.525428, 91.8865827 25.5253764, 91.8866484 25.5252941)",162.52420348439964,157.1485952153485,91.8860194,25.526641,91.8866484,25.5252941,0.9849642965044878,,,
457531,767987,0,461660936,trunk,,,,,NH6,"LINESTRING (91.8783329 25.5699024, 91.8782732 25.5699932)",11.738734681180803,329.3280926009402,91.8783329,25.5699024,91.8782732,25.5699932,0.9731879247598724,,,
457531,81605,0,461660936,trunk,,,,,NH6,"LINESTRING (91.8783329 25.5699024, 91.8783805 25.5698456, 91.8784556 25.569767, 91.8785669 25.569646, 91.8786728 25.5695359, 91.8787882 25.5694355, 91.8788995 25.569346, 91.8790483 25.5692443, 91.8793863 25.5690411, 91.8798356 25.5687846, 91.8799871 25.5687024, 91.8801373 25.568637, 91.8803197 25.5685862, 91.8804713 25.5685548)",261.6505350219224,124.93805414614354,91.8783329,25.5699024,91.8804713,25.5685548,0.9325876733931115,,,
485607,81228,0,1037911508,trunk,,,asphalt,,NH6,"LINESTRING (91.8887418 25.5362847, 91.8887566 25.5363718, 91.8887834 25.5364347, 91.8888357 25.5365158, 91.8888988 25.5365848, 91.8890369 25.5367215, 91.8892126 25.536874, 91.889308 25.5369554, 91.8893918 25.5370269, 91.8894607 25.5370857, 91.8897289 25.5373266, 91.8900374 25.5376012, 91.8902493 25.5378191, 91.8903404 25.5379074, 91.8904196 25.5379715, 91.8905242 25.5380526, 91.8906127 25.5381058, 91.8907213 25.5381591, 91.8908688 25.5382123, 91.8910713 25.5382777, 91.8912296 25.5383382, 91.8913771 25.5384132, 91.8914616 25.5384701, 91.8915448 25.5385391, 91.891579 25.5385761, 91.8916185 25.5386189, 91.8917017 25.5387218, 91.8917875 25.5388416, 91.8918814 25.5389904, 91.8919618 25.5391138, 91.8920557 25.5392603, 91.8921214 25.5393764, 91.8922153 25.5395301, 91.8923025 25.5396753, 91.8924165 25.5398859, 91.8924956 25.5400238, 91.8925774 25.5401496, 91.8926404 25.5402416, 91.8927222 25.5403251, 91.8928067 25.5403868, 91.892902 25.540434, 91.8930522 25.5404848, 91.8932708 25.5405538, 91.8936262 25.5406579, 91.8940057 25.5407571, 91.8942176 25.5408128)",745.2152214781235,47.49440292750911,91.8887418,25.5362847,91.8942176,25.5408128,0.9448531842597212,,,
485607,810485,0,1037911508,trunk,,,asphalt,,NH6,"LINESTRING (91.8887418 25.5362847, 91.8887445 25.5361903, 91.888766 25.5360959, 91.8887955 25.5360027, 91.8888532 25.5358938, 91.8889041 25.5357752, 91.8889363 25.535682, 91.8889618 25.5355671, 91.8889658 25.5354872, 91.8889511 25.5353904, 91.8889242 25.5352936, 91.888876 25.5351823, 91.8888581 25.5351457, 91.8888143 25.5350564, 91.8887714 25.5349487, 91.8887583 25.5349053, 91.8887298 25.5348108, 91.8886909 25.5346256, 91.888659 25.5345004, 91.8886533 25.534478, 91.8886077 25.5343545, 91.8885353 25.5342384, 91.8884495 25.5341416, 91.888429 25.534121, 91.888365 25.5340569, 91.888251 25.5339504, 91.8881508 25.5338677, 91.8880016 25.5337446, 91.8878862 25.5336503, 91.8877964 25.5335607, 91.887728 25.5334578, 91.887681 25.5333622, 91.8876502 25.5332533, 91.8876086 25.5330888, 91.8875617 25.5329193, 91.8875329 25.5328173, 91.8875214 25.5327765, 91.8874638 25.532612, 91.8874302 25.5325188, 91.8873847 25.532405, 91.8873243 25.5322901, 91.8872455 25.5321489, 91.8872318 25.5321243, 91.8871164 25.5319113, 91.8870454 25.5317564, 91.886989 25.5316342, 91.8869542 25.5315253, 91.8869273 25.5314151, 91.8869244 25.5313903, 91.8869086 25.5312566, 91.8868951 25.5310932, 91.8868764 25.5309093, 91.886863 25.5307943, 91.8868388 25.5306794, 91.8868147 25.5305692, 91.8867812 25.5304664, 91.8867289 25.5303502, 91.8866725 25.5302413, 91.8865921 25.5301215, 91.886415 25.5298807, 91.8863413 25.529779, 91.8862782 25.529681, 91.8862259 25.5295805, 91.8861857 25.5294886, 91.8861374 25.5293555, 91.8860811 25.5291618, 91.8860234 25.5289283, 91.8859812 25.5287429, 91.8859242 25.5284926, 91.8858384 25.5281768, 91.8857391 25.5277919, 91.8856667 25.5275196, 91.8856332 25.5273913, 91.8856144 25.5272764, 91.8856104 25.5271614, 91.8856278 25.5270682, 91.8856613 25.5269884, 91.8857136 25.5269109, 91.8857941 25.5268298, 91.885888 25.5267524, 91.885979 25.5266694)",1104.5265024167404,194.53590617721272,91.8887418,25.5362847,91.885979,25.5266694,0.9946360605028912,,,
486100,414613,0,1037911508,trunk,,,asphalt,,NH6,"LINESTRING (91.8866484 25.5252941, 91.8865827 25.5253764, 91.8865524 25.525428, 91.8865223 25.5254792, 91.8864781 25.5255978, 91.8864284 25.5257552, 91.8863171 25.52614, 91.8863063 25.5261717, 91.8862689 25.5262816, 91.8862246 25.5263845, 91.8861723 25.5264752, 91.8860999 25.5265599, 91.8860194 25.526641)",162.52420348439964,337.14886626411237,91.8866484,25.5252941,91.8860194,25.526641,0.9849642965044878,,,
486100,1521018,0,1037911508,trunk,,,asphalt,,NH6,"LINESTRING (91.8866484 25.5252941, 91.8867396 25.5252106, 91.8868817 25.5251077, 91.8870936 25.5249673, 91.8872465 25.5248669, 91.8874289 25.5247422, 91.8875818 25.5246381, 91.8877119 25.5245522, 91.8878185 25.5244869, 91.8878909 25.5244506, 91.8879694 25.5244282, 91.8880592 25.5244161, 91.8881652 25.5244094, 91.8882933 25.5244021, 91.888487 25.5243876, 91.8887338 25.5243695, 91.8889752 25.5243513, 91.8892542 25.5243307, 91.8894325 25.5243295, 91.8895881 25.5243416, 91.8897705 25.5243767, 91.8898017 25.5243839, 91.8899126 25.5244094, 91.8902134 25.5245212)",367.8991291307833,103.50857506833351,91.8866484,25.5252941,91.8902134,25.5245212,0.908598968845222,,,
493859,18897,0,"[344452136, 344452139, 44769003]",trunk,"[None, 'yes']",,,"[None, 'Shillong - Guwahati road']",NH6,"LINESTRING (91.8733607 25.5794736, 91.8733084 25.5796575, 91.87326 25.579795, 91.8732172 25.580024, 91.8731231 25.5802543, 91.8730952 25.580393, 91.8730335 25.5805381, 91.8729879 25.5806615, 91.8729644 25.5807021, 91.8729302 25.5807498, 91.8728766 25.5807988, 91.8728216 25.5808466, 91.8727572 25.5808986, 91.8726888 25.5809633, 91.8726251 25.5810468, 91.8725695 25.5811321, 91.8725205 25.5812107, 91.8724541 25.5813099, 91.8723442 25.5814696, 91.8720216 25.581997, 91.871856 25.5822443, 91.8718339 25.5822891, 91.8718205 25.5823302, 91.8718171 25.5823701, 91.8718195 25.5824049, 91.8718312 25.5824482, 91.87185 25.5824851, 91.8718842 25.582531, 91.8719371 25.5825927, 91.8719807 25.5826514, 91.872035 25.5827409, 91.8720665 25.5828236, 91.8720987 25.5829223, 91.8721215 25.5830252, 91.8721524 25.5831159, 91.8722033 25.5831921, 91.8722503 25.5832489, 91.8723522 25.5833191, 91.8724276 25.5833738, 91.8724739 25.5834083, 91.8725048 25.583437, 91.8725232 25.5834658, 91.8725359 25.5834984, 91.8725399 25.5835311, 91.8725286 25.5835719, 91.872495 25.5836209, 91.8724528 25.5836663, 91.8723844 25.5837316, 91.8722825 25.5838187, 91.872198 25.5838876, 91.8721041 25.5839711, 91.8720303 25.58404, 91.8719888 25.5840848, 91.8719512 25.5841422, 91.8719351 25.5842088, 91.8719385 25.5842759, 91.8719593 25.5843491, 91.8720049 25.5844549, 91.8720585 25.5845577, 91.8721202 25.5846654, 91.8721765 25.5847658, 91.8722221 25.5848722, 91.8722436 25.5849799, 91.8722557 25.585067, 91.8722597 25.5851589, 91.8722553 25.5852095, 91.8722516 25.5852521, 91.8722329 25.5853367, 91.8722168 25.5854154, 91.8722114 25.5854964, 91.8722235 25.585575, 91.8722583 25.5856633, 91.8723012 25.5857371, 91.8723589 25.5858194, 91.872432 25.5858901, 91.872487 25.5859409, 91.8725286 25.5859978, 91.872548 25.586054, 91.8725514 25.5861157, 91.8725442 25.5861686, 91.8725413 25.5861895, 91.8725145 25.5863056, 91.8724917 25.5864036, 91.872493 25.5864846, 91.8725198 25.5865645, 91.8725494 25.5866165, 91.872595 25.5866733, 91.872662 25.5866878, 91.872717 25.5866878, 91.8727901 25.5866794, 91.8728679 25.586654, 91.8729604 25.5866213, 91.8730402 25.5865977, 91.8730905 25.5865959, 91.8731448 25.5866086, 91.8731984 25.5866376, 91.8732347 25.5866848, 91.8732514 25.5867308, 91.8732675 25.5868269, 91.8732776 25.5869467, 91.8732937 25.5870773, 91.8733092 25.587253, 91.8733164 25.5873349, 91.8733326 25.587647, 91.8733674 25.5877716, 91.8733983 25.5878466, 91.8734519 25.5879131, 91.8735472 25.5879966, 91.8736544 25.588074, 91.8737845 25.5881744, 91.8738905 25.5882542, 91.8740112 25.5883582, 91.8740564 25.5884084, 91.8740869 25.5884423, 91.8741346 25.5885203, 91.8741661 25.5885953, 91.8741835 25.5886697)",1025.8854273100255,4.613601668213566,91.8733607,25.5794736,91.8741835,25.5886697,1.0010154364127095,,,
493859,81848,0,344452136,trunk,,,,Shillong - Guwahati road,NH6,"LINESTRING (91.8733607 25.5794736, 91.8733728 25.5794083, 91.873401 25.5793043, 91.8734077 25.5792099, 91.8733929 25.5791168, 91.8733715 25.5790345, 91.873358 25.578945, 91.8733513 25.5788386, 91.8733527 25.5787212, 91.8733473 25.5786233, 91.8733352 25.5785071, 91.8733084 25.5783801, 91.8732615 25.5782495, 91.8731904 25.5780983, 91.8731166 25.57797, 91.8730375 25.57786, 91.8729369 25.577745, 91.8728082 25.5776253, 91.8726915 25.5775164, 91.8725882 25.5774124, 91.8724622 25.5772648, 91.8723857 25.5771523, 91.8723442 25.5770543, 91.8722999 25.57692, 91.872253 25.5767979, 91.8721993 25.576666, 91.8721256 25.5764845, 91.8720706 25.5763358, 91.872033 25.5762148, 91.8720049 25.5760466, 91.8719874 25.5758543, 91.8719727 25.5756995, 91.8719499 25.5755567, 91.871915 25.5754539, 91.8718654 25.5753499, 91.871805 25.5752652, 91.8717259 25.5751672, 91.8716669 25.5750916, 91.8716341 25.5750396, 91.8716092 25.5749948, 91.871565 25.5748902, 91.8715234 25.5747583, 91.8714872 25.5746156, 91.8714403 25.5744438, 91.8714173 25.5743557, 91.8714094 25.5743252, 91.8713745 25.5741873, 91.8713303 25.5740228, 91.8712766 25.5738583, 91.8711989 25.5736538, 91.8711184 25.5734167, 91.8710835 25.5732679, 91.8710701 25.5731421, 91.8710741 25.5730683, 91.8710902 25.5729958, 91.8711244 25.5729274, 91.871172 25.5728657, 91.8712243 25.5728119, 91.8712834 25.5727423, 91.8713283 25.5726728, 91.8713585 25.5725978, 91.8713645 25.5725282, 91.8713538 25.5724641, 91.8713303 25.5724163, 91.871294 25.5723615)",817.546152333035,194.68814411451808,91.8733607,25.5794736,91.871294,25.5723615,0.994462143654944,,,
501327,501330,0,362844965,trunk,,,,,NH6,"LINESTRING (91.8827113 25.5671425, 91.8825864 25.5672383, 91.8822726 25.5675105, 91.8818594 25.5678488)",116.06023478298214,312.58590281528524,91.8827113,25.5671425,91.8818594,25.5678488,0.944853609524552,,,
501330,501335,0,362844965,trunk,,,,,NH6,"LINESTRING (91.8818594 25.5678488, 91.8818399 25.5679154, 91.8818297 25.567979, 91.8818485 25.5680624, 91.8819172 25.5681315, 91.8820036 25.56818)",39.56639050880744,21.44241888633666,91.8818594,25.5678488,91.8820036,25.56818,0.9867785440853334,,,
501330,768004,0,833733748,trunk,,,,,NH6,"LINESTRING (91.8818594 25.5678488, 91.8816836 25.5679813, 91.8815066 25.5681193, 91.8813805 25.568216, 91.8813121 25.568262, 91.8811927 25.5683501)",87.05929829251828,309.81264662602996,91.8818594,25.5678488,91.8811927,25.5683501,0.9402707174470808,,,
501335,346629,0,362844965,trunk,,,,,NH6,"LINESTRING (91.8820036 25.56818, 91.8821189 25.5681833)",11.571102614609726,88.18270187644649,91.8820036,25.56818,91.8821189,25.5681833,0.9037423897953076,,,
653654,678116,0,611197746,trunk,,,,,NH6,"LINESTRING (91.8762511 26.0995256, 91.8762686 26.0994605, 91.8762927 26.0993615, 91.8763418 26.0992879, 91.8764239 26.0992085, 91.8765359 26.0991306, 91.8767206 26.0990342, 91.8770537 26.098874, 91.8773678 26.0987081, 91.8775572 26.0986146)",165.14134771262806,127.8359133926338,91.8762511,26.0995256,91.8775572,26.0986146,0.9342729773849204,,,
654363,653653,0,611197747,trunk,,,,,NH6,"LINESTRING (91.8762502 26.0991972, 91.876165 26.0992837, 91.8761113 26.0993581, 91.8760861 26.0994197, 91.8760851 26.0995508)",42.63508851239089,337.25164031281076,91.8762502,26.0991972,91.8760851,26.0995508,0.9842538306481996,,,
657627,1906048,0,977975334,trunk,,,,,NH6,"LINESTRING (91.885171 25.7513638, 91.8850739 25.7511218, 91.8849733 25.7507727, 91.8847413 25.7501893, 91.8844476 25.7493462, 91.8842036 25.7485513, 91.8839528 25.7477625, 91.8837798 25.7470233, 91.883761 25.7468155, 91.883816 25.7466464, 91.8838924 25.7464398, 91.8840453 25.7460134, 91.8841808 25.7456293, 91.8842331 25.7454179, 91.8842398 25.7452113, 91.8842451 25.7449347, 91.8842049 25.744716, 91.884115 25.7444732, 91.8839903 25.744251, 91.8838321 25.7440287, 91.883596 25.7438185, 91.8832648 25.7435552, 91.8824802 25.7429367, 91.8820176 25.7424982, 91.8815428 25.7419763, 91.8811861 25.7415003, 91.8809916 25.7412092, 91.8807234 25.7408275, 91.8804833 25.7405641, 91.8800917 25.7401776, 91.8797819 25.7398937, 91.8795097 25.7396098, 91.8792053 25.7392558, 91.8788525 25.7387919, 91.8785186 25.7383365, 91.8781565 25.7378086, 91.8775477 25.7369207, 91.8770394 25.7362321, 91.876511 25.735564, 91.8759786 25.7348174, 91.8758391 25.7345202, 91.8758176 25.7343269, 91.8758525 25.7341747, 91.8759249 25.7339887, 91.876059 25.7337772, 91.8764144 25.7333423, 91.8771131 25.7325353, 91.877427 25.7321161, 91.8776415 25.7318503, 91.8778253 25.7317198, 91.8780841 25.731622, 91.8786661 25.7315, 91.8789236 25.7314516, 91.879448 25.7313538, 91.8797417 25.7312825, 91.8799214 25.7312366, 91.8800595 25.7311786, 91.8802017 25.7311134, 91.8803935 25.7309491, 91.8805329 25.7307835, 91.8807596 25.7303559, 91.880938 25.7300248, 91.8810949 25.729753, 91.8811981 25.7296479, 91.881406 25.7295005, 91.8817346 25.729364, 91.8823126 25.729155, 91.8826881 25.7289846, 91.8828517 25.7288626, 91.8829805 25.7286572, 91.88301 25.7285461, 91.8830475 25.7283359, 91.8830931 25.7276508, 91.8831334 25.7268317, 91.8832406 25.7262808, 91.8832996 25.7259123, 91.8833855 25.7252768, 91.8834713 25.7245639, 91.8835652 25.7241145, 91.8836416 25.7239671, 91.8837529 25.7238511, 91.8838803 25.7237339, 91.8841325 25.7235986, 91.8846662 25.7233062, 91.8856707 25.7227782, 91.8864848 25.7223904, 91.8869595 25.7221596, 91.8874691 25.7219337, 91.8882725 25.7216558, 91.8890074 25.7213489, 91.8893145 25.7212353, 91.8896592 25.7211483, 91.8902104 25.7210179, 91.8904947 25.7209381, 91.8905818 25.720891, 91.8907039 25.7207738, 91.8907803 25.7206747, 91.8908072 25.7205563, 91.8908072 25.7204222, 91.8907951 25.7203915)",3489.7367389850706,170.7090294200243,91.885171,25.7513638,91.8907951,25.7203915,0.9987383664002776,,,
657629,1907074,0,977975335,trunk,,,,,NH6,"LINESTRING (91.8850847 25.7513708, 91.8852161 25.7517632, 91.8853515 25.7520193, 91.8855929 25.7524517, 91.8858397 25.752831, 91.8860422 25.7532042, 91.8861723 25.7534567, 91.8862595 25.7537575, 91.8862957 25.753894)",305.65931538225396,23.377456219622104,91.8850847,25.7513708,91.8862957,25.753894,0.9838954489579056,,,
659531,659563,0,387479829,trunk,,,,,NH6,"LINESTRING (91.8696137 26.0477129, 91.8697733 26.047837, 91.869949 26.0479815, 91.8702413 26.0482117, 91.8703902 26.0483442, 91.8705565 26.048502, 91.8706517 26.0486334, 91.8707187 26.0487454, 91.8707764 26.0488671, 91.8708193 26.0490442, 91.8708341 26.0491804, 91.8708408 26.0494419, 91.8708569 26.0496045, 91.8709065 26.049772, 91.8710017 26.0499527, 91.8711399 26.0502142, 91.871274 26.050478, 91.8713236 26.0506383, 91.8713517 26.0508648, 91.8713303 26.0511021, 91.8712968 26.0512925, 91.8712378 26.0514359, 91.8711908 26.0515528, 91.8710446 26.0517528, 91.8709119 26.0518925, 91.8708166 26.0519624, 91.870641 26.0520769, 91.870295 26.0522576, 91.870049 26.052428, 91.8699476 26.0525371, 91.8698832 26.0526299, 91.8698363 26.0527456, 91.8698055 26.0528925)",576.2646840592066,1.905369829582484,91.8696137,26.0477129,91.8698055,26.0528925,1.0016252241881336,,,
659563,927571,0,"[611197747, 387479829]",trunk,,,,,NH6,"LINESTRING (91.8698055 26.0528925, 91.8697934 26.0531612, 91.8697934 26.0535239, 91.869784 26.0539974, 91.8697907 26.0542974, 91.8697907 26.0545383, 91.8698256 26.0546468, 91.8698765 26.0547938, 91.8699342 26.0549383, 91.8700925 26.0551998, 91.8701863 26.0553938, 91.8702212 26.0555299, 91.8702628 26.0557166, 91.8703057 26.0559468, 91.8703513 26.0562022, 91.8704009 26.0565142, 91.8704586 26.0568841, 91.8705136 26.0572323, 91.8705699 26.0575407, 91.8706343 26.0577901, 91.8706906 26.0579455, 91.8708274 26.0582479, 91.8709508 26.0585636, 91.871042 26.0588587, 91.8710902 26.0591575, 91.8711157 26.0594479, 91.8711412 26.0596659, 91.871152 26.059834, 91.871169 26.060412, 91.871228 26.060761, 91.871281 26.06093, 91.8713799 26.0611658)",933.2967493512588,9.700950302278686,91.8698055,26.0528925,91.8713799,26.0611658,0.9983741822996298,,,
678116,1006275,0,611197746,trunk,,,,,NH6,"LINESTRING (91.8775572 26.0986146, 91.8778224 26.0984842, 91.8781113 26.0983509, 91.8783483 26.0982317, 91.8783752 26.0982147)",93.00270976949832,118.5628296799087,91.8775572,26.0986146,91.8783752,26.0982147,0.9202033942436372,,,
767964,767976,0,461660935,trunk,,,,,NH6,"LINESTRING (91.8768669 25.5718318, 91.8768791 25.5718723, 91.8768778 25.5719141, 91.8768632 25.5719539, 91.8768365 25.5719882, 91.8768 25.572014, 91.8767567 25.5720292, 91.8767104 25.5720325, 91.876665 25.5720237)",29.41825408447046,316.49746609740765,91.8768669,25.5718318,91.876665,25.5720237,0.9514658887028984,,,
767964,26055,0,461660935,trunk,,,,,NH6,"LINESTRING (91.8768669 25.5718318, 91.8768423 25.5717962, 91.8768072 25.5717686, 91.8767647 25.5717512, 91.8767186 25.5717457, 91.8766726 25.5717526, 91.8766308 25.5717711, 91.8765967 25.5717997)",27.33589632189282,262.49728520842126,91.8768669,25.5718318,91.8765967,25.5717997,0.9050689809121972,,,
767964,347262,0,461660936,trunk,,,,,NH6,"LINESTRING (91.8768669 25.5718318, 91.8770447 25.5717497, 91.8771628 25.5716868, 91.8772741 25.5716094, 91.8774202 25.5714618, 91.8775637 25.5712912, 91.8777287 25.5710844, 91.8778387 25.5709247, 91.87795 25.5707263)",164.05241139331054,138.53043729254898,91.8768669,25.5718318,91.87795,25.5707263,0.9549606954286826,,,
767976,26055,0,461660935,trunk,,,,,NH6,"LINESTRING (91.876665 25.5720237, 91.8766218 25.5720015, 91.8765882 25.5719683, 91.8765676 25.5719274, 91.8765621 25.5718828, 91.8765721 25.5718388, 91.8765967 25.5717997)",25.832641563301227,195.37855400471733,91.876665,25.5720237,91.8765967,25.5717997,0.9937876424970924,,,
767976,767964,0,461660935,trunk,,,,,NH6,"LINESTRING (91.876665 25.5720237, 91.8767104 25.5720325, 91.8767567 25.5720292, 91.8768 25.572014, 91.8768365 25.5719882, 91.8768632 25.5719539, 91.8768778 25.5719141, 91.8768791 25.5718723, 91.8768669 25.5718318)",29.41825408447046,136.4973789482566,91.876665,25.5720237,91.8768669,25.5718318,0.9514658887028984,,,
767987,457531,0,461660936,trunk,,,,,NH6,"LINESTRING (91.8782732 25.5699932, 91.8783329 25.5699024)",11.738734681180803,149.32806683427268,91.8782732,25.5699932,91.8783329,25.5699024,0.9731879247598724,,,
767987,347262,0,461660936,trunk,,,,,NH6,"LINESTRING (91.8782732 25.5699932, 91.8781994 25.5701359, 91.8781337 25.5702787, 91.8780613 25.5704493, 91.87795 25.5707263)",87.72677567690936,338.31298782673093,91.8782732,25.5699932,91.87795,25.5707263,0.9864556880993488,,,
768004,81605,0,461660936,trunk,,,,,NH6,"LINESTRING (91.8811927 25.5683501, 91.8811256 25.568373, 91.8809862 25.5684205, 91.8808039 25.5684761, 91.8806657 25.5685161, 91.8804713 25.5685548)",75.85609513428274,287.4615634787983,91.8811927,25.5683501,91.8804713,25.5685548,0.9113301099075048,,,
768004,501335,0,833733747,trunk,,,,,NH6,"LINESTRING (91.8811927 25.5683501, 91.8814275 25.5682923, 91.8816595 25.5682414, 91.8818003 25.5682124, 91.8820036 25.56818)",83.50828950597436,103.09068205829058,91.8811927,25.5683501,91.8820036,25.56818,0.9080057729482852,,,
768071,1759233,0,833733746,trunk,,,,,NH6,"LINESTRING (91.8831247 25.5671542, 91.8831048 25.5671372)",2.7491341808259824,226.5592396802913,91.8831247,25.5671542,91.8831048,25.5671372,0.9462905499375436,,,
794633,794723,0,977963755,trunk,,,,,NH6,"LINESTRING (91.8814409 25.8979222, 91.8816353 25.8978016, 91.8820994 25.8975555, 91.8829362 25.8970512, 91.8832085 25.8968498, 91.8833399 25.8967436, 91.8834324 25.8966254, 91.8834941 25.8965252, 91.8835204 25.8964695)",263.36483867438,127.83119648841594,91.8814409,25.8979222,91.8835204,25.8964695,0.935345572439102,,,
794722,794769,0,977963756,trunk,,,,,NH6,"LINESTRING (91.8834243 25.8964511, 91.8833908 25.8965264, 91.8833238 25.896641, 91.8832138 25.8967448, 91.8830918 25.8968558, 91.8824923 25.8972081, 91.881469 25.8978089, 91.8802567 25.8985194, 91.8797109 25.8988621, 91.8794721 25.8989369, 91.8790993 25.8990153, 91.878469 25.899078, 91.8781136 25.8991323, 91.8779781 25.8991962, 91.8778588 25.8992602, 91.8777448 25.899347, 91.8776523 25.899452, 91.8776056 25.8995331, 91.8775772 25.8995823, 91.8774122 25.900095, 91.8771802 25.9010939, 91.8771284 25.901327, 91.8771172 25.9013774, 91.8771279 25.9017586, 91.8772458 25.9024461, 91.8774176 25.9034476, 91.8777394 25.905274, 91.8778521 25.9060267, 91.8778642 25.9064538, 91.8778481 25.9067385, 91.8777649 25.9074128, 91.8776791 25.9079725, 91.8776496 25.9082054, 91.8776563 25.9084358, 91.8776629 25.9084941)",1457.8571484636673,336.71703878010925,91.8834243,25.8964511,91.8776629,25.9084941,0.9837948348367704,,,
794723,1907365,0,"[977975337, 977963755]",trunk,,,,,NH6,"LINESTRING (91.8835204 25.8964695, 91.8835665 25.896372, 91.8835987 25.8961983, 91.8836148 25.8960306, 91.8836161 25.8958955, 91.8835625 25.8956855, 91.8834887 25.8955275, 91.8833788 25.8953248, 91.8832519 25.895091, 91.8832098 25.8949363, 91.8831924 25.8947445, 91.8831803 25.8945334, 91.8832165 25.8942281, 91.883242 25.8936599, 91.8832393 25.8935163, 91.8832125 25.893298, 91.8831427 25.8931061, 91.8829671 25.8925922, 91.8828316 25.8922037, 91.8828142 25.8919841, 91.8828182 25.89182, 91.8828464 25.891598, 91.8829697 25.8910237, 91.8831629 25.8900766, 91.8832996 25.8894505, 91.8833452 25.8892019, 91.8833426 25.8890016, 91.8833184 25.888624, 91.8832313 25.8878736, 91.8831226 25.8869807, 91.8829899 25.8860746, 91.8828249 25.8851962, 91.8826479 25.8841888, 91.8825312 25.8835698, 91.8825124 25.8832959, 91.8824977 25.8830908, 91.8825071 25.8828664, 91.8825366 25.8825683, 91.8826103 25.8822052, 91.8827176 25.8817539, 91.8827592 25.8814933, 91.8827914 25.8811735, 91.882849 25.8806571, 91.8829241 25.8802143, 91.8830006 25.8798668, 91.883136 25.879354, 91.8832406 25.8790246, 91.8833493 25.8786746, 91.8834257 25.8784007, 91.8834887 25.8781268, 91.8835223 25.8778831, 91.8835209 25.8776623, 91.8834928 25.8773775, 91.8833426 25.8768683, 91.883128 25.8760382, 91.8829939 25.8754602, 91.8829818 25.8752695, 91.8829979 25.8750571, 91.8830542 25.8747579, 91.883077 25.8746276, 91.8830743 25.8745419, 91.8830381 25.8744466, 91.882955 25.8741739, 91.8826532 25.8733823, 91.8824279 25.872791, 91.8822616 25.872528, 91.8820658 25.8722565, 91.8816313 25.8717472, 91.8809138 25.8708772, 91.8804994 25.8703258, 91.8803801 25.8701423, 91.8802741 25.8698962, 91.8802071 25.8696379, 91.8801628 25.869428, 91.8801065 25.8692409, 91.8800502 25.8691227, 91.8799777 25.8690129, 91.8799268 25.8689139, 91.8799227 25.8688041, 91.8799576 25.8686581, 91.8800394 25.868541, 91.8801159 25.8684324, 91.8801869 25.8682442, 91.8803573 25.8676468, 91.880482 25.8672378, 91.880541 25.8670857, 91.8805866 25.8669843, 91.880604 25.8668745, 91.8806429 25.8666477, 91.8806308 25.8664522, 91.8805906 25.8660998, 91.880482 25.865745, 91.880423 25.8655061, 91.8802956 25.8651646, 91.8801387 25.8645974, 91.8801025 25.8643319, 91.8800971 25.8641557, 91.8801253 25.8639723, 91.8801776 25.8637901, 91.8802513 25.8636573, 91.8803559 25.8634763, 91.8804793 25.863288, 91.8805356 25.8631637, 91.8805651 25.8630588, 91.8805826 25.8629224, 91.8805772 25.8628029, 91.880549 25.8623624, 91.8804458 25.8612993, 91.8803693 25.8603773, 91.880262 25.8593225, 91.8801548 25.8583353, 91.8800193 25.8574833, 91.8798584 25.8565227, 91.8797792 25.8561148, 91.8796465 25.8557056, 91.8794748 25.8551408, 91.8794064 25.8547776, 91.8793313 25.8544324, 91.8792616 25.8542815, 91.879157 25.8541572, 91.878925 25.8539315, 91.878811 25.8538133, 91.8786956 25.8536383, 91.8785414 25.8533559, 91.8784703 25.8531447, 91.8783899 25.8528478, 91.8783349 25.8526221, 91.8782262 25.8524, 91.8781029 25.8521743, 91.87795 25.8519897, 91.8777595 25.8517978, 91.8775168 25.8516047, 91.8773049 25.8514598, 91.877203 25.8513536, 91.8771681 25.8511823, 91.8771748 25.8510845, 91.8772057 25.8510121, 91.8772607 25.8509336, 91.8773076 25.8508576, 91.8774605 25.850644, 91.8775597 25.850539, 91.8776375 25.8504279, 91.8776911 25.8503435, 91.8777086 25.8502843, 91.8777274 25.850154, 91.8777314 25.8499838, 91.8776496 25.8494757, 91.8776013 25.8488384, 91.8775584 25.8479308, 91.8775061 25.8474855, 91.8774296 25.8470582, 91.8773197 25.8464318, 91.8772539 25.8460347, 91.8771386 25.8455616, 91.8770917 25.8451609, 91.8770568 25.8446865, 91.8770286 25.8441977, 91.8769884 25.8438296, 91.876924 25.8436099, 91.8767926 25.8434168, 91.8765338 25.8430982, 91.8764573 25.8429533, 91.8763246 25.8427047, 91.876169 25.8422316, 91.8760443 25.8420191, 91.8758605 25.841651, 91.875713 25.8412937, 91.875473 25.8407228, 91.8753254 25.8403535, 91.8752289 25.8400795, 91.8751632 25.8396063, 91.8751283 25.8392828, 91.8751457 25.838963, 91.8751337 25.8386576, 91.8751176 25.8384584, 91.8750519 25.8381422, 91.8749633 25.8377861, 91.8748185 25.8372104, 91.8747005 25.8367227, 91.8745624 25.8360106, 91.8744685 25.8356134, 91.8744872 25.8354553, 91.8745489 25.8352948, 91.8746576 25.8351511, 91.874954 25.8348192, 91.8751645 25.8346357, 91.8753402 25.8343931, 91.8753992 25.8342289, 91.8753804 25.8340394, 91.8753161 25.8337871, 91.8752356 25.8333791, 91.8751846 25.8330774, 91.8751511 25.8329398, 91.8751471 25.8328541, 91.8751591 25.8327901, 91.875198 25.8327321, 91.875245 25.8326947, 91.8753067 25.8326621, 91.8753697 25.8326416, 91.8754408 25.8326344, 91.8754931 25.832644, 91.8755414 25.8326597, 91.8756567 25.8326935, 91.8760349 25.8328589, 91.8762468 25.8329048, 91.8764412 25.8329337, 91.87668 25.8329313, 91.8768288 25.8328879, 91.8769415 25.8328311, 91.8770125 25.8327539, 91.877097 25.8326235, 91.8771198 25.8324883, 91.8771037 25.8323314, 91.8770635 25.8321974, 91.8769522 25.8320453, 91.8764091 25.8315178, 91.8761073 25.831204, 91.8760228 25.8310458, 91.8759611 25.8309227, 91.875937 25.8307598, 91.8759356 25.8305038, 91.8759598 25.8300645, 91.8759517 25.8298943, 91.8759316 25.829753, 91.8758512 25.8296106, 91.8757546 25.8294983, 91.8755977 25.8293716, 91.8752825 25.8291374, 91.8751538 25.8289986, 91.8750451 25.8288634, 91.8749566 25.8286099, 91.8748547 25.828296, 91.8747072 25.8279653, 91.8746321 25.8278397, 91.8744805 25.8276768, 91.8742673 25.8274981, 91.8740956 25.8273858, 91.8739535 25.8273038, 91.8738958 25.8272446, 91.8737644 25.8270901, 91.873586 25.8268812, 91.8735042 25.826798, 91.873358 25.8267135, 91.8731233 25.8265783, 91.8730147 25.8265046, 91.8729275 25.8264479, 91.8728337 25.8263042, 91.8727009 25.8260797, 91.8726245 25.8258866, 91.8725547 25.8256331, 91.8725574 25.8253361, 91.8725963 25.8249655, 91.8726084 25.8245864, 91.8725614 25.8242364, 91.8724957 25.8238851, 91.8723589 25.8231958, 91.8722449 25.8228541, 91.8721282 25.8226537, 91.8719619 25.8224533, 91.8716723 25.8221491, 91.8714966 25.8220514, 91.8714 25.8220188, 91.8712606 25.8219922, 91.8709736 25.821991, 91.8708006 25.821956, 91.8706624 25.8219089, 91.8703057 25.8217399, 91.8700294 25.8216409, 91.8697532 25.8215431, 91.8696378 25.8214284, 91.8695976 25.8213415, 91.8695788 25.8211423, 91.8696298 25.820919, 91.8697089 25.8206631, 91.8697934 25.820488, 91.8698618 25.8204228, 91.8699221 25.8203758, 91.8700442 25.8203178, 91.8702735 25.8202176, 91.8707255 25.8200655, 91.8710259 25.8199665, 91.8712351 25.8198337, 91.8713799 25.8197408, 91.8715395 25.8196116, 91.8716186 25.8195271, 91.8716723 25.8194631, 91.8716924 25.819375, 91.8716857 25.8193158, 91.8716589 25.8192386, 91.8715516 25.8190768, 91.8714067 25.8188993, 91.8713732 25.8187979, 91.8713652 25.8187303, 91.8713652 25.8186784, 91.8713732 25.818618, 91.8713906 25.8185854, 91.8714711 25.8184913, 91.871565 25.8184563, 91.8716589 25.818449, 91.8717608 25.8184623, 91.8718989 25.8184828, 91.8719901 25.8185021, 91.872139 25.8185058, 91.872261 25.8184852, 91.8723482 25.818449, 91.8724313 25.8183971, 91.8726499 25.8180724, 91.8728578 25.8178249, 91.8730912 25.8176329, 91.8733366 25.8174989, 91.8735592 25.8174506, 91.8738033 25.8174301, 91.8739696 25.8174011, 91.8741131 25.8173287, 91.8744551 25.8171211, 91.8749191 25.8166382, 91.8751028 25.8163871, 91.8752222 25.816148, 91.8752906 25.8159235, 91.8754917 25.8155782, 91.8755494 25.8154055, 91.8755883 25.8152027, 91.8756232 25.8147886, 91.8756527 25.8145061, 91.8755829 25.814348, 91.8755159 25.8142405, 91.8754502 25.8141584, 91.8752061 25.8138168, 91.87508 25.8136224, 91.8749848 25.8133037, 91.874903 25.8130924, 91.8748038 25.8128389, 91.8746898 25.8126409, 91.8745878 25.812304, 91.8744551 25.8118767, 91.874388 25.8117113, 91.8743464 25.8115857, 91.8743263 25.8114505, 91.8743317 25.8113889, 91.8743746 25.8113322, 91.8744537 25.8113032, 91.874561 25.8112996, 91.8746871 25.811302, 91.8748158 25.811302, 91.8749003 25.8112923, 91.8750022 25.8112609, 91.875135 25.8111547, 91.875241 25.8110569, 91.8753295 25.8109265, 91.8754998 25.8106368, 91.8755534 25.8104871, 91.8755588 25.810318, 91.8754998 25.8101659, 91.8753844 25.8099438, 91.8753026 25.8097204, 91.8752731 25.809497, 91.8752195 25.8091095, 91.8751752 25.8089212, 91.8751055 25.8087557, 91.8749821 25.8084781, 91.874911 25.8082789, 91.8748668 25.8081086, 91.8748534 25.8079046, 91.8748721 25.8076136, 91.8748708 25.8073202, 91.8748333 25.8070546, 91.874789 25.8068506, 91.8747273 25.8066212, 91.8747233 25.8065463, 91.87473 25.8064787, 91.8747702 25.8064304, 91.874848 25.8063942, 91.8749204 25.80637, 91.875017 25.8063483, 91.8750988 25.8063338, 91.8752074 25.8063205, 91.8754099 25.8062904, 91.8756084 25.8062517, 91.8757707 25.8062022, 91.8758847 25.8060923, 91.8759611 25.8059873, 91.8760537 25.8057543, 91.8761542 25.8053559, 91.8761637 25.8052116)",10174.098438869198,184.1509997446791,91.8835204,25.8964695,91.8761637,25.8052116,1.001142460309477,,,
794769,939376,0,977963756,trunk,,,,,NH6,"LINESTRING (91.8776629 25.9084941, 91.8776777 25.9086252, 91.877773 25.9090655, 91.8778414 25.909361, 91.8778588 25.9095323, 91.8778642 25.9097579, 91.8778548 25.9099256, 91.8778306 25.9100522, 91.8777867 25.9102167, 91.877773 25.9102682, 91.8777166 25.9104805, 91.8777072 25.9106083, 91.8777059 25.9108098, 91.87773 25.9112368, 91.877773 25.9118544, 91.8777663 25.9121874, 91.8777408 25.9126566, 91.8776952 25.9129642, 91.8776067 25.9134081, 91.8774015 25.9140981, 91.8771788 25.9148761, 91.8770005 25.9156795, 91.8768597 25.9163815, 91.8767712 25.9168121, 91.8767135 25.9170678, 91.8766947 25.9172259, 91.8766893 25.9175105, 91.8767537 25.9181197, 91.8768382 25.9190979, 91.8768986 25.9198361, 91.8769106 25.9206467, 91.8768959 25.9214488, 91.8768583 25.9221399, 91.8768194 25.9224511, 91.8767497 25.9227116, 91.8766719 25.9228962, 91.8765807 25.923109, 91.8765566 25.9231652, 91.8764305 25.9235053, 91.8763527 25.923761, 91.876224 25.9239757, 91.8760282 25.9243195, 91.8758136 25.9246765, 91.8756326 25.9250878, 91.8752275 25.9261383, 91.8748601 25.927108, 91.8746924 25.9275097, 91.8746066 25.9276858, 91.8744577 25.9279306, 91.8742968 25.9280995, 91.8741292 25.9283383, 91.8740621 25.9285132, 91.8740407 25.9286145, 91.8740286 25.9288292, 91.8740393 25.9289474, 91.8740675 25.9291934, 91.8740648 25.9293176, 91.874046 25.9294744, 91.8739924 25.9295999, 91.8738717 25.929788, 91.8737215 25.9299967, 91.8735646 25.9302367, 91.8734948 25.9304007, 91.8733728 25.9307674, 91.8733393 25.9309507, 91.8732977 25.9310834, 91.8732481 25.9311823, 91.8731663 25.9312848, 91.8730362 25.931409, 91.8729678 25.931497, 91.8729021 25.9315947, 91.87278 25.9319626, 91.872717 25.9321435, 91.8726003 25.9323003, 91.8723227 25.9325813, 91.8721001 25.9328491, 91.8719606 25.9330927, 91.8719056 25.9332507, 91.8718654 25.9334497, 91.8718386 25.9336644, 91.8718466 25.9338139, 91.8718775 25.9340455, 91.8720008 25.9343506, 91.8721336 25.9346183, 91.8722248 25.9348993, 91.872261 25.9350706, 91.8722597 25.9352419, 91.8722127 25.9356109, 91.8721645 25.9359317, 91.8721524 25.9361741, 91.8721578 25.9364732, 91.8721966 25.9367856, 91.8723026 25.9371812, 91.8723308 25.9373609, 91.8723227 25.9376575, 91.8722637 25.9383184, 91.8722329 25.938585, 91.8721618 25.9388201, 91.8721108 25.9390384, 91.8721135 25.939165, 91.8721363 25.9393966, 91.872147 25.939674, 91.8721282 25.9398464, 91.8720853 25.9400044, 91.8719606 25.9402577, 91.8719096 25.9403819, 91.8718922 25.9404518, 91.8718842 25.9405278, 91.8718949 25.9406436, 91.871915 25.9408788, 91.8719365 25.9411091, 91.8718936 25.9412852, 91.8718708 25.9413913, 91.8718345 25.9415626, 91.8718748 25.9418279, 91.8718909 25.9419388, 91.8718801 25.9420739, 91.87186 25.9421414, 91.8718104 25.9422295, 91.8716723 25.9424055, 91.87162 25.9424827, 91.8715771 25.9425912, 91.8715435 25.9428554, 91.8714966 25.943029, 91.8713705 25.9433775, 91.8713048 25.9435331, 91.8712807 25.9436633, 91.8713088 25.9437646, 91.8713692 25.943913, 91.8714121 25.9439793, 91.8714872 25.9440806, 91.8715556 25.9441843, 91.8715905 25.9443278, 91.8716334 25.9445618, 91.871675 25.9446848, 91.871734 25.9448247, 91.8718533 25.9450791, 91.8718815 25.9453034, 91.8718694 25.945453, 91.8718319 25.9456121, 91.8717266 25.9457822, 91.8716113 25.9459004, 91.871518 25.9459727, 91.8714054 25.9460228, 91.8712874 25.9460644, 91.8711177 25.946103, 91.8709199 25.9461277, 91.8707483 25.9461578, 91.8706658 25.9461904, 91.8705632 25.9462356, 91.8704881 25.9462893, 91.8703774 25.946396, 91.8703057 25.9464961, 91.8702091 25.9466281, 91.8700884 25.9467861, 91.8699181 25.9469025, 91.8698276 25.9469459, 91.8696861 25.947005, 91.8692167 25.9471033, 91.8685388 25.9472426, 91.8678588 25.9473589, 91.8674981 25.9474222, 91.8673036 25.9474651, 91.8671695 25.9474608, 91.8670314 25.9474373, 91.8668617 25.9473855, 91.8667732 25.9473366, 91.8665902 25.9472438, 91.8664373 25.9471937, 91.8663528 25.947178, 91.866281 25.9471732, 91.8661617 25.9471799, 91.8660638 25.9471967, 91.8659451 25.9472456, 91.8657674 25.9474017, 91.8655508 25.9476297, 91.8653335 25.9478497, 91.8651344 25.9480499, 91.865074 25.9481331, 91.8650358 25.9482284, 91.865009 25.9482929, 91.8649983 25.9483586, 91.8649969 25.9484575, 91.8650499 25.948724, 91.8651002 25.9491232, 91.8651297 25.9494843, 91.8651498 25.9498732, 91.8651887 25.9501771, 91.8652195 25.9503749, 91.8652591 25.9506088, 91.8653014 25.9507903, 91.8653416 25.9510013, 91.865351 25.9511219, 91.8653396 25.9512558, 91.8652993 25.9514469, 91.8652537 25.951579, 91.8651853 25.9516863, 91.8650754 25.951831, 91.8649124 25.9520312, 91.8647622 25.9522325, 91.8646972 25.9523586, 91.8646657 25.9524779, 91.8646442 25.9526281, 91.8646482 25.9527384, 91.8646724 25.9528741, 91.8647388 25.9530664, 91.8647797 25.9531514, 91.8648896 25.9532919, 91.8649969 25.9533986, 91.8651176 25.9535017, 91.8653067 25.9536784, 91.8654033 25.9537851, 91.8654965 25.9539189, 91.865581 25.9540781, 91.8656541 25.9542433, 91.8656956 25.9544278, 91.8657231 25.954643, 91.8657674 25.9549379, 91.8658083 25.9551007, 91.8658814 25.9552779, 91.8660128 25.9554956, 91.8661167 25.9556819, 91.8661798 25.9557542, 91.8663112 25.9558266, 91.8665942 25.9559399, 91.8669402 25.9560484, 91.8670334 25.9561136, 91.8671253 25.9561678, 91.8672279 25.9562426, 91.8673412 25.9563969, 91.8674069 25.956538, 91.867492 25.95674, 91.867535 25.9568087, 91.8675705 25.9568527, 91.8676094 25.9568895, 91.8677851 25.9570077, 91.8678488 25.9570571, 91.8679413 25.957115, 91.8679876 25.9571644, 91.8680211 25.9572247, 91.868058 25.9573308, 91.8680707 25.9575322, 91.868056 25.9578306, 91.8680426 25.9580899, 91.8680305 25.9582876, 91.868003 25.9583919, 91.8679661 25.9584607, 91.8679158 25.958536, 91.8678354 25.958603, 91.8677495 25.9586705, 91.8675752 25.9587543, 91.8674813 25.9587754, 91.8673532 25.958826, 91.8672118 25.9588972, 91.8671259 25.9589707, 91.8665466 25.9594591, 91.8663105 25.9596532, 91.8660906 25.9597424, 91.865994 25.9597424, 91.8658948 25.9597256, 91.8657593 25.9596677, 91.8656145 25.9595748, 91.8655367 25.9594965, 91.865467 25.9594265, 91.8653664 25.9593554, 91.8651827 25.959283, 91.8649574 25.9592083, 91.8648219 25.95916, 91.8647294 25.959119, 91.8646301 25.9590527, 91.8645403 25.9589032, 91.8645188 25.9587694, 91.8645389 25.9586524, 91.8645711 25.9585596, 91.8646798 25.9583751, 91.8647026 25.9582147, 91.864669 25.9581038, 91.8646516 25.9580543, 91.8645886 25.9579892, 91.8644866 25.9579374, 91.8643807 25.9579181, 91.8642801 25.9579132, 91.864209 25.9579253, 91.8641567 25.9579422, 91.8639985 25.9580326, 91.8638697 25.9580953, 91.8637195 25.9581291, 91.8636726 25.9581279, 91.8635935 25.9581206, 91.8635009 25.95807, 91.8633802 25.9579771, 91.8632877 25.9577987, 91.8631656 25.9575057, 91.8630691 25.9573164, 91.8629712 25.9572066, 91.8629122 25.9571813, 91.8628384 25.9571584, 91.8627271 25.957156, 91.8626627 25.957168, 91.8625461 25.9572657, 91.862483 25.9573562, 91.8624079 25.9575816, 91.8623328 25.957771, 91.8622886 25.9578915, 91.8622228 25.9579458, 91.8621129 25.9579796, 91.8620096 25.9579892, 91.8619305 25.9579759, 91.861854 25.9579277, 91.8617481 25.9578059, 91.8616542 25.9575708, 91.8615898 25.9574466, 91.8614182 25.957244, 91.8611915 25.9569438, 91.8606739 25.9562239, 91.8602742 25.9556415, 91.8601227 25.9554232, 91.859947 25.9552833, 91.8597874 25.9551591, 91.8595487 25.9550663, 91.8593073 25.9549951, 91.8591249 25.9549686, 91.8587816 25.9549722, 91.8584181 25.9549759, 91.8583229 25.9549891, 91.8582103 25.9550229, 91.8581405 25.9550796, 91.8580855 25.9551495, 91.8580426 25.9552315, 91.858048 25.9553738, 91.8580815 25.9555137, 91.8581673 25.9557295, 91.8582049 25.9558995, 91.8581969 25.956008, 91.8581687 25.9561383, 91.8581218 25.9562504, 91.8580212 25.9563505, 91.8579152 25.9564289, 91.85782 25.9564856, 91.8576711 25.9565591, 91.8576349 25.9565639, 91.857474 25.956611, 91.8573184 25.9566604, 91.8572205 25.9567243, 91.8571253 25.9568244, 91.8570542 25.956951, 91.857022 25.9570848, 91.857014 25.9573706, 91.857006 25.957619, 91.8569885 25.9577179, 91.8569309 25.9577878, 91.8568759 25.9578288, 91.8568021 25.957853, 91.8567337 25.957865, 91.8566492 25.9578505, 91.856562 25.957812, 91.8564306 25.9577239, 91.856267 25.9576395, 91.8559451 25.9575358, 91.8557882 25.9574779, 91.8556675 25.9574309, 91.8555482 25.957355, 91.8553551 25.9572223, 91.8551901 25.9571271, 91.8550158 25.9570619, 91.8547221 25.9569992, 91.8543935 25.9569462, 91.8541521 25.9569124, 91.8540153 25.956904, 91.8538839 25.9569112, 91.8537779 25.9569245, 91.8536411 25.9569329, 91.8534842 25.9569498, 91.853279 25.9569293, 91.8528311 25.9568473, 91.85252 25.9567967, 91.8523657 25.9567858, 91.8522236 25.9567846, 91.8521042 25.9567967, 91.8519366 25.9568485, 91.8517636 25.9569305, 91.8515718 25.9570065, 91.8514229 25.9570463, 91.8512379 25.9570981, 91.8510501 25.9571656, 91.8508007 25.9573079, 91.8506652 25.9574032, 91.8505526 25.9574514, 91.8504855 25.9574683, 91.8503715 25.9574876, 91.850173 25.9575141, 91.8499437 25.9575515, 91.8498337 25.9575768, 91.8497479 25.9576058, 91.8496862 25.95766, 91.8496205 25.9577589, 91.849599 25.9578469, 91.8496124 25.957953, 91.8496916 25.9580833, 91.8497586 25.958158, 91.8498445 25.9582991, 91.8498512 25.9584197, 91.8498498 25.9585234, 91.8498592 25.9586102, 91.8499115 25.9587103, 91.8499826 25.958773, 91.8500818 25.9588248, 91.8502468 25.9588719, 91.8504681 25.9589225, 91.8507926 25.9589985, 91.8509294 25.9590527, 91.8510313 25.9591395, 91.8511279 25.9592408, 91.8512405 25.9594024, 91.8513411 25.9595254, 91.8514739 25.9596544, 91.8515691 25.9597075, 91.8517019 25.9597605, 91.8521029 25.9598401, 91.8524086 25.9598871, 91.8525119 25.9599161, 91.8527211 25.9600282, 91.8528955 25.9602163, 91.8529505 25.9602995, 91.8529893 25.9604587, 91.8530323 25.9606564, 91.8530484 25.9608023, 91.8530872 25.9609084, 91.853153 25.9609952, 91.853224 25.9610579, 91.8533166 25.9611255, 91.8534306 25.9611677, 91.8535379 25.9611785, 91.8537082 25.9611604, 91.8538772 25.9610881, 91.8539979 25.9609916, 91.8540515 25.9609072, 91.8540864 25.9608361, 91.8541038 25.960736, 91.8540609 25.9605286, 91.8540099 25.9603815, 91.8539992 25.9602935, 91.8540019 25.9601826, 91.8540394 25.9600825, 91.8540944 25.9599944, 91.8542661 25.9598799, 91.8544324 25.9598015, 91.8545423 25.9597292, 91.8546469 25.9596207, 91.8547234 25.9594735, 91.8547408 25.959359, 91.8547972 25.9591034, 91.854879 25.9589756, 91.8549822 25.9588996, 91.855123 25.9588622, 91.8553068 25.9588538, 91.8555133 25.9589249, 91.8557467 25.9590998, 91.8558419 25.9591769, 91.855913 25.9592481, 91.8559974 25.9593711, 91.8560927 25.9595447, 91.856212 25.9597919, 91.8563072 25.9599293, 91.8565044 25.9601331, 91.8566009 25.9602211, 91.8566908 25.9602971, 91.8567686 25.9604129, 91.8569054 25.9607276, 91.857014 25.960941, 91.8573734 25.9615547, 91.857816 25.9623047, 91.85793 25.9625205, 91.8579903 25.9627147, 91.8580064 25.9628485, 91.8579863 25.9630149, 91.8579273 25.9632066, 91.8577449 25.9637106, 91.8576685 25.9639228, 91.8576416 25.9640989, 91.8576135 25.9643087, 91.857592 25.9645595, 91.8575813 25.9648766, 91.857594 25.9650879)",6605.184992441223,342.3171449493671,91.8776629,25.9084941,91.857594,25.9650879,0.990996437271102,,,
794770,794633,0,977963755,trunk,,,,,NH6,"LINESTRING (91.8777704 25.9084876, 91.8777636 25.9084201, 91.8777542 25.908209, 91.8777515 25.9080172, 91.877832 25.9074816, 91.8779245 25.9068398, 91.8779527 25.9065804, 91.877954 25.9062366, 91.8779406 25.9059266, 91.8778668 25.9054489, 91.8777823 25.9049748, 91.8776321 25.9041472, 91.8774605 25.9031532, 91.877321 25.9024306, 91.8772084 25.9017345, 91.8772097 25.9015451, 91.8772191 25.9014003, 91.8772741 25.9011361, 91.8774068 25.9005498, 91.8775584 25.899937, 91.8776241 25.8997078, 91.8776898 25.8995497, 91.8777984 25.8993965, 91.8779513 25.8992964, 91.8780921 25.8992336, 91.8782088 25.8991962, 91.8785106 25.8991444, 91.878933 25.8991034, 91.8792374 25.8990647, 91.8795311 25.8989996, 91.8795824 25.8989791, 91.8798034 25.898891, 91.8802661 25.8986172, 91.8812209 25.8980586, 91.8814409 25.8979222)",1230.8504482668131,162.64492835016952,91.8777704,25.9084876,91.8814409,25.8979222,0.991409839990168,,,
810485,414613,0,1037911508,trunk,,,asphalt,,NH6,"LINESTRING (91.885979 25.5266694, 91.8860194 25.526641)",5.138639267611336,127.91907428178436,91.885979,25.5266694,91.8860194,25.526641,0.93744151519943,,,
810485,485607,0,1037911508,trunk,,,asphalt,,NH6,"LINESTRING (91.885979 25.5266694, 91.885888 25.5267524, 91.8857941 25.5268298, 91.8857136 25.5269109, 91.8856613 25.5269884, 91.8856278 25.5270682, 91.8856104 25.5271614, 91.8856144 25.5272764, 91.8856332 25.5273913, 91.8856667 25.5275196, 91.8857391 25.5277919, 91.8858384 25.5281768, 91.8859242 25.5284926, 91.8859812 25.5287429, 91.8860234 25.5289283, 91.8860811 25.5291618, 91.8861374 25.5293555, 91.8861857 25.5294886, 91.8862259 25.5295805, 91.8862782 25.529681, 91.8863413 25.529779, 91.886415 25.5298807, 91.8865921 25.5301215, 91.8866725 25.5302413, 91.8867289 25.5303502, 91.8867812 25.5304664, 91.8868147 25.5305692, 91.8868388 25.5306794, 91.886863 25.5307943, 91.8868764 25.5309093, 91.8868951 25.5310932, 91.8869086 25.5312566, 91.8869244 25.5313903, 91.8869273 25.5314151, 91.8869542 25.5315253, 91.886989 25.5316342, 91.8870454 25.5317564, 91.8871164 25.5319113, 91.8872318 25.5321243, 91.8872455 25.5321489, 91.8873243 25.5322901, 91.8873847 25.532405, 91.8874302 25.5325188, 91.8874638 25.532612, 91.8875214 25.5327765, 91.8875329 25.5328173, 91.8875617 25.5329193, 91.8876086 25.5330888, 91.8876502 25.5332533, 91.887681 25.5333622, 91.887728 25.5334578, 91.8877964 25.5335607, 91.8878862 25.5336503, 91.8880016 25.5337446, 91.8881508 25.5338677, 91.888251 25.5339504, 91.888365 25.5340569, 91.888429 25.534121, 91.8884495 25.5341416, 91.8885353 25.5342384, 91.8886077 25.5343545, 91.8886533 25.534478, 91.888659 25.5345004, 91.8886909 25.5346256, 91.8887298 25.5348108, 91.8887583 25.5349053, 91.8887714 25.5349487, 91.8888143 25.5350564, 91.8888581 25.5351457, 91.888876 25.5351823, 91.8889242 25.5352936, 91.8889511 25.5353904, 91.8889658 25.5354872, 91.8889618 25.5355671, 91.8889363 25.535682, 91.8889041 25.5357752, 91.8888532 25.5358938, 91.8887955 25.5360027, 91.888766 25.5360959, 91.8887445 25.5361903, 91.8887418 25.5362847)",1104.5265024167404,14.534715391363832,91.885979,25.5266694,91.8887418,25.5362847,0.9946360605028912,,,
927570,1006498,0,611197746,trunk,,,,,NH6,"LINESTRING (91.871477 26.0611264, 91.8713812 26.0608979, 91.8713305 26.0607362, 91.871273 26.060396, 91.8712561 26.0598213, 91.8712451 26.0596505, 91.8712195 26.0594316, 91.8711939 26.0591399, 91.8711446 26.0588343, 91.8710513 26.0585324, 91.8709264 26.0582128, 91.8707899 26.0579112, 91.8707356 26.0577612, 91.8706726 26.0575171, 91.8706168 26.0572118, 91.870562 26.0568644, 91.8705043 26.0564945, 91.8704545 26.0561818, 91.8704088 26.0559255, 91.8703656 26.055694, 91.8703236 26.0555051, 91.8702885 26.055368, 91.87024 26.055254, 91.8701233 26.0550757, 91.8700133 26.0548853, 91.8699127 26.0546191, 91.8698886 26.0545046, 91.8698792 26.0542877, 91.8698873 26.0538733, 91.8698886 26.0534046, 91.8698886 26.0530359, 91.8699047 26.0528974, 91.8699302 26.052801, 91.8699718 26.0526877, 91.8700281 26.0525974, 91.8701783 26.0524468, 91.8703526 26.0523251, 91.8706088 26.0521877, 91.870822 26.0520672, 91.8710017 26.0519263, 91.8711694 26.0517419, 91.8712686 26.0515901, 91.8713625 26.0513913, 91.8714108 26.0511829, 91.8714496 26.0509371, 91.8714416 26.0507672, 91.8713933 26.0505359, 91.8713169 26.0503359, 91.8712123 26.0501455, 91.8710835 26.0499105, 91.8709977 26.049719, 91.8709601 26.0495515, 91.8709333 26.0493587, 91.8709213 26.0491479, 91.8708877 26.0489527, 91.8708515 26.0488153, 91.8707858 26.0486527, 91.8707067 26.0485081, 91.8705806 26.04839, 91.8703312 26.0481659, 91.8699355 26.0478647, 91.8696526 26.0476165, 91.8695533 26.0475068, 91.8693937 26.0472755, 91.8691738 26.0468417, 91.868919 26.0464019, 91.868562 26.0457488)",1734.531578760058,189.66534143194215,91.871477,26.0611264,91.868562,26.0457488,0.9984003515309252,,,
927571,1006563,0,611197747,trunk,,,,,NH6,"LINESTRING (91.8713799 26.0611658, 91.8715395 26.0614321, 91.871683 26.0616345, 91.8718909 26.0619104, 91.8720169 26.0620802, 91.8721242 26.0622417, 91.8722007 26.0623658, 91.8722583 26.0625079, 91.8723053 26.0626802, 91.8723978 26.0631103, 91.8724622 26.0634585, 91.8724783 26.0637476, 91.8724421 26.0639416, 91.8724005 26.0640801, 91.8722637 26.0644162, 91.872206 26.0646054, 91.8721873 26.0647993, 91.8721832 26.0650294, 91.8722141 26.0651463, 91.872257 26.0652728, 91.8723187 26.0653993, 91.8723844 26.0655643, 91.8724434 26.0657378, 91.8724675 26.0659004, 91.8724635 26.0660944, 91.8724273 26.0664991, 91.8723683 26.0670509, 91.8723683 26.0672846, 91.8723831 26.0674183, 91.8724488 26.0676171, 91.8726996 26.0681532, 91.8731354 26.0690844, 91.8733728 26.0696301, 91.8734935 26.0699168, 91.8735887 26.0701867, 91.8740832 26.0717712)",1209.7867356522052,12.89618591415335,91.8713799,26.0611658,91.8740832,26.0717712,0.9958397168329822,,,
939376,1905051,0,977963756,trunk,,,,,NH6,"LINESTRING (91.857594 25.9650879, 91.8576054 25.9652793, 91.8576309 25.9658556, 91.8576309 25.9660944, 91.8576604 25.966303, 91.8578321 25.9668552, 91.8579366 25.967232)",240.8609321774969,8.174947687131926,91.857594,25.9650879,91.8579366,25.967232,0.9993640934207032,,,
939377,794770,0,977963755,trunk,,,,,NH6,"LINESTRING (91.8577215 25.9650852, 91.8577208 25.9647271, 91.8577281 25.9643605, 91.8577469 25.9640404, 91.8578039 25.9638041, 91.857871 25.9635587, 91.8579749 25.9633157, 91.8580668 25.9630613, 91.8580916 25.962904, 91.8580869 25.9628033, 91.8580627 25.9626399, 91.8579917 25.9624355, 91.8578844 25.9622312, 91.8577315 25.9619713, 91.8575203 25.9616506, 91.8572561 25.9612093, 91.8570777 25.960865, 91.8569791 25.9606811, 91.8569376 25.960525, 91.8568625 25.9603586, 91.8567927 25.9602549, 91.8566546 25.9601355, 91.8565265 25.960033, 91.8564018 25.9599022, 91.8563059 25.9597653, 91.8562341 25.9596399, 91.8560672 25.9593234, 91.8559807 25.9591986, 91.8558982 25.9590931, 91.855742 25.9589816, 91.8555046 25.9588375, 91.8553577 25.9587802, 91.8552672 25.9587724, 91.8551841 25.9587724, 91.8550821 25.9587893, 91.8549614 25.9588327, 91.8548542 25.9588972, 91.8547958 25.9589617, 91.8547301 25.9590594, 91.8546845 25.9591606, 91.8546523 25.9593698, 91.8546282 25.9594934, 91.8545558 25.9595941, 91.8545001 25.9596538, 91.8544163 25.9597219, 91.8542802 25.9597804, 91.8541326 25.959857, 91.8540448 25.9599143, 91.8540005 25.9599655, 91.8539375 25.9600728, 91.8539114 25.9602018, 91.8539154 25.9602983, 91.853961 25.9604454, 91.8540059 25.9605696, 91.8540314 25.9606414, 91.8540274 25.9607824, 91.8539891 25.9608723, 91.8539295 25.9609512, 91.8538255 25.961032, 91.8537008 25.9610845, 91.853564 25.9610971, 91.8534929 25.9610935, 91.8534098 25.961067, 91.8533112 25.9610236, 91.8532415 25.9609747, 91.8531784 25.960909, 91.8531342 25.9608295, 91.8531154 25.9607535, 91.853102 25.9606389, 91.8530852 25.9604683, 91.8530061 25.9602235, 91.8529665 25.9601645, 91.8529397 25.9601337, 91.8528834 25.9600728, 91.8527386 25.9599348, 91.8526722 25.9598992, 91.8526212 25.9598703, 91.8524274 25.9598009, 91.8522537 25.9597696, 91.8520117 25.9597298, 91.8518393 25.9597002, 91.8517334 25.9596719, 91.8515886 25.9596146, 91.85149 25.9595537, 91.8514035 25.9594735, 91.8512996 25.9593361, 91.8511654 25.9591353, 91.8510957 25.9590702, 91.8510179 25.959019, 91.8509368 25.9589731, 91.8508248 25.9589243, 91.8507081 25.9588839, 91.8503226 25.9587989, 91.8501509 25.9587489, 91.8500543 25.9587049, 91.8500081 25.9586633, 91.8499698 25.958606, 91.8499403 25.9585318, 91.8499336 25.9584444, 91.8499269 25.9582804, 91.8499169 25.9582225, 91.8499008 25.9581767, 91.849874 25.9581393, 91.849829 25.9580863, 91.8497626 25.958023, 91.8497311 25.957985, 91.8497036 25.957909, 91.8496976 25.9578198, 91.849715 25.9577697, 91.8497466 25.9577245, 91.8497781 25.957695, 91.8498237 25.9576654, 91.849886 25.957648, 91.8499598 25.9576263, 91.85022 25.9576003, 91.8503246 25.9575865, 91.8504158 25.957569, 91.8505277 25.9575515, 91.8506042 25.9575292, 91.8506813 25.9575027, 91.8508556 25.9573911, 91.850975 25.9573049, 91.8510769 25.9572458, 91.8511856 25.9572024, 91.8512788 25.9571662, 91.8513921 25.9571373, 91.8515027 25.9571156, 91.8517924 25.9570095, 91.8519265 25.9569426, 91.8519922 25.956919, 91.8520693 25.9568823, 91.8522417 25.956863, 91.8523215 25.9568678, 91.8525025 25.9568943, 91.8526688 25.956919, 91.8530014 25.9569769, 91.8532395 25.9570209, 91.8534272 25.9570457, 91.8535385 25.9570366, 91.853621 25.9570288, 91.8537759 25.9570077, 91.8539342 25.9569842, 91.8540549 25.9569818, 91.8541534 25.9569866, 91.8542372 25.9570077, 91.8545698 25.9570577, 91.8549554 25.9571277, 91.8551137 25.9571801, 91.8552404 25.9572705, 91.8554758 25.9574315, 91.8555844 25.9574978, 91.8556783 25.9575455, 91.8557681 25.9575744, 91.8559371 25.957613, 91.8561161 25.9576679, 91.856265 25.9577233, 91.856438 25.9578409, 91.8565788 25.9579211, 91.8566988 25.9579615, 91.8567599 25.9579663, 91.8568336 25.9579663, 91.8568946 25.9579434, 91.8569785 25.9578927, 91.8570636 25.9578071, 91.8571018 25.957733, 91.857126 25.9576088, 91.8571092 25.9573676, 91.8571099 25.9571729, 91.8571173 25.9570595, 91.8571293 25.9569836, 91.8571642 25.9569106, 91.8571857 25.9568612, 91.857301 25.9567569, 91.8573922 25.9567153, 91.8574995 25.9566791, 91.8576369 25.9566483, 91.8577711 25.9565971, 91.8578636 25.9565724, 91.8579615 25.9565229, 91.8580319 25.956459, 91.8580902 25.9564174, 91.8582009 25.9562607, 91.8582512 25.9561757, 91.8582854 25.9560575, 91.8582941 25.9559128, 91.8582807 25.9558061, 91.8582223 25.9556089, 91.8581627 25.955457, 91.8581399 25.955369, 91.8581251 25.9552858, 91.8581358 25.9552309, 91.8581687 25.9551778, 91.8582364 25.9551151, 91.8583008 25.955091, 91.8583752 25.9550771, 91.8584463 25.9550729, 91.8585623 25.9550717, 91.858681 25.9550675, 91.8589043 25.9550639, 91.8591262 25.9550663, 91.8593194 25.9550874, 91.8594749 25.9551266, 91.8596573 25.9551983, 91.8598196 25.9552954, 91.8600067 25.9554473, 91.8601254 25.9555981, 91.8602823 25.9557982, 91.86058 25.9562366, 91.8608703 25.9566616, 91.8611868 25.9570855, 91.8614591 25.9574219, 91.8615342 25.9575388, 91.8616361 25.9577384, 91.8617038 25.9579012, 91.8617481 25.9579759, 91.8618312 25.9580314, 91.861903 25.9580652, 91.8619835 25.9580833, 91.8620626 25.9580929, 91.8621384 25.9580851, 91.8622021 25.9580597, 91.8622356 25.9580392, 91.8623147 25.9579711, 91.8623771 25.9578891, 91.8624803 25.9576582, 91.8625722 25.9574038, 91.8626259 25.9573266, 91.8626976 25.9572748, 91.862758 25.9572615, 91.8627968 25.9572639, 91.8628377 25.9572742, 91.8629068 25.9573019, 91.8629464 25.9573236, 91.8629766 25.9573556, 91.8630054 25.9573972, 91.8630912 25.9575521, 91.8632146 25.9578771, 91.8633246 25.9580748, 91.8633956 25.9581454, 91.8634734 25.95819, 91.8635224 25.9582111, 91.8636042 25.9582274, 91.8637108 25.9582352, 91.863802 25.9582219, 91.8638771 25.9581996, 91.8639267 25.9581767, 91.8639944 25.9581436, 91.8640923 25.9580796, 91.8642084 25.958023, 91.8643431 25.9579995, 91.8644089 25.9580085, 91.8644618 25.9580411, 91.8645208 25.9580881, 91.8645705 25.9581466, 91.8645939 25.9581978, 91.8646107 25.9582376, 91.8645852 25.9583347, 91.8644886 25.958527, 91.8644424 25.9586403, 91.8644202 25.9587235, 91.8644256 25.9588315, 91.8644819 25.9589731, 91.8645135 25.9590401, 91.8645731 25.959104, 91.8646818 25.9591793, 91.8648233 25.9592438, 91.8650479 25.9593192, 91.8652175 25.9593765, 91.8653275 25.9594265, 91.8653986 25.9594681, 91.8655086 25.9595573, 91.8656165 25.9596864, 91.8657205 25.9597545, 91.865807 25.9597985, 91.8659659 25.959822, 91.8661074 25.9598094, 91.8662066 25.9597871, 91.8662743 25.9597599, 91.8663984 25.9596834, 91.8666941 25.9594289, 91.8670253 25.9591468, 91.8672379 25.9589725, 91.8673506 25.9589098, 91.8675926 25.9588212, 91.8678515 25.9587079, 91.8679366 25.9586343, 91.868003 25.9585686, 91.8680379 25.9585083, 91.8680754 25.9584305, 91.8681143 25.9582828, 91.8681324 25.95812, 91.8681572 25.957859, 91.8681713 25.9574177, 91.8681096 25.9572151, 91.8680499 25.9571204, 91.8679876 25.9570511, 91.8679319 25.956995, 91.8677408 25.9568895, 91.8676322 25.9567997, 91.8676034 25.9567575, 91.8675611 25.9566453, 91.8674693 25.9564524, 91.8674149 25.956365, 91.8673231 25.9562251, 91.8672895 25.9561919, 91.8672044 25.9561214, 91.8670616 25.9560165, 91.8669603 25.9559646, 91.8666143 25.9558489, 91.8663541 25.9557578, 91.8662348 25.9556722, 91.8661717 25.9556113, 91.8661235 25.955548, 91.866039 25.9553907, 91.8659612 25.9552514, 91.8658968 25.955085, 91.8658626 25.9549252, 91.8658224 25.9547275, 91.8658083 25.9545713, 91.8657821 25.954394, 91.8657446 25.9542457, 91.8657037 25.9541312, 91.8656299 25.9539943, 91.8655884 25.9538978, 91.8654174 25.9536711, 91.8653282 25.9535873, 91.8651431 25.9534149, 91.8650077 25.9532919, 91.8649238 25.9531954, 91.8648574 25.9531008, 91.8647931 25.9529868, 91.8647609 25.9528825, 91.8647468 25.95278, 91.8647354 25.9526462, 91.8647616 25.9524695, 91.8647971 25.952373, 91.8648487 25.9522778, 91.864944 25.9521499, 91.8651766 25.951843, 91.8652497 25.9517472, 91.865306 25.9516592, 91.865361 25.9515428, 91.8654107 25.9514065, 91.8654294 25.9512148, 91.8654227 25.9510206, 91.8653758 25.9507481, 91.865302 25.950308, 91.8652269 25.9497858, 91.8651813 25.9491105, 91.8651223 25.9486607, 91.8650942 25.9485015, 91.8650955 25.948387, 91.8651076 25.9482929, 91.8651411 25.9482097, 91.8652028 25.948106, 91.8653443 25.9479402, 91.8656836 25.947626, 91.8659183 25.9473662, 91.8659873 25.9473222, 91.8660698 25.9472818, 91.8661704 25.9472606, 91.8662314 25.9472504, 91.8663374 25.947248, 91.8664876 25.9472884, 91.8666599 25.9473607, 91.866855 25.9474699, 91.8669791 25.9475109, 91.8670998 25.9475356, 91.8672493 25.9475434, 91.8674009 25.9475278, 91.8676436 25.947497, 91.8688855 25.9472558, 91.8696579 25.9470906, 91.8698283 25.9470219, 91.8699865 25.9469628, 91.8701032 25.9468868, 91.870185 25.9468181, 91.8702789 25.9466806, 91.8704626 25.9464189, 91.8706208 25.9462983, 91.8707228 25.9462549, 91.8708341 25.9462248, 91.870991 25.9462055, 91.8712673 25.9461452, 91.8714456 25.9461006, 91.8715824 25.9460222, 91.871679 25.9459462, 91.8717688 25.9458594, 91.8718567 25.9457472, 91.8719096 25.9456598, 91.8719318 25.9455844, 91.871968 25.9454717, 91.87197 25.9453046, 91.8719599 25.9451533, 91.8719284 25.9450472, 91.8718547 25.9448862, 91.8717353 25.9446136, 91.8717112 25.9444918, 91.8717004 25.9443302, 91.8716347 25.9441554, 91.8715288 25.9440227, 91.8714309 25.9438804, 91.8714041 25.9438056, 91.8713893 25.9437441, 91.8713839 25.9436887, 91.8713906 25.9436272, 91.8714201 25.9435307, 91.871506 25.9432943, 91.8715931 25.9430628, 91.8716387 25.9428192, 91.8717045 25.9425141, 91.8718117 25.9423995, 91.8718895 25.9422717, 91.8719459 25.9421583, 91.8719754 25.9420775, 91.8719847 25.9420064, 91.8719566 25.9418447, 91.8719499 25.9416807, 91.8719418 25.9415288, 91.8719821 25.9413346, 91.8720129 25.941202, 91.872021 25.9410428, 91.8719968 25.940851, 91.8719807 25.9405471, 91.8720008 25.9404265, 91.8720599 25.9403119, 91.872135 25.9401564, 91.8721805 25.9399779, 91.8722208 25.9398356, 91.8722261 25.9396366, 91.8722275 25.9394292, 91.872202 25.9392, 91.8722248 25.9390034, 91.8722489 25.9388455, 91.8722919 25.9386706, 91.8723361 25.9384933, 91.8723643 25.9382521, 91.8724018 25.9378445, 91.8724246 25.9374959, 91.8724085 25.9372728, 91.8723562 25.9370268, 91.8722959 25.9367591, 91.872253 25.9364961, 91.8722382 25.9362356, 91.8722503 25.9359124, 91.8722959 25.9356001, 91.8723415 25.9352768, 91.8723509 25.9350815, 91.8723133 25.9348571, 91.8722396 25.9346425, 91.8720947 25.934318, 91.8720049 25.9340684, 91.8719512 25.9338404, 91.8719324 25.9336728, 91.8719512 25.9334774, 91.8719847 25.9332784, 91.8720451 25.9331421, 91.8721658 25.9329262, 91.8723187 25.9327092, 91.8725467 25.9324655, 91.8727572 25.932234, 91.8728176 25.9321206, 91.8728685 25.9319807, 91.872945 25.9317238, 91.8730013 25.9316189, 91.873122 25.9314705, 91.8732601 25.9313173, 91.8733768 25.9311195, 91.8734211 25.9310134, 91.8734734 25.9308458, 91.8735163 25.9305852, 91.8735833 25.9304176, 91.8737054 25.930174, 91.8738623 25.9299822, 91.8740581 25.9296529, 91.8741238 25.9295082, 91.8741694 25.9293285, 91.8741667 25.9291994, 91.8741533 25.9290246, 91.8741292 25.9288099, 91.8741225 25.9286676, 91.8741573 25.9284878, 91.8742405 25.9283431, 91.8743853 25.9281538, 91.8745597 25.9279294, 91.8746522 25.9277871, 91.8747166 25.9276785, 91.874844 25.9273951, 91.8749808 25.9270574, 91.8751833 25.9265713, 91.8753509 25.9260865, 91.8755333 25.9256197, 91.8756983 25.9251722, 91.8759035 25.9247621, 91.8760724 25.9244533, 91.876291 25.9240481, 91.8764573 25.9237188, 91.8765137 25.9235318, 91.8765821 25.9233159, 91.8767054 25.9230373, 91.8768087 25.9228371, 91.8768932 25.922591, 91.8769348 25.9222738, 91.876971 25.9219783, 91.8769857 25.9216008, 91.8770058 25.9211533, 91.8770166 25.9206177, 91.8769884 25.9199338, 91.8769482 25.9192221, 91.8768892 25.918683, 91.8768275 25.917946, 91.8767872 25.9173055, 91.876806 25.9171052, 91.876861 25.9168447, 91.8769307 25.9164985, 91.8770756 25.9158061, 91.8772137 25.9150969, 91.8774256 25.9143309, 91.8776523 25.9135794, 91.8777622 25.9131234, 91.8778199 25.9128761, 91.8778574 25.9123852, 91.8778695 25.9121089, 91.8778427 25.9115806, 91.8777971 25.9107905, 91.8778105 25.9104973, 91.8778588 25.9102983, 91.8779017 25.9101017, 91.8779393 25.9099352, 91.8779513 25.9097217, 91.8779607 25.9095528, 91.8779272 25.9093405, 91.8778601 25.9090027, 91.8777904 25.9086855, 91.8777704 25.9084876)",6604.980284137289,162.32601293436244,91.8577215,25.9650852,91.8777704,25.9084876,0.9910168797404132,,,
1006275,1006368,0,611197746,trunk,,,,,NH6,"LINESTRING (91.8783752 26.0982147, 91.8785296 26.098117, 91.8786527 26.0980065, 91.8787269 26.0979228, 91.8787884 26.097825, 91.87885 26.0976989, 91.8789273 26.0975458, 91.8790031 26.0973657, 91.8791104 26.0971219, 91.8792115 26.0969121, 91.8792809 26.0967618, 91.8793346 26.0966045, 91.879344 26.0965053, 91.8793488 26.0963848, 91.8793346 26.0962615, 91.8793014 26.0961651, 91.8792529 26.0960465, 91.8792004 26.0959723, 91.879112 26.0958659, 91.8789352 26.0956774, 91.8787016 26.0954435, 91.8784964 26.0952295, 91.8783101 26.0950367, 91.8782265 26.0949459, 91.8781536 26.0948419, 91.8780623 26.0946553, 91.8779771 26.0944682, 91.8779187 26.0943335, 91.8778555 26.0942187, 91.877794 26.094128, 91.8777637 26.0940947, 91.8777308 26.0940585, 91.877641 26.0939792, 91.8775177 26.0938842, 91.8773946 26.0938048, 91.8771705 26.0936602, 91.8770516 26.0935759, 91.8769702 26.093495, 91.8768848 26.0933994, 91.8767869 26.0932604, 91.8766496 26.0930053, 91.8765217 26.0927416, 91.8764316 26.0925257, 91.8764112 26.0924439, 91.8763891 26.0923291, 91.8763812 26.0922043, 91.8764018 26.0920569, 91.876465 26.0918122, 91.8765438 26.0915168, 91.8765817 26.0913566, 91.8766306 26.0912247, 91.8767111 26.0910943, 91.8768059 26.0909951, 91.8769132 26.0909185, 91.8770584 26.0908306, 91.877262 26.090747, 91.8774578 26.0906704, 91.8775793 26.0906166, 91.8776788 26.0905585, 91.8777892 26.0904691, 91.8779061 26.0903132, 91.8779836 26.0901516, 91.8780232 26.0900123, 91.8780323 26.0899262, 91.8780261 26.0898305, 91.878015 26.089715, 91.8779881 26.0895817, 91.8779408 26.0894626, 91.8778871 26.0893435, 91.8778129 26.089223, 91.8777242 26.0891346, 91.8776909 26.0891015, 91.8775623 26.0889738, 91.8774313 26.0888349, 91.8773298 26.0887061, 91.8772716 26.0885558, 91.8772499 26.0884246, 91.8772289 26.0882335, 91.8772699 26.0880492, 91.8773299 26.0878621, 91.8773994 26.0876466, 91.8774372 26.0874623, 91.8774246 26.0872411, 91.8773897 26.087071, 91.8772855 26.0869106, 91.877102 26.0867259, 91.8769468 26.0865816, 91.876844 26.086479, 91.8767624 26.0863441, 91.8767047 26.086204, 91.8766917 26.0860491, 91.8767075 26.0858075, 91.8767524 26.0852848, 91.876817 26.0849524)",1482.8894900463265,186.0237720018292,91.8783752,26.0982147,91.876817,26.0849524,1.0004374369957767,,,
1006368,1006371,0,611197746,trunk,,,,,NH6,"LINESTRING (91.876817 26.0849524, 91.8768673 26.0846934, 91.8770254 26.0839737, 91.877052 26.0838515)",124.64413804966712,169.14689272883246,91.876817,26.0849524,91.877052,26.0838515,0.9975284760415626,,,
1006371,1006397,0,611197746,trunk,,,,,NH6,"LINESTRING (91.877052 26.0838515, 91.8771112 26.0835796, 91.877183 26.083239, 91.8772066 26.0830288, 91.8772066 26.0828264, 91.8771662 26.082649, 91.8770935 26.0824707, 91.876947 26.0821714, 91.8767927 26.0818153, 91.8766683 26.0814873, 91.8765678 26.0811202, 91.8763389 26.0799889, 91.8761422 26.0789863, 91.8760577 26.0785298, 91.8759601 26.0779913, 91.8758797 26.0773159, 91.8757964 26.0767015, 91.8757315 26.0762886, 91.8755252 26.0754372, 91.8752697 26.0746134, 91.8752013 26.0743996, 91.8749652 26.0738894, 91.8746817 26.0731585, 91.8745409 26.0728188, 91.8744309 26.0725357, 91.8742512 26.07199, 91.8741757 26.0717408)",1376.9501381568405,192.0426231865416,91.877052,26.0838515,91.8741757,26.0717408,0.996576030802648,,,
1006397,927570,0,611197746,trunk,,,,,NH6,"LINESTRING (91.8741757 26.0717408, 91.8739012 26.0708348, 91.8736775 26.0701564, 91.8735812 26.0698836, 91.8734596 26.0695947, 91.8732217 26.0690477, 91.8727854 26.0681157, 91.8725363 26.0675832, 91.872474 26.0673948, 91.8724604 26.0672714, 91.8724725 26.0670447, 91.8725312 26.0664958, 91.8725676 26.0660883, 91.8725718 26.0658867, 91.872546 26.0657128, 91.8724845 26.065532, 91.8724172 26.0653631, 91.8723563 26.0652381, 91.8723155 26.0651178, 91.8722875 26.0650119, 91.8722914 26.0647934, 91.8723093 26.0646084, 91.8723641 26.0644284, 91.872501 26.0640922, 91.8725445 26.0639472, 91.8725828 26.0637422, 91.872566 26.0634411, 91.8725007 26.0630879, 91.8724076 26.0626552, 91.8723592 26.0624774, 91.8722979 26.0623262, 91.8722177 26.0621962, 91.8721088 26.0620322, 91.8719814 26.0618607, 91.871774 26.0615854, 91.8716327 26.0613861, 91.871477 26.0611264)",1210.6598984060977,192.86560914582407,91.8741757,26.0717408,91.871477,26.0611264,0.9958681060774714,,,
1006498,1905245,0,"[611197746, 977963763, 977963764]",trunk,"[None, 'yes']",,,,NH6,"LINESTRING (91.868562 26.0457488, 91.8685515 26.0457296, 91.8682498 26.0451693, 91.8681465 26.0449584, 91.8680888 26.0447849, 91.8679936 26.0444994, 91.8679561 26.0442355, 91.8679118 26.0438728, 91.8678743 26.0434475, 91.8678562 26.0432003, 91.867826 26.0427342, 91.867708 26.0412328, 91.8676168 26.0402736, 91.8674639 26.0390398, 91.86745 26.038732, 91.8674371 26.0384469, 91.8674532 26.0382445, 91.8675148 26.0379914, 91.8676034 26.0377552, 91.8676999 26.0375986, 91.8679279 26.0373576, 91.8680459 26.037225, 91.8681854 26.0370997, 91.8682632 26.0369551, 91.8683088 26.0367647, 91.8683383 26.0365454, 91.8682471 26.03562, 91.8681881 26.0353983, 91.8679976 26.0349187, 91.8677133 26.0344535, 91.8675202 26.0340848, 91.8673834 26.0338197, 91.8673432 26.0336654, 91.8673754 26.0334967, 91.867488 26.0333329, 91.8676302 26.0332437, 91.867944 26.0330774, 91.8681827 26.0329545, 91.8684188 26.0327689, 91.8686199 26.0326098, 91.8688801 26.0324098, 91.8691336 26.0322772, 91.869269 26.0321603, 91.8693642 26.0320266, 91.8694702 26.031835, 91.8696257 26.0314289, 91.8696553 26.0312445, 91.8696244 26.0310854, 91.8695614 26.0309336, 91.8692878 26.0303781, 91.8691255 26.0300672, 91.8690705 26.0298707, 91.8690491 26.0296514, 91.8690021 26.0294176, 91.8689163 26.029073, 91.868868 26.0288669, 91.868864 26.0286681, 91.8688788 26.0284741, 91.8688895 26.028233, 91.8688855 26.0280414, 91.8688573 26.0278836, 91.8688063 26.0275967, 91.8687728 26.0273762, 91.8687795 26.0271822, 91.8687889 26.0268749, 91.8688318 26.0266037, 91.8688667 26.0263338, 91.8688224 26.0261434, 91.8687433 26.0259903, 91.8686052 26.02573, 91.8685327 26.025524, 91.8684147 26.0250708, 91.8683611 26.0248479, 91.868286 26.0246141, 91.8681908 26.0244707, 91.8680339 26.0242887, 91.8679279 26.0241164, 91.8679011 26.0240139, 91.867885 26.0238235, 91.8679319 26.0235283, 91.8679105 26.0229787, 91.8678662 26.0225172, 91.8677911 26.0222629, 91.8676597 26.0219218, 91.8676034 26.0217169, 91.8675162 26.0214374, 91.8674384 26.0212518, 91.8673687 26.0210939, 91.8673365 26.0209746, 91.8673271 26.0208637, 91.8673526 26.0207432, 91.867429 26.0206215, 91.8676436 26.0203961, 91.8677562 26.0202635, 91.8678354 26.0201382, 91.867889 26.0199586, 91.8678434 26.0197574, 91.8677603 26.0196188, 91.8675739 26.0193994, 91.8672225 26.0190017, 91.8671232 26.0187896, 91.8670173 26.0187197)",3009.4631554984653,182.93998354630827,91.868562,26.0457488,91.8670173,26.0187197,1.0014433915410927,,,
1006563,1006591,0,611197747,trunk,,,,,NH6,"LINESTRING (91.8740832 26.0717712, 91.8741607 26.0720195, 91.8743317 26.0725911, 91.8744148 26.0728284, 91.8745838 26.073244, 91.8748789 26.0739258, 91.8751135 26.074433, 91.8751806 26.0746426, 91.8754354 26.0754641, 91.8756406 26.076311, 91.875705 26.0767205, 91.8757881 26.0773337, 91.8758686 26.0780094, 91.8759477 26.0785539, 91.8760416 26.0789948, 91.8762481 26.0800114, 91.8764774 26.0811449, 91.8765794 26.0815171, 91.8767054 26.0818495, 91.876861 26.0822085, 91.8770072 26.0825072, 91.8770769 26.0826783, 91.8771145 26.0828433, 91.8771145 26.0830348, 91.8770917 26.0832384, 91.8770206 26.0835756, 91.8769348 26.0839695, 91.8767765 26.0846898, 91.8767279 26.0849378)",1487.6976880544184,10.226425574459048,91.8740832,26.0717712,91.8767279,26.0849378,0.997996615238855,,,
1006591,654363,0,611197747,trunk,,,,,NH6,"LINESTRING (91.8767279 26.0849378, 91.8766612 26.0852776, 91.8765619 26.0857955, 91.8765539 26.0860497, 91.8765753 26.0862195, 91.8766397 26.0863761, 91.8767256 26.0864893, 91.8768637 26.0866315, 91.8770193 26.086776, 91.8771963 26.0869543, 91.8772668 26.0870767, 91.8773078 26.0871873, 91.8773331 26.0873149, 91.8773236 26.087485, 91.8772668 26.0877288, 91.8772036 26.0879358, 91.8771531 26.0881059, 91.8771405 26.0882732, 91.8771453 26.0884285, 91.8771752 26.0885355, 91.8772289 26.088673, 91.8773078 26.0887807, 91.8773694 26.0888757, 91.8775035 26.0890246, 91.8776393 26.0891536, 91.8777514 26.0892854, 91.877824 26.0894087, 91.8778682 26.0895193, 91.8779045 26.0896497, 91.8779313 26.0898057, 91.877925 26.0899588, 91.8778871 26.0901176, 91.8778256 26.0902593, 91.8777577 26.0903486, 91.877693 26.0904209, 91.8775951 26.0904904, 91.8774941 26.0905514, 91.8773552 26.0906123, 91.8770774 26.090713, 91.876959 26.0907697, 91.8768674 26.0908264, 91.8767459 26.0909199, 91.8766796 26.0909908, 91.8766275 26.0910518, 91.8765707 26.0911425, 91.876517 26.0912616, 91.8764853 26.0913631, 91.8764807 26.0913778, 91.8763876 26.0917152, 91.8763039 26.0920739, 91.8762928 26.0922029, 91.8762944 26.0922936, 91.8763213 26.092434, 91.8763567 26.0925514, 91.8764399 26.0927284, 91.8765707 26.0929968, 91.8766606 26.0931796, 91.876768 26.0933639, 91.8768485 26.0934773, 91.87694 26.0935794, 91.8770631 26.0936758, 91.8772242 26.0937793, 91.8774041 26.0938983, 91.8774206 26.0939107, 91.8775477 26.0940061, 91.8776251 26.0940685, 91.8777072 26.0941422, 91.8777782 26.0942386, 91.8778334 26.0943435, 91.8779013 26.0945051, 91.8779802 26.0946993, 91.8780465 26.0948382, 91.8780859 26.0948952, 91.8781239 26.0949502, 91.8782209 26.0950662, 91.8785043 26.0953414, 91.8787426 26.0955824, 91.8789242 26.0957752, 91.8790726 26.0959354, 91.8791578 26.0960346, 91.8792083 26.0961254, 91.8792549 26.0962284, 91.8792651 26.0963153, 91.8792714 26.0964301, 91.8792557 26.0965393, 91.8792257 26.0966584, 91.8791673 26.09681, 91.8790473 26.0970709, 91.8788705 26.0974366, 91.8787695 26.0977003, 91.8786306 26.0979101, 91.8785138 26.0980291, 91.8782802 26.0981681, 91.8779802 26.0983268, 91.8775477 26.0985253, 91.87706 26.0987733, 91.8768264 26.0988867, 91.8766164 26.0989817, 91.8764018 26.0991008, 91.8762502 26.0991972)",1586.2926486251258,358.2767896999232,91.8767279,26.0849378,91.8762502,26.0991972,1.001648889285752,,,
1521018,486100,0,1037911508,trunk,,,asphalt,,NH6,"LINESTRING (91.8902134 25.5245212, 91.8899126 25.5244094, 91.8898017 25.5243839, 91.8897705 25.5243767, 91.8895881 25.5243416, 91.8894325 25.5243295, 91.8892542 25.5243307, 91.8889752 25.5243513, 91.8887338 25.5243695, 91.888487 25.5243876, 91.8882933 25.5244021, 91.8881652 25.5244094, 91.8880592 25.5244161, 91.8879694 25.5244282, 91.8878909 25.5244506, 91.8878185 25.5244869, 91.8877119 25.5245522, 91.8875818 25.5246381, 91.8874289 25.5247422, 91.8872465 25.5248669, 91.8870936 25.5249673, 91.8868817 25.5251077, 91.8867396 25.5252106, 91.8866484 25.5252941)",367.8991291307833,283.5101112390688,91.8902134,25.5245212,91.8866484,25.5252941,0.908598968845222,,,
1521018,1528058,0,1037911508,trunk,,,asphalt,,NH6,"LINESTRING (91.8902134 25.5245212, 91.8904813 25.5246345, 91.8907616 25.5247543)",60.80851029097878,64.77012759402355,91.8902134,25.5245212,91.8907616,25.5247543,0.9196309201687596,,,
1528058,1521018,0,1037911508,trunk,,,asphalt,,NH6,"LINESTRING (91.8907616 25.5247543, 91.8904813 25.5246345, 91.8902134 25.5245212)",60.80851029097878,244.7703638126627,91.8907616,25.5247543,91.8902134,25.5245212,0.9196309201687596,,,
1528058,1965762,0,1037911508,trunk,,,asphalt,,NH6,"LINESTRING (91.8907616 25.5247543, 91.890862 25.5247959, 91.8913718 25.5249867)",66.45876102224354,67.11761005766961,91.8907616,25.5247543,91.8913718,25.5249867,0.9169469129201018,,,
1758577,1758580,0,833188709,trunk,,,,,NH6,"LINESTRING (91.8995431 25.5659731, 91.8995163 25.5659791, 91.8993232 25.5660481)",23.581585949707044,290.71078496865545,91.8995431,25.5659731,91.8993232,25.5660481,0.9143859153704016,,,
1758578,1758579,0,829675732,trunk,,,,,NH6,"LINESTRING (91.8990912 25.5660602, 91.8993258 25.5661183)",24.40290336449681,74.64842155999335,91.8990912,25.5660602,91.8993258,25.5661183,0.909629676311646,,,
1758578,72664,0,"[993917081, 829552865]",trunk,,"[None, '2']",,NH6,NH6,"LINESTRING (91.8990912 25.5660602, 91.8989356 25.5660554, 91.8987639 25.566059, 91.8987087 25.5660615, 91.8986043 25.5660663, 91.8982637 25.5660868, 91.8980035 25.5661025, 91.8977514 25.5661183, 91.8974926 25.5661388, 91.8970983 25.5661703, 91.8968193 25.5661909, 91.8967684 25.5661968, 91.8966839 25.5662066, 91.8965216 25.5662126, 91.8964103 25.5662187, 91.8960723 25.5662114, 91.8958537 25.5662042, 91.8957062 25.5661933, 91.8955828 25.5661848, 91.895442 25.5661933, 91.8952864 25.5662405, 91.8951 25.5662997, 91.8948774 25.5663651, 91.8947299 25.5663929, 91.8945596 25.5664098, 91.894404 25.5664086, 91.8942592 25.5664026, 91.8940962 25.5663778, 91.8940419 25.5663735, 91.8939145 25.5663602, 91.8937187 25.5663506, 91.8934867 25.5663469, 91.8932748 25.5663469, 91.8930562 25.5663578, 91.8928832 25.5663687, 91.8927075 25.5663856, 91.8925264 25.5664014, 91.8923146 25.5664074, 91.8921362 25.5664002, 91.8919806 25.5663796, 91.8918771 25.5663658, 91.8918023 25.5663542, 91.8916869 25.5663554, 91.8915421 25.5663723, 91.891365 25.5664171, 91.8912162 25.5664631, 91.8909748 25.5665719, 91.8907978 25.5666518, 91.8906234 25.566728, 91.8904008 25.5668079)",875.6679023999242,275.45004750960584,91.8990912,25.5660602,91.8904008,25.5668079,0.9044304700413064,,,
1758579,1758585,0,833188709,trunk,,,,,NH6,"LINESTRING (91.8993258 25.5661183, 91.8993902 25.566128, 91.899495 25.5661392)",17.130439352880924,82.20296849027015,91.8993258,25.5661183,91.899495,25.5661392,0.9052259540542992,,,
1758580,1758578,0,829675733,trunk,,,,,NH6,"LINESTRING (91.8993232 25.5660481, 91.899244 25.5660511, 91.899183 25.5660529, 91.8990912 25.5660602)",23.310269711963585,273.3089812141434,91.8993232,25.5660481,91.8990912,25.5660602,0.9039542711507818,,,
1758580,1758579,0,833188709,trunk,,,,,NH6,"LINESTRING (91.8993232 25.5660481, 91.8993147 25.5660618, 91.8993098 25.5660735, 91.8993083 25.5660883, 91.8993084 25.5661025, 91.8993165 25.5661112, 91.8993258 25.5661183)",7.81025041707128,1.9135781269795784,91.8993232,25.5660481,91.8993258,25.5661183,1.0016297191087336,,,
1758584,1758587,0,833188709,trunk,,,,,NH6,"LINESTRING (91.8996182 25.5660699, 91.8996142 25.5660094)",6.739257102471331,183.41320465042972,91.8996182,25.5660699,91.8996142,25.5660094,1.001351441770465,,,
1758585,1758584,0,833188709,trunk,,,,,NH6,"LINESTRING (91.899495 25.5661392, 91.8995659 25.5661304, 91.8995865 25.5661224, 91.8996035 25.5661086, 91.8996182 25.5660699)",14.56357464089333,121.94571445893044,91.899495,25.5661392,91.8996182,25.5660699,0.9281952285707604,,,
1758587,70146,0,829675736,trunk,,,,,NH6,"LINESTRING (91.8996142 25.5660094, 91.8996543 25.5659074)",12.034032032484074,160.47320340116875,91.8996142,25.5660094,91.8996543,25.5659074,0.9891914225542272,,,
1758587,1758577,0,833188709,trunk,,,,,NH6,"LINESTRING (91.8996142 25.5660094, 91.8995976 25.5659936, 91.8995793 25.5659816, 91.8995619 25.565976, 91.8995431 25.5659731)",8.19488853607703,240.49177826345567,91.8996142,25.5660094,91.8995431,25.5659731,0.9248078769272612,,,
1759232,501327,0,835741385,trunk,,,,,NH6,"LINESTRING (91.8829312 25.5669775, 91.8827113 25.5671425)",28.690635356692987,309.7533659562477,91.8829312,25.5669775,91.8827113,25.5671425,0.9401796386000246,,,
1759233,346913,0,835741388,trunk,,,,,NH6,"LINESTRING (91.8831048 25.5671372, 91.8830957 25.5671197, 91.8830703 25.5670767, 91.8830553 25.567047, 91.8830468 25.5670171, 91.8830433 25.566984, 91.8830467 25.5669345, 91.8830536 25.5669014, 91.8830664 25.5668634)",30.687901972671728,187.2104994902008,91.8831048,25.5671372,91.8830664,25.5668634,0.999956342780362,,,
1759233,501327,0,835741389,trunk,,,,,NH6,"LINESTRING (91.8831048 25.5671372, 91.8830657 25.5671197, 91.8830071 25.5671, 91.8829391 25.5670906, 91.8828712 25.5670898, 91.8828258 25.5670964, 91.8827864 25.5671108, 91.8827113 25.5671425)",39.475157431276365,270.8554989065603,91.8831048,25.5671372,91.8827113,25.5671425,0.9036843599367562,,,
1759253,768071,0,835741386,trunk,,,,,NH6,"LINESTRING (91.8836521 25.56793, 91.8836584 25.5678864, 91.8836614 25.5677738, 91.883648 25.567684, 91.8836079 25.5675822, 91.8835544 25.5674803, 91.8834801 25.5674066, 91.8832992 25.5672739, 91.8831247 25.5671542)",101.19418110455504,211.5186144005349,91.8836521,25.56793,91.8831247,25.5671542,0.971823012093915,,,
1759254,1759253,0,835741386,trunk,,,,,NH6,"LINESTRING (91.8831211 25.5683148, 91.8833084 25.5683423, 91.88339 25.5683413, 91.8834648 25.5683176, 91.8835054 25.5682817, 91.8835544 25.5682348, 91.8836019 25.5681651, 91.8836272 25.5680981, 91.8836421 25.567999, 91.8836521 25.56793)",68.32054900710847,128.77616370186155,91.8831211,25.5683148,91.8836521,25.56793,0.9385944062294108,,,
1903617,1903681,0,977963755,trunk,,,,,NH6,"LINESTRING (91.8654227 26.0095527, 91.8652993 26.0092249, 91.8650392 26.0086295, 91.8649292 26.0083474, 91.8648782 26.0078942, 91.8648487 26.0074459, 91.8647549 26.0068191, 91.8646315 26.0063755, 91.8645 26.0059199, 91.8641943 26.0045772, 91.8641138 26.0042952, 91.8639743 26.0040035, 91.8638831 26.0038227, 91.8637517 26.0035237, 91.8637007 26.003273, 91.8636525 26.0029524, 91.8635908 26.0026679, 91.8635076 26.0023835, 91.8633521 26.0021376, 91.8632904 26.0019399, 91.8632743 26.001788, 91.863293 26.0015108, 91.8633789 26.001019, 91.8634164 26.0007177, 91.8634245 26.0005031, 91.8634218 26.000344, 91.8633655 26.0001536, 91.8632635 26.0000065, 91.8632072 25.999927, 91.8629417 25.9996859, 91.8628693 25.9995557, 91.8628398 25.9994376, 91.8628398 25.999276, 91.8628317 25.9991386, 91.8628532 25.9989506, 91.8629041 25.9988566, 91.8629739 25.9987951, 91.8630758 25.9987541, 91.8632019 25.9987421, 91.8633078 25.998736, 91.8634312 25.9987264, 91.8635358 25.9987192, 91.863635 25.9986999, 91.8637128 25.9986818, 91.8638335 25.9986179, 91.863914 25.9985588, 91.8639623 25.9985046, 91.8639985 25.9984371, 91.8640159 25.9983503, 91.8639556 25.9982045, 91.8639341 25.9981514, 91.8638644 25.9980731, 91.863682 25.9979622, 91.8627875 25.997527, 91.8622752 25.9972823, 91.8621008 25.9971425, 91.8619627 25.9970268, 91.8618487 25.9968773, 91.8617508 25.9967146, 91.8616515 25.9965482, 91.8615603 25.9963228, 91.8614463 25.996042, 91.8612653 25.9954754, 91.8610507 25.9948498, 91.8609437 25.9944962)",1733.0169648886845,194.9699183034332,91.8654227,26.0095527,91.8609437,25.9944962,0.9939001984250774,,,
1903617,1905199,0,977963757,trunk,,,,,NH6,"LINESTRING (91.8654227 26.0095527, 91.8656091 26.009848, 91.8658613 26.0102108, 91.8659256 26.0103024, 91.8659592 26.010406, 91.8659726 26.0105278, 91.8659176 26.0106652, 91.8658358 26.010799, 91.8657272 26.0109448)",157.75724301140582,11.121322975998924,91.8654227,26.0095527,91.8657272,26.0109448,0.9973496453151172,,,
1903681,1903685,0,977963755,trunk,,,,,NH6,"LINESTRING (91.8609437 25.9944962, 91.8609099 25.9943845, 91.8604593 25.9927125, 91.8600087 25.99153, 91.8599028 25.9912801)",372.4399250312938,196.22072773834336,91.8609437,25.9944962,91.8599028,25.9912801,0.99259359949708,,,
1903685,939377,0,977963755,trunk,,,,,NH6,"LINESTRING (91.8599028 25.9912801, 91.8595621 25.9904764, 91.8594682 25.9901244, 91.8594414 25.9898568, 91.8594629 25.9894493, 91.8595701 25.9884729, 91.8596399 25.9880076, 91.8597056 25.987805, 91.8598625 25.9872867, 91.8599215 25.9870371, 91.8599953 25.9864669, 91.8600945 25.985793, 91.8601052 25.9853446, 91.8600489 25.9850143, 91.8598652 25.9841716, 91.8597364 25.9835845, 91.8597324 25.9833651, 91.8597311 25.983206, 91.8597499 25.9830468, 91.8598437 25.982819, 91.8599363 25.9826478, 91.8600784 25.9824646, 91.8605062 25.9820438, 91.8609019 25.9816363, 91.8610655 25.9814434, 91.8611379 25.9812084, 91.8611513 25.980995, 91.8611486 25.9802246, 91.8611097 25.9796966, 91.8610252 25.979441, 91.8609448 25.9792312, 91.8607999 25.9788744, 91.8606149 25.9784271, 91.8603118 25.977717, 91.8600892 25.9771937, 91.8599953 25.9770611, 91.8598451 25.9769418, 91.8596895 25.9767911, 91.8595836 25.9766693, 91.8595178 25.9765753, 91.8594749 25.9764583, 91.859365 25.9757904, 91.8593448 25.9754818, 91.8593757 25.9752708, 91.8594441 25.9750815, 91.8594696 25.9748922, 91.8594481 25.9747282, 91.8593663 25.9745619, 91.8592148 25.9742508, 91.859141 25.9740736, 91.8590967 25.9738807, 91.8590619 25.9736432, 91.8590511 25.9734153, 91.8590981 25.9731018, 91.8591839 25.9726172, 91.8592818 25.9721469, 91.859314 25.9718829, 91.8593341 25.9717057, 91.8593033 25.9713994, 91.8592228 25.97101, 91.8591061 25.9704662, 91.8590766 25.9702565, 91.8590981 25.9701033, 91.8591356 25.9699635, 91.8591517 25.9698718, 91.8591678 25.9697501, 91.8591638 25.9695704, 91.8591101 25.9693992, 91.859031 25.9691858, 91.8588446 25.9688048, 91.8584999 25.9683032, 91.858343 25.9680585, 91.8581714 25.9677257, 91.8580641 25.9673724, 91.8579206 25.9668745, 91.8577543 25.9663186, 91.8577436 25.96611, 91.8577248 25.9657616, 91.8577221 25.9653902, 91.8577215 25.9650852)",2920.8938450991077,184.281552706592,91.8599028,25.9912801,91.8577215,25.9650852,1.0010954807184442,,,
1905051,1905122,0,977963756,trunk,,,,,NH6,"LINESTRING (91.8579366 25.967232, 91.8580037 25.9674737, 91.8581016 25.9677824, 91.8582116 25.9680078, 91.8584208 25.9683515, 91.8587574 25.9688663, 91.8589264 25.9691725, 91.8590391 25.9694535, 91.859078 25.9696705, 91.8590686 25.9698393, 91.8590283 25.969955, 91.8590055 25.9701154, 91.8589988 25.970242, 91.8590055 25.9703987, 91.8590994 25.9709063, 91.8591866 25.9713259, 91.8592362 25.9715827, 91.8592322 25.9718106, 91.859204 25.9720264, 91.8590994 25.9725677, 91.8590082 25.9729957, 91.8589747 25.9732393, 91.8589626 25.9734478, 91.8589801 25.973689, 91.859023 25.9739771, 91.85909 25.9741616, 91.8591852 25.974387, 91.8592939 25.9746113, 91.8593448 25.9747427, 91.8593582 25.9749163, 91.8593569 25.9750489, 91.8593059 25.9752467, 91.8592657 25.9754769, 91.8592671 25.9757169, 91.859365 25.9763064, 91.8594065 25.9765246, 91.8594736 25.9766657, 91.8595956 25.9768309, 91.8597123 25.9769261, 91.8598732 25.9770635, 91.8599913 25.9771937, 91.860171 25.9775976, 91.8603694 25.9780401, 91.8606028 25.9785959, 91.8608509 25.9792119, 91.8609998 25.9795905, 91.8610507 25.9798412, 91.8610628 25.9804922, 91.8610547 25.9811433, 91.8610145 25.981306, 91.86093 25.9814483, 91.8605921 25.9818497, 91.860065 25.9823633, 91.8598974 25.9825827, 91.8597713 25.9827684, 91.8596788 25.9829733, 91.8596345 25.9831734, 91.8596157 25.9833844, 91.8596815 25.9837461, 91.8599054 25.9847913, 91.8599966 25.9852674, 91.8600167 25.985558, 91.8599416 25.9862029, 91.8598464 25.9868937, 91.8597914 25.9872071, 91.8596788 25.9876218, 91.8595567 25.9879485, 91.8595111 25.9882065, 91.8594696 25.988585, 91.8593663 25.9894879, 91.8593341 25.9897941, 91.8593499 25.9899242)",2527.212801400267,3.204236826710695,91.8579366,25.967232,91.8593499,25.9899242,1.0013860911864905,,,
1905122,1905129,0,977963756,trunk,,,,,NH6,"LINESTRING (91.8593499 25.9899242, 91.8593743 25.9901244, 91.8594253 25.9903366, 91.8595245 25.9906331, 91.8598464 25.9914432, 91.8603024 25.9927451, 91.8607543 25.9942953, 91.8608393 25.994532)",533.5519580398579,16.200393216471817,91.8593499,25.9899242,91.8608393,25.994532,0.9926155679445904,,,
1905129,1903617,0,977963756,trunk,,,,,NH6,"LINESTRING (91.8608393 25.994532, 91.8610293 25.9950607, 91.8612398 25.9956767, 91.8613699 25.996136, 91.8615215 25.9965072, 91.861622 25.9967146, 91.8617575 25.9969255, 91.861799 25.9969764, 91.861854 25.9970437, 91.8620083 25.9971787, 91.862184 25.9973245, 91.8627928 25.9976235, 91.8634205 25.9979441, 91.8636712 25.9980634, 91.8637852 25.9981213, 91.863863 25.9982008, 91.8639153 25.9983045, 91.8639019 25.9984154, 91.8638684 25.9984829, 91.8638214 25.9985371, 91.8637075 25.9985902, 91.8635613 25.9986215, 91.8633628 25.998642, 91.8631281 25.9986649, 91.8629269 25.9987119, 91.8628451 25.9987794, 91.8627968 25.9988674, 91.8627539 25.9989855, 91.8627419 25.9991712, 91.8627566 25.99944, 91.8627915 25.9995846, 91.8628907 25.9997413, 91.8630543 25.9999342, 91.8632367 26.000127, 91.8633226 26.0003006, 91.863344 26.000561, 91.8633226 26.0007707, 91.8632501 26.0011757, 91.8631831 26.0014963, 91.8631723 26.0017374, 91.8631697 26.0019206, 91.8632877 26.0021207, 91.8633789 26.002357, 91.8634915 26.0026125, 91.8635452 26.0029259, 91.863623 26.0033815, 91.8636578 26.0036587, 91.8638107 26.0039336, 91.8639877 26.0041867, 91.8640655 26.0044808, 91.8642023 26.0049026, 91.8643525 26.0055849, 91.8644974 26.0061514, 91.8646288 26.0067227, 91.8647361 26.0071614, 91.8647817 26.0075206, 91.864787 26.0079207, 91.86483 26.0082148, 91.8648997 26.0084896, 91.8650043 26.0088078, 91.8651089 26.0090248, 91.8652216 26.0092731, 91.8653262 26.0094707, 91.8654227 26.0095527)",1731.901846475992,15.335409120644668,91.8608393,25.994532,91.8654227,26.0095527,0.993523718427494,,,
1905199,1903617,0,977963757,trunk,,,,,NH6,"LINESTRING (91.8657272 26.0109448, 91.8658358 26.010799, 91.8659176 26.0106652, 91.8659726 26.0105278, 91.8659592 26.010406, 91.8659256 26.0103024, 91.8658613 26.0102108, 91.8656091 26.009848, 91.8654227 26.0095527)",157.75724301140582,191.1214565089937,91.8657272,26.0109448,91.8654227,26.0095527,0.9973496453151172,,,
1905199,1905244,0,977963758,trunk,,,,,NH6,"LINESTRING (91.8657272 26.0109448, 91.8656614 26.0109894, 91.8655823 26.0110509, 91.8654495 26.0111051, 91.8653718 26.0111364, 91.8653047 26.0111714, 91.865235 26.0112172, 91.8651626 26.0112991, 91.8651129 26.0113883, 91.8650794 26.0115414, 91.8650942 26.0117716, 91.8651116 26.0119572, 91.8651693 26.0121874, 91.865294 26.0124489, 91.8656172 26.0128672, 91.8657325 26.0130745, 91.8657821 26.0131468, 91.8658237 26.0132516, 91.8658344 26.0134095, 91.8658009 26.0135409, 91.8657701 26.0137675, 91.8657781 26.0138362, 91.8657915 26.0138952, 91.8658184 26.0139639, 91.8658787 26.0140399, 91.8659793 26.0141471, 91.8662944 26.0143014, 91.8663964 26.0143605, 91.866505 26.0144316, 91.8666257 26.014581, 91.8667424 26.0147365, 91.8668175 26.0148968, 91.8669114 26.0151451, 91.866965 26.0153114, 91.8670106 26.0153837, 91.8670924 26.0154717, 91.8672104 26.0155343, 91.8673271 26.0155512, 91.8675055 26.0155006, 91.8677281 26.015409, 91.8678488 26.0153704, 91.8679936 26.0153512, 91.8681841 26.0153789, 91.868408 26.0154524, 91.8687527 26.015597, 91.8689731 26.0156741)",617.8640311427475,31.665861060030537,91.8657272,26.0109448,91.8689731,26.0156741,0.9704157281687964,,,
1905244,1905245,0,977963759,trunk,,,,,NH6,"LINESTRING (91.8689731 26.0156741, 91.8691023 26.0157542, 91.8691595 26.0158118, 91.8691755 26.0158509, 91.8691805 26.0158875, 91.8691805 26.0160273, 91.8691671 26.0161092, 91.8691269 26.0162032, 91.869077 26.0162541, 91.8690062 26.0162852, 91.8688781 26.0162805, 91.8687621 26.016249, 91.8686843 26.0162273, 91.8685502 26.016196, 91.8683839 26.016155, 91.8682095 26.0161092, 91.8680679 26.0160844, 91.8679225 26.0160683, 91.8677133 26.0160658, 91.8673593 26.016102, 91.8672144 26.0161243, 91.8670401 26.0161406, 91.8669355 26.016155, 91.866866 26.0161767, 91.8668094 26.0162057, 91.8667424 26.0162539, 91.8666599 26.0163315, 91.8665546 26.0164587, 91.8664393 26.0166178, 91.8663643 26.0167157, 91.8663449 26.016773, 91.8663427 26.0168227, 91.8663749 26.0169577, 91.8664205 26.0171529, 91.866501 26.0174663, 91.8665221 26.0177124, 91.8665535 26.0179559, 91.8666592 26.0181749, 91.8668779 26.0184653, 91.8670173 26.0187197)",391.0029482197155,330.0113508158424,91.8689731,26.0156741,91.8670173,26.0187197,0.9732123197531938,,,
1905244,1905199,0,977963760,trunk,,,,,NH6,"LINESTRING (91.8689731 26.0156741, 91.8686508 26.0154428, 91.8683986 26.0153102, 91.8681706 26.0152499, 91.8679266 26.0152403, 91.867763 26.015274, 91.8676235 26.015315, 91.8674974 26.0153704, 91.8673821 26.0153873, 91.8672802 26.015368, 91.8671273 26.0153005, 91.8670709 26.0152282, 91.8670414 26.0151511, 91.8669958 26.0150282, 91.8669046 26.0147823, 91.8668108 26.0145653, 91.8667196 26.0144135, 91.8664004 26.0142062, 91.8661509 26.0140905, 91.8659981 26.0140182, 91.865931 26.0139459, 91.8658881 26.0138591, 91.8658693 26.0137892, 91.8658639 26.0137024, 91.8658747 26.0135939, 91.8659149 26.0134662, 91.8659042 26.0132396, 91.8658613 26.0130998, 91.8658023 26.0129889, 91.8657057 26.0128539, 91.8654241 26.0124682, 91.8652926 26.012285, 91.8652336 26.0121308, 91.8651934 26.0119307, 91.8651558 26.0116535, 91.8651693 26.0114534, 91.8652014 26.0113594, 91.8653758 26.0111786, 91.8655233 26.0111256, 91.8656574 26.0110653, 91.8656976 26.0110075, 91.8657272 26.0109448)",617.8640311427475,211.66728464658493,91.8689731,26.0156741,91.8657272,26.0109448,0.9704157281687964,,,
1905245,1905244,0,977963759,trunk,,,,,NH6,"LINESTRING (91.8670173 26.0187197, 91.8668779 26.0184653, 91.8666592 26.0181749, 91.8665535 26.0179559, 91.8665221 26.0177124, 91.866501 26.0174663, 91.8664205 26.0171529, 91.8663749 26.0169577, 91.8663427 26.0168227, 91.8663449 26.016773, 91.8663643 26.0167157, 91.8664393 26.0166178, 91.8665546 26.0164587, 91.8666599 26.0163315, 91.8667424 26.0162539, 91.8668094 26.0162057, 91.866866 26.0161767, 91.8669355 26.016155, 91.8670401 26.0161406, 91.8672144 26.0161243, 91.8673593 26.016102, 91.8677133 26.0160658, 91.8679225 26.0160683, 91.8680679 26.0160844, 91.8682095 26.0161092, 91.8683839 26.016155, 91.8685502 26.016196, 91.8686843 26.0162273, 91.8687621 26.016249, 91.8688781 26.0162805, 91.8690062 26.0162852, 91.869077 26.0162541, 91.8691269 26.0162032, 91.8691671 26.0161092, 91.8691805 26.0160273, 91.8691805 26.0158875, 91.8691755 26.0158509, 91.8691595 26.0158118, 91.8691023 26.0157542, 91.8689731 26.0156741)",391.0029482197155,150.01049292199767,91.8670173,26.0187197,91.8689731,26.0156741,0.9732123197531938,,,
1905245,167961,0,"[226284064, 636366607, 977963761, 977963762, 387479829]",trunk,"[None, 'yes']",,,,NH6,"LINESTRING (91.8670173 26.0187197, 91.8670897 26.0189234, 91.8672077 26.0191234, 91.8674317 26.0193657, 91.8675444 26.0195091, 91.8676932 26.019667, 91.8677683 26.0198128, 91.8677576 26.0200128, 91.8676785 26.020178, 91.8676208 26.0202623, 91.8675309 26.0203708, 91.8674062 26.0204841, 91.8673258 26.0205684, 91.8672533 26.0206769, 91.8672131 26.0208119, 91.8672077 26.0209011, 91.8672158 26.0210071, 91.8672386 26.0211011, 91.8673177 26.0212807, 91.8674558 26.021582, 91.8675283 26.0218808, 91.867598 26.0220616, 91.8677267 26.0223967, 91.867771 26.0225979, 91.8677898 26.0228197, 91.8678112 26.0232403, 91.8677965 26.0236271, 91.8677683 26.0239139, 91.8677911 26.0240947, 91.8678689 26.0242393, 91.8679816 26.0243887, 91.8681076 26.0245249, 91.8681841 26.0246418, 91.8682243 26.0247672, 91.8682471 26.0249238, 91.8683638 26.0253553, 91.8684389 26.0256264, 91.8684831 26.0257602, 91.8686548 26.0260687, 91.8687044 26.0262145, 91.8687155 26.026352, 91.8686863 26.0267236, 91.8686658 26.027162, 91.8686958 26.0276039, 91.8687868 26.0280246, 91.868786 26.0282576, 91.8687646 26.0284558, 91.8687427 26.0287376, 91.8687938 26.0290889, 91.8688881 26.0296044, 91.8689471 26.0299129, 91.8690008 26.0301346, 91.8691027 26.0303998, 91.8692958 26.0307757, 91.8695024 26.0312168, 91.8694943 26.0314168, 91.8693736 26.0316819, 91.8692583 26.0319615, 91.8691698 26.0320965, 91.8690088 26.032229, 91.8688104 26.0323568, 91.868585 26.0325255, 91.8683866 26.0326845, 91.8681881 26.032834, 91.8679628 26.0329834, 91.8676999 26.0330967, 91.8674344 26.0332654, 91.8672842 26.0334244, 91.8672386 26.0335522, 91.8672386 26.0336799, 91.86729 26.033821, 91.86733 26.033927, 91.867532 26.034336, 91.867582 26.034424, 91.86775 26.034638, 91.867869 26.034811, 91.867934 26.034934, 91.86812 26.035365, 91.868161 26.035504, 91.868187 26.035658, 91.86824 26.036487, 91.868224 26.03672, 91.868203 26.036825, 91.868168 26.036927, 91.868113 26.037027, 91.868041 26.03712, 91.867958 26.037211, 91.867876 26.037293, 91.867693 26.037453, 91.867516 26.037628, 91.867447 26.037734, 91.867393 26.037855, 91.867354 26.037985, 91.867319 26.038119, 91.867271 26.0384, 91.867264 26.038543, 91.867272 26.038686, 91.867325 26.039201, 91.867337 26.039535, 91.867436 26.040274, 91.867491 26.041002, 91.867517 26.04146, 91.867607 26.042518, 91.867627 26.042682, 91.867655 26.042956, 91.8677006 26.0432268, 91.8677241 26.0433667, 91.8677764 26.0440102, 91.8678193 26.0443897, 91.8678501 26.0445235, 91.8679172 26.0447271, 91.867995 26.0448753, 91.8680714 26.0450307, 91.8681465 26.0451717, 91.8684692 26.045763)",3010.579032074564,2.7615563015197897,91.8670173,26.0187197,91.8684692,26.045763,1.0014801904148103,,,
1906023,1906025,0,"[977975328, 977975329, 977975330]",trunk,,,,,NH6,"LINESTRING (91.9007595 25.674202, 91.9007712 25.6741739, 91.9008359 25.6740461, 91.900849 25.6740186)",22.278519428454103,156.2588823883318,91.9007595,25.674202,91.900849,25.6740186,0.983507531286384,,,
1906025,36138,0,"[977975330, 271956451, 271956452, 271956454, 271684167, 272518854, 271957589, 271957591, 52116570, 52116572, 271722751]",trunk,"[None, 'yes']","[None, '2']",,"[None, 'Umiam Dam']",NH6,"LINESTRING (91.900849 25.6740186, 91.9009399 25.6738896, 91.901186 25.6735832, 91.9022065 25.6723744, 91.9024909 25.6720215, 91.9026196 25.6718765, 91.9027296 25.671787, 91.9028583 25.6717121, 91.9029602 25.6716661, 91.9030917 25.6716275, 91.9032714 25.6716009, 91.9034524 25.6716021, 91.9036455 25.6716178, 91.9039446 25.6716492, 91.9042678 25.6716897, 91.9044009 25.6717192, 91.9045052 25.6717423, 91.9046567 25.6717785, 91.9047788 25.6717955, 91.9049183 25.6718003, 91.905047 25.6717894, 91.9051637 25.6717507, 91.9052334 25.6717024, 91.9053005 25.6716299, 91.905378 25.671516, 91.9054319 25.6713857, 91.9054601 25.671266, 91.9054601 25.6711681, 91.9054319 25.6710642, 91.9053702 25.6709627, 91.9052643 25.6708297, 91.9051248 25.6706834, 91.9049598 25.6705094, 91.9047828 25.6703486, 91.9046675 25.6702447, 91.9046004 25.6701758, 91.9044851 25.6700416, 91.9044073 25.6699509, 91.9043134 25.6698494, 91.9041806 25.6697213, 91.9039352 25.669511, 91.9038467 25.6694457, 91.903726 25.6693889, 91.903604 25.669349, 91.9034497 25.66932, 91.9032888 25.6692922, 91.9031534 25.6692692, 91.9029998 25.6692499, 91.9029153 25.6692493, 91.9027973 25.6692535, 91.9027175 25.6692728, 91.9026303 25.6693115, 91.9025579 25.6693587, 91.9024613 25.669436, 91.9022347 25.6696391, 91.9020456 25.6697938, 91.9019155 25.6698712, 91.9018029 25.6699111, 91.9017036 25.6699268, 91.9016245 25.669925, 91.9015621 25.6699086, 91.9014689 25.6698718, 91.901369 25.6698204, 91.901253 25.6697575, 91.9011524 25.6696923, 91.9010237 25.6696089, 91.900966 25.6695533, 91.9009244 25.6694771, 91.9009057 25.6694034, 91.9009097 25.669326, 91.9009379 25.6692426, 91.9009969 25.6691592, 91.9010921 25.6690613, 91.9012678 25.6689175, 91.9013563 25.6688328, 91.901422 25.668741, 91.9014488 25.6686588, 91.9014569 25.6685573, 91.9014314 25.6684412, 91.9014166 25.6684004, 91.9013911 25.66833, 91.9013455 25.6682369, 91.9012476 25.6680834, 91.901041 25.6677495, 91.9009391 25.6675626, 91.9008641 25.6674307, 91.900793 25.667334, 91.9007179 25.6672663, 91.9006509 25.6672216, 91.9005731 25.6671913, 91.9004752 25.6671744, 91.9002351 25.6671696, 91.9000366 25.6671611, 91.8999039 25.6671418, 91.8997912 25.6671055, 91.8997198 25.6670771, 91.8996289 25.667039, 91.8995082 25.6669774, 91.8993889 25.6668928, 91.8993165 25.6668154, 91.8992427 25.6667163, 91.899185 25.6666136, 91.8991207 25.6664866, 91.8990844 25.6663815, 91.8990657 25.6662908, 91.8990684 25.6662086, 91.8990871 25.6661373, 91.89913 25.6660756, 91.8992293 25.6659935, 91.899354 25.6659125, 91.8994975 25.6658266, 91.8996008 25.6657553, 91.8996705 25.665684, 91.8997121 25.6656151, 91.8997275 25.6655571, 91.8997255 25.6654664, 91.8997 25.6653758, 91.8996544 25.6652911, 91.8995753 25.6652029, 91.8994559 25.6650844, 91.899358 25.6649889, 91.8992843 25.6649055, 91.8992306 25.6648209, 91.8992025 25.6647472, 91.899185 25.6646287, 91.899177 25.6645211, 91.8991797 25.6643821, 91.8992038 25.664225, 91.8992333 25.6640727, 91.8992802 25.6639119, 91.8993232 25.6637765, 91.899413 25.6635565, 91.8994908 25.6634163, 91.8995525 25.6633305, 91.8996491 25.6632181, 91.8996901 25.6631903, 91.8997563 25.6631455, 91.8998475 25.6631032, 91.8999696 25.6630754, 91.9001238 25.6630476, 91.9002874 25.6630404, 91.9004162 25.6630549, 91.9005275 25.663079, 91.9006535 25.6631443, 91.9008051 25.6632386, 91.9009486 25.6633244, 91.9010974 25.663409, 91.9012879 25.6635166, 91.9014099 25.6635698, 91.901536 25.663617, 91.9016929 25.6636623, 91.9017727 25.6636822, 91.9018404 25.6636901, 91.9019034 25.6636883, 91.9019678 25.6636689, 91.9020114 25.6636405, 91.9020503 25.6636043, 91.9020718 25.6635644, 91.9020744 25.6635094, 91.902057 25.6634544, 91.9020094 25.6633879, 91.9019457 25.6633135, 91.9018069 25.6631975, 91.9016755 25.6630923, 91.9012812 25.6627696, 91.9009083 25.6624372, 91.9008198 25.6623126, 91.9007742 25.6622317, 91.9007555 25.6621591, 91.9007622 25.662089, 91.9007957 25.6620213, 91.9008775 25.6619319, 91.9009325 25.6618521, 91.900961 25.661778, 91.900961 25.661671, 91.900939 25.661561, 91.900902 25.661456, 91.9007662 25.6611727, 91.9006723 25.6610132, 91.9006267 25.6609044, 91.9006102 25.6608248, 91.9006087 25.6607442, 91.900636 25.660595, 91.9007099 25.6603495, 91.9007219 25.6602576, 91.9007286 25.6601633, 91.9007206 25.6600896, 91.9007025 25.6600479, 91.9006747 25.6600064, 91.9005019 25.6598188, 91.9003947 25.6596919, 91.9003464 25.6596133, 91.9002445 25.6593776, 91.9000648 25.6589581, 91.8999448 25.6586168, 91.8998301 25.6584468, 91.8997335 25.658315, 91.8996879 25.6582328, 91.8996491 25.6581337, 91.8996195 25.6580237, 91.8995874 25.6578992, 91.8995404 25.6577734, 91.8994841 25.6576574, 91.899405 25.6575486, 91.8993218 25.6574591, 91.8991703 25.6573322, 91.8988672 25.6570759, 91.8984729 25.6567592, 91.8983053 25.6566262, 91.8981732 25.6565144, 91.8980987 25.6564376, 91.8980344 25.6563506, 91.8979874 25.656266, 91.8979526 25.6561342, 91.8979338 25.6559952, 91.8979257 25.6558441, 91.897907 25.6556482, 91.8978828 25.6554222, 91.897864 25.6552142, 91.8978668 25.6551878)",2115.1173311309312,188.12441489766368,91.900849,25.6740186,91.8978668,25.6551878,0.9994561177275724,,,
1906025,1906023,0,"[977975328, 977975329, 977975330]",trunk,,,,,NH6,"LINESTRING (91.900849 25.6740186, 91.9008359 25.6740461, 91.9007712 25.6741739, 91.9007595 25.674202)",22.278519428454103,336.258921164392,91.900849,25.6740186,91.9007595,25.674202,0.983507531286384,,,
1906025,1906563,0,1013045596,trunk,,,,,NH6,"LINESTRING (91.900849 25.6740186, 91.9005302 25.6739107, 91.9003397 25.6738467, 91.9001748 25.673808, 91.9000219 25.6738031, 91.8998945 25.6738249, 91.8997952 25.673866, 91.8996987 25.6739228, 91.8996289 25.6739917, 91.8995659 25.6740848, 91.8995324 25.6741791, 91.8995109 25.6742745, 91.8994962 25.6744027, 91.8994801 25.6745332, 91.8994492 25.6746359, 91.899413 25.6747193, 91.8993473 25.6748052, 91.8992682 25.6748898, 91.8991703 25.6749683, 91.8990684 25.6750384, 91.8989611 25.6750868)",223.3935658862783,302.12086755217433,91.900849,25.6740186,91.8989611,25.6750868,0.9278073807457776,,,
1906045,1906047,0,977975335,trunk,,,,,NH6,"LINESTRING (91.8974592 25.6760927, 91.8975355 25.6762532, 91.897577 25.6764635, 91.8975878 25.6765396, 91.8975891 25.6767282, 91.8976454 25.6769252, 91.897679 25.6769941, 91.8977219 25.6770424, 91.8977769 25.6770968, 91.8978614 25.6771379, 91.8979861 25.6771911, 91.898139 25.677266, 91.8982784 25.6773567, 91.8983348 25.6774171, 91.8983898 25.6774872, 91.8984488 25.677625, 91.8985896 25.67799, 91.8986472 25.6780783, 91.8987371 25.6781701, 91.898843 25.6782837, 91.8989785 25.6785448, 91.8990496 25.6787249, 91.8991689 25.678986, 91.8992212 25.6790597, 91.8993299 25.6791407, 91.8996745 25.6793123, 91.8998784 25.6794114, 91.9001842 25.6796024, 91.9003692 25.6798187, 91.9004631 25.6799589, 91.9005489 25.6801003, 91.9006133 25.680394, 91.9006227 25.6806152, 91.9006294 25.680979, 91.9006455 25.6810999, 91.9007152 25.6812231, 91.9009338 25.6814093, 91.9010907 25.6815555, 91.9011846 25.681674, 91.9012114 25.6817912, 91.9012222 25.6818855, 91.9012155 25.6819568, 91.9011779 25.6820305, 91.9011337 25.6820873, 91.9010559 25.6821586, 91.9009003 25.6822481, 91.900624 25.6824028, 91.9005691 25.6824547, 91.9005167 25.6825285, 91.9004819 25.6826179, 91.9004872 25.682769, 91.9005503 25.6831727, 91.9005932 25.6833503, 91.9006294 25.6835364, 91.9007716 25.6839232, 91.9008037 25.6840332, 91.9008332 25.6841552, 91.9008359 25.6845118, 91.9008467 25.6846943, 91.9008802 25.6847801, 91.900966 25.6849094, 91.9012249 25.6852091, 91.9014046 25.6853844, 91.9016366 25.6856128, 91.9018458 25.6857566, 91.9024479 25.6861349, 91.9027993 25.6863778, 91.9030313 25.6865495, 91.9032231 25.6867622, 91.9033773 25.6870341, 91.9033988 25.6871102, 91.9033827 25.68719, 91.9033116 25.6873326, 91.903093 25.6874643, 91.9028476 25.6876553, 91.9027296 25.6878487, 91.9026491 25.6880009, 91.9026142 25.688181, 91.9026706 25.6884626, 91.9029026 25.6887853, 91.9032553 25.6891442, 91.9033881 25.689253, 91.9034645 25.6893437, 91.9035584 25.689531, 91.9036174 25.689734, 91.903663 25.6900241, 91.9036925 25.6900676, 91.903781 25.690163, 91.9039057 25.6901981, 91.9040117 25.6902319, 91.9041337 25.6902416, 91.9044167 25.6902319, 91.9046889 25.6902162, 91.904925 25.6902404, 91.9051959 25.6903069, 91.9055231 25.6904773, 91.9057296 25.6906078, 91.9059455 25.6908495, 91.9061239 25.6910489, 91.9062835 25.6915359, 91.9063264 25.6916399, 91.9063546 25.691774, 91.9063331 25.6919057, 91.9062915 25.6919867, 91.9061494 25.6920834, 91.9058584 25.6924, 91.9056532 25.6926647, 91.9054976 25.6929233, 91.9053555 25.6932919, 91.9052079 25.6936122, 91.9051328 25.6937862, 91.9050229 25.6939312, 91.9049129 25.6940073, 91.9047815 25.6941161, 91.9045857 25.6943469, 91.9044864 25.694498, 91.9043322 25.6949137, 91.9042705 25.695101, 91.9041002 25.6953717, 91.9039553 25.6955989, 91.9037005 25.6959772, 91.9035839 25.6961657, 91.9033733 25.6965548, 91.9031064 25.6969524, 91.9027805 25.6973693, 91.9026907 25.6975675, 91.9025485 25.6979796, 91.9024989 25.6982986, 91.9024104 25.6987591, 91.9023313 25.6991869, 91.9022655 25.6992968, 91.9021636 25.6994153, 91.9018954 25.6995494, 91.9018029 25.6995796, 91.9016795 25.6996014, 91.9015709 25.6996183, 91.9014461 25.6996654, 91.9012892 25.6997379, 91.9011658 25.6998177, 91.9010063 25.7000195, 91.9007716 25.7004569, 91.9006214 25.7008182, 91.9004591 25.701153, 91.9003759 25.7013403, 91.9003263 25.7015046, 91.9003102 25.7017089, 91.9003156 25.7019409, 91.9003089 25.701994, 91.9002928 25.7020569, 91.9002338 25.7021342, 91.9001386 25.7022357, 91.9001198 25.7022853, 91.9001131 25.7023276, 91.9001171 25.7023844, 91.9001345 25.7024351, 91.9001654 25.7024907, 91.9002512 25.702556, 91.9004698 25.7026792, 91.9006079 25.7027626, 91.9006924 25.7028109, 91.900726 25.7028653, 91.9007488 25.7029523, 91.9007514 25.7030526, 91.900726 25.7031118, 91.9006884 25.7031722, 91.9005918 25.7032738, 91.9003397 25.7034357, 91.9002727 25.7035082, 91.900215 25.7035734, 91.9000648 25.7037764, 91.9000112 25.7038671, 91.8999186 25.703942, 91.8998341 25.7039795, 91.8997268 25.704006, 91.899637 25.7040205, 91.8994895 25.7040435, 91.8992642 25.7040906, 91.8991783 25.7041245, 91.8991086 25.7041716, 91.8990402 25.7042236, 91.8989892 25.7042997, 91.8989409 25.7043915, 91.8988927 25.7045281, 91.8988739 25.704626, 91.8988712 25.7046924, 91.8988739 25.7047552, 91.8988739 25.7048229, 91.898894 25.7049438, 91.8989758 25.7051625, 91.8990979 25.7054392, 91.8991944 25.7057026, 91.8992306 25.7060108, 91.8992816 25.7063213, 91.8993004 25.706598, 91.899299 25.7066742, 91.8992896 25.7067285, 91.8992682 25.7067853, 91.8992333 25.7068325, 91.8991663 25.706905, 91.8990791 25.7069871, 91.8990496 25.7070463, 91.8990308 25.7070971, 91.8990201 25.7072058, 91.8990201 25.7072916, 91.8990375 25.7073919, 91.8990442 25.7074523, 91.8990388 25.7075091, 91.8990254 25.7075587, 91.898953 25.7076348, 91.8988726 25.7076578, 91.8987586 25.7076831, 91.8985037 25.7077448, 91.8984126 25.707781, 91.8983428 25.7077955, 91.8982664 25.7077919, 91.8981738 25.7077701, 91.8981135 25.7077399, 91.8980411 25.7076771, 91.8979137 25.7075913, 91.8976106 25.7075188, 91.8975033 25.7074922, 91.8974107 25.7074801, 91.8973075 25.7074584, 91.8972123 25.7074318, 91.8971305 25.7074197, 91.8970393 25.7074233, 91.8969682 25.7074282, 91.8969038 25.7074487, 91.8968622 25.707485, 91.8968073 25.7075551, 91.8967777 25.7076457, 91.896763 25.7077194, 91.8967482 25.7078209, 91.8967281 25.7079345, 91.8967161 25.7080215, 91.8966463 25.7081133, 91.8964921 25.7082221, 91.8961944 25.7083598, 91.8959194 25.7084613, 91.8957035 25.7084964, 91.8955144 25.7084891, 91.8953267 25.7084722, 91.895096 25.7084517, 91.8948318 25.7084396, 91.8946575 25.708442, 91.8945904 25.7084649, 91.8945287 25.7085121, 91.8944912 25.7085592, 91.894463 25.7086377, 91.894471 25.708697, 91.8944912 25.7087453, 91.8945341 25.7088009, 91.8945877 25.7088589, 91.8947379 25.7089978, 91.8948197 25.7090655, 91.8948881 25.7091332, 91.8949391 25.7092214, 91.8949847 25.709335, 91.8949941 25.7094775, 91.8949592 25.709602, 91.8947996 25.709886, 91.8946186 25.7102618, 91.8945716 25.7103548, 91.8945582 25.7104164, 91.8945622 25.7104889, 91.8945837 25.7105566, 91.8946266 25.7106134, 91.8947326 25.7106726, 91.8948331 25.7107125, 91.8949096 25.7107439, 91.8950437 25.7108091, 91.8951416 25.7108623, 91.8951885 25.7109638, 91.8951859 25.7109904, 91.8951711 25.7110979, 91.8951054 25.7112562, 91.8949579 25.7115124, 91.8948868 25.7116235, 91.8948372 25.7116888, 91.8947634 25.7117589, 91.8946427 25.7118483, 91.8944938 25.7118906, 91.8943155 25.7119172, 91.8942283 25.7119123, 91.8941344 25.711899, 91.8939936 25.7118676, 91.8938541 25.7118145, 91.8937334 25.7117105, 91.8935819 25.7115003, 91.8933083 25.7108877, 91.8932332 25.7107149, 91.8931139 25.710623, 91.8929556 25.7106037, 91.8928765 25.7106098, 91.8928 25.7106146, 91.8926968 25.7106508, 91.8926069 25.7106871, 91.8924648 25.710739, 91.8917392 25.7108925, 91.8912698 25.710965, 91.8906918 25.711052, 91.8904504 25.7110883, 91.8901701 25.7111426, 91.8898442 25.7112127, 91.8896069 25.7113082, 91.8893132 25.7114169, 91.8891643 25.7115172, 91.8890785 25.7116042, 91.8890543 25.7116392, 91.8890101 25.7117009, 91.888994 25.7117577, 91.8889859 25.7119099, 91.8889578 25.7121721, 91.8889403 25.7122954, 91.8889296 25.7123485, 91.8889122 25.7124077, 91.8888894 25.7124657, 91.8888491 25.7125322, 91.8887928 25.7126204, 91.8886587 25.7127859, 91.8884481 25.7131086, 91.8882939 25.713349, 91.8882577 25.7134493, 91.8882282 25.7135351, 91.8882255 25.7135931, 91.888247 25.713662, 91.8882926 25.7137405, 91.8883811 25.7138311, 91.8885206 25.713952, 91.8887271 25.7140692, 91.8889484 25.7142444, 91.8890986 25.7143761, 91.8891656 25.7145235, 91.8892448 25.7147023, 91.8892957 25.7148558, 91.8893091 25.7149705, 91.8892971 25.7151059, 91.8892582 25.715246, 91.8891884 25.7154055, 91.8890154 25.715739, 91.8889819 25.7158852, 91.8889779 25.7160072, 91.8890168 25.7161655, 91.8890704 25.7162767, 91.8891469 25.7164785, 91.8891992 25.7166464, 91.8891992 25.7167709, 91.8891764 25.7168808, 91.8891026 25.7169944, 91.8889886 25.7171116, 91.8888196 25.7172735, 91.888715 25.7174221, 91.8886399 25.7175659, 91.8886077 25.7177, 91.8886118 25.7178221, 91.8886359 25.7180323, 91.8886802 25.7182015, 91.8887848 25.7183416, 91.8889242 25.7185023, 91.8892434 25.7187585, 91.8893628 25.7188575, 91.8894245 25.7189627, 91.8894701 25.7190678, 91.8895009 25.7192466, 91.8895371 25.7193457, 91.8895814 25.7194266, 91.8896753 25.7195317, 91.8899904 25.7197758, 91.8904705 25.7200779, 91.8906301 25.72027, 91.890669 25.7203352, 91.8906774 25.7203959)",4972.942042526749,352.1478674698617,91.8974592,25.6760927,91.8906774,25.7203959,0.9995987573416686,,,
1906046,1906023,0,977975334,trunk,,,,,NH6,"LINESTRING (91.8975569 25.6760618, 91.8973115 25.6756077, 91.8970942 25.6752741, 91.8969575 25.6750529, 91.8968998 25.6749514, 91.8968649 25.6748595, 91.8968354 25.6747689, 91.8968301 25.6746758, 91.8968381 25.67459, 91.8968663 25.674503, 91.8969266 25.6743918, 91.8970218 25.6742455, 91.897172 25.6740014, 91.8972445 25.6738696, 91.8973075 25.6737705, 91.8973759 25.6736944, 91.8974496 25.6736436, 91.8975408 25.6736085, 91.8976562 25.6736037, 91.8977259 25.6736158, 91.8978184 25.6736508, 91.8978922 25.6737028, 91.8979512 25.6737717, 91.8980062 25.6738829, 91.8980464 25.6739917, 91.8980733 25.6740848, 91.8980974 25.6741827, 91.8981484 25.6744353, 91.8981913 25.6746009, 91.8982288 25.6747302, 91.8982677 25.6748148, 91.8983053 25.6748837, 91.8983763 25.674972, 91.8984568 25.6750493, 91.8985614 25.6751146, 91.8986902 25.6751617, 91.8988337 25.6751847, 91.8989664 25.6751835, 91.8991207 25.6751666, 91.8992534 25.6751279, 91.8993607 25.6750759, 91.8994747 25.6749877, 91.8995552 25.6749006, 91.8996397 25.6747786, 91.899704 25.6746444, 91.8997523 25.6744123, 91.8997818 25.67426, 91.8998247 25.6741609, 91.8998811 25.6740896, 91.8999521 25.6740388, 91.9000393 25.6740086, 91.9001265 25.6740074, 91.9002365 25.6740352, 91.9003679 25.6740775, 91.9005623 25.674138, 91.9007595 25.674202)",381.80761102806855,122.79436094777056,91.8975569,25.6760618,91.9007595,25.674202,0.9287861617422826,,,
1906047,1907013,0,977975335,trunk,,,,,NH6,"LINESTRING (91.8906774 25.7203959, 91.8906811 25.7204222, 91.8906945 25.7204778, 91.8907025 25.7205684, 91.8906744 25.7206783, 91.8905886 25.7207798, 91.8903244 25.7208934, 91.8898161 25.7210106, 91.8891402 25.7211991, 91.8887673 25.7213586, 91.8879358 25.7216812, 91.8873565 25.7218817, 91.8865438 25.7222635, 91.8856868 25.7226731, 91.884799 25.7231419, 91.8841915 25.7234512, 91.8838803 25.7236095, 91.8836993 25.7237484, 91.8835907 25.7238463, 91.8834901 25.7240118, 91.8833935 25.7243054, 91.8832822 25.7252429, 91.8832017 25.7259389, 91.8831521 25.7261998, 91.8830542 25.7266613, 91.8830073 25.7273621, 91.8829536 25.7281123, 91.8829201 25.7284953, 91.8828826 25.7286174, 91.8828289 25.7287454, 91.8826854 25.7288819, 91.8825392 25.7289629, 91.8819371 25.7292142, 91.8813537 25.7294244, 91.8811244 25.7295959, 91.8809903 25.7297301, 91.8806872 25.7302955, 91.8804632 25.7307135, 91.8803331 25.730885, 91.8801574 25.7310288, 91.879845 25.7311883, 91.8793488 25.7312982, 91.8787171 25.7314021, 91.8780828 25.7315084, 91.8780035 25.7315376)",1773.9035756557985,314.3018880845383,91.8906774,25.7203959,91.8780035,25.7315376,0.9470296092298054,,,
1906048,1906331,0,977975334,trunk,,,,,NH6,"LINESTRING (91.8907951 25.7203915, 91.8907079 25.7201685, 91.8905389 25.7199933, 91.8902868 25.7197915, 91.8898872 25.7195112, 91.8897544 25.719417, 91.8896565 25.7192744, 91.8896417 25.7192043, 91.8895626 25.719017, 91.8894687 25.7188406, 91.8893494 25.7187089, 91.8891053 25.7185132, 91.8889739 25.7184093, 91.8888532 25.7182595, 91.8887633 25.718054, 91.8887298 25.7179103, 91.8887217 25.7177713, 91.8887325 25.7176239, 91.8887928 25.7174608, 91.8889014 25.7173363, 91.8891066 25.7171285, 91.8891992 25.7170319, 91.8892729 25.7169545, 91.8893065 25.7168808, 91.8893199 25.7167938, 91.8893051 25.7166307, 91.8892568 25.7164664, 91.8892045 25.7163359, 91.8891281 25.7161595, 91.8891039 25.7160568, 91.8890999 25.7159782, 91.8891013 25.7158949, 91.8891039 25.7158151, 91.8891254 25.7157463, 91.8892354 25.7155288, 91.8893266 25.7153439, 91.889399 25.7152194, 91.8894432 25.7149814, 91.8894191 25.7147796, 91.8893467 25.7146443, 91.8892407 25.7144026, 91.8890744 25.7142395, 91.8889564 25.7141127, 91.888589 25.7138674, 91.8884441 25.7137526, 91.8883999 25.7136873, 91.8883771 25.7136185, 91.8883596 25.7135194, 91.8883824 25.7134372, 91.8884052 25.7133732, 91.8884924 25.7131992, 91.8886936 25.7129044, 91.8889457 25.7125854, 91.8890262 25.712421, 91.8890557 25.7122676, 91.8890798 25.7119582, 91.889112 25.711777, 91.8891549 25.7116767, 91.8892139 25.7115849, 91.889336 25.71151, 91.889509 25.7114193, 91.889749 25.7113396, 91.8900025 25.7112647, 91.8904504 25.7111946, 91.8907776 25.7111463, 91.8913664 25.7110508, 91.8920785 25.7109227, 91.8926901 25.7107596, 91.8928255 25.7106931, 91.8929261 25.7106883, 91.8930159 25.710698, 91.8931125 25.7107197, 91.893193 25.7107862, 91.8932641 25.7109022, 91.893311 25.7110556, 91.8935189 25.7115317, 91.8936637 25.711754, 91.8937938 25.711858, 91.8938997 25.7119135, 91.8940312 25.7119522, 91.8941532 25.711974, 91.8943825 25.7119909, 91.894518 25.7119727, 91.8946414 25.7119401, 91.8947124 25.7119123, 91.8947956 25.7118676, 91.8949002 25.7117891, 91.894978 25.7117021, 91.8950558 25.7115788, 91.895214 25.7113021, 91.8952824 25.7111595, 91.8953119 25.711017, 91.8953012 25.7109324, 91.8952744 25.7108768, 91.895214 25.7108007, 91.8951537 25.7107523, 91.8950732 25.7107113, 91.8950021 25.710681, 91.89486 25.7106412, 91.8947701 25.7105965, 91.8947151 25.7105554, 91.8946776 25.7104974, 91.8946682 25.7104406, 91.8946736 25.7103923, 91.894691 25.7103367, 91.8947285 25.7102726, 91.8949659 25.709834, 91.8950719 25.7096238, 91.8951081 25.7094365, 91.8950987 25.7093446, 91.8950357 25.7092105, 91.8950008 25.7091259, 91.8947741 25.7088987, 91.8946762 25.708825, 91.8946159 25.7087767, 91.8945864 25.7087054, 91.894585 25.7086571, 91.8946052 25.7086039, 91.8946441 25.708564, 91.8946615 25.7085604, 91.8947808 25.7085387, 91.8950772 25.7085447, 91.8954259 25.7085725, 91.8956713 25.7085785, 91.8958953 25.7085737, 91.8961863 25.7084867, 91.896425 25.7083985, 91.8966933 25.7082595, 91.8967777 25.708187, 91.8968368 25.7081097, 91.8968716 25.7080275, 91.8968904 25.7078523, 91.8968904 25.7077581, 91.8969038 25.7076831, 91.8969105 25.7076723, 91.8969762 25.7075683, 91.8970393 25.7075261, 91.8971318 25.7075019, 91.8972029 25.7075055, 91.8972981 25.7075285, 91.8973839 25.7075587, 91.8975046 25.7075901, 91.8977272 25.7076372, 91.8978788 25.7076964, 91.8979834 25.7077653, 91.8980907 25.7078209, 91.8981698 25.7078753, 91.8982811 25.7078994, 91.8983763 25.707897, 91.8984702 25.7078789, 91.8985561 25.7078535, 91.8987773 25.7077859, 91.8989342 25.7077399, 91.8990254 25.7077073, 91.8990952 25.7076686, 91.8991247 25.70763, 91.8991528 25.707578, 91.8991649 25.7075248, 91.8991703 25.7074705, 91.8991488 25.7073798, 91.8991408 25.7071974, 91.8991475 25.7071333, 91.8991636 25.7070657, 91.8991877 25.7070318, 91.8992843 25.7069448, 91.8993741 25.7068494, 91.899405 25.7067648, 91.8994224 25.7066729, 91.8994197 25.7065147, 91.8993916 25.7062935, 91.8993446 25.7059612, 91.8992454 25.7055649, 91.8991404 25.7052661)",1878.2172777548697,153.5658808752331,91.8907951,25.7203915,91.8991404,25.7052661,0.9795071507312128,,,
1906055,657627,0,977975334,trunk,,,,,NH6,"LINESTRING (91.8864038 25.7538597, 91.8863949 25.7537985, 91.8863748 25.7537236, 91.8861026 25.7531451, 91.8857619 25.7525459, 91.8853676 25.7518695, 91.8852469 25.751553, 91.885171 25.7513638)",303.7561528598965,203.98321661307165,91.8864038,25.7538597,91.885171,25.7513638,0.9830384692260564,,,
1906331,1906046,0,977975334,trunk,,,,,NH6,"LINESTRING (91.8991404 25.7052661, 91.8990804 25.7051407, 91.8990174 25.7050054, 91.8989839 25.7048604, 91.8989705 25.704725, 91.8990026 25.7045667, 91.8990241 25.7044544, 91.899114 25.7043021, 91.899244 25.7041933, 91.8993929 25.7041523, 91.8995096 25.7041221, 91.899806 25.7040773, 91.8999575 25.7040302, 91.9000286 25.7039843, 91.9000621 25.7039565, 91.9001868 25.7037837, 91.9002686 25.703658, 91.9004296 25.7035239, 91.9006374 25.7033378, 91.9007877 25.7031843, 91.9008252 25.7030889, 91.9008359 25.7029922, 91.9008359 25.7029306, 91.900793 25.7028206, 91.9007421 25.702736, 91.9005422 25.7026224, 91.9004256 25.7025753, 91.9003572 25.7025378, 91.9002928 25.7024883, 91.9002365 25.702446, 91.900219 25.7024085, 91.9002204 25.7023505, 91.9002244 25.7023119, 91.9002472 25.7022659, 91.9003732 25.7021233, 91.9004242 25.7020388, 91.9004269 25.7019481, 91.9004121 25.7017064, 91.9004242 25.7015771, 91.9004832 25.7013318, 91.9005865 25.7010986, 91.900844 25.7004968, 91.9009808 25.7002237, 91.9011578 25.6999578, 91.9013093 25.6998382, 91.9014287 25.6997971, 91.9016875 25.6996751, 91.9019316 25.6996183, 91.9021019 25.6995554, 91.9022562 25.6994684, 91.9023232 25.6993887, 91.9023728 25.699298, 91.9024198 25.6991651, 91.9025619 25.6985331, 91.9026773 25.6980388, 91.9027658 25.6976823, 91.9028556 25.6974793, 91.9030434 25.6971832, 91.9032392 25.696869, 91.9034444 25.6965959, 91.9036362 25.6962213, 91.9039312 25.6957584, 91.9042531 25.6953186, 91.9043684 25.6951095, 91.9045454 25.6946913, 91.9046554 25.6944932, 91.9048284 25.6942225, 91.9049625 25.6941016, 91.9050604 25.6940291, 91.9051932 25.6939046, 91.9053018 25.6936726, 91.9054627 25.6932798, 91.9055566 25.6930405, 91.9057283 25.6927191, 91.9058718 25.6925438, 91.9060864 25.6922888, 91.9062299 25.6921825, 91.9064176 25.691994, 91.9064713 25.6918949, 91.9064833 25.6918344, 91.9064806 25.6917631, 91.9064511 25.6916822, 91.9063398 25.6913377, 91.9062245 25.6910694, 91.905975 25.6907093, 91.9058155 25.6905619, 91.9055714 25.6903878, 91.9052871 25.6902452, 91.9049022 25.6901594, 91.9045883 25.6901618, 91.9041914 25.69018, 91.9040465 25.6901848, 91.9039205 25.6901485, 91.9038574 25.6901087, 91.9038172 25.6900349, 91.9037797 25.6899225, 91.9036683 25.6895455, 91.9036067 25.6893606, 91.9032969 25.6889968, 91.9029281 25.6886499, 91.9027966 25.6884372, 91.902747 25.688314, 91.9027376 25.6881907, 91.9027349 25.6881278, 91.9027524 25.6880674, 91.9027886 25.687949, 91.9028932 25.6877955, 91.9030313 25.6876674, 91.9031949 25.6875357, 91.9032875 25.6874776, 91.9033813 25.6873652, 91.9034444 25.6872806, 91.9034873 25.6872057, 91.9034967 25.6871453, 91.9034766 25.6870184, 91.903435 25.6869157, 91.9033881 25.68679, 91.9032754 25.6866655, 91.9028851 25.6863029, 91.9023997 25.686002, 91.9018149 25.6856466, 91.9015414 25.6854086, 91.9012342 25.6850786, 91.9011015 25.6849251, 91.9010156 25.6848031, 91.9009821 25.6847402, 91.9009607 25.6846701, 91.9009593 25.6845807, 91.9009499 25.6844296, 91.9009392 25.6841806, 91.9008641 25.6838483, 91.9007125 25.6834168, 91.9006576 25.6831835, 91.9005825 25.6827243, 91.9006053 25.6826179, 91.9006442 25.6825345, 91.9007367 25.682468, 91.9009674 25.6823411, 91.9010787 25.6822916, 91.9012597 25.6821345, 91.901308 25.6820233, 91.9013348 25.6819121, 91.901316 25.6817598, 91.9012932 25.6816425, 91.901245 25.6815567, 91.9011833 25.6814794, 91.9011095 25.681402, 91.9009486 25.681257, 91.9008453 25.6811651, 91.9007823 25.6810793, 91.9007675 25.6809585, 91.9007608 25.6806539, 91.9007353 25.6803324, 91.9006348 25.68, 91.9005074 25.6798018, 91.900396 25.6796652, 91.9000299 25.679415, 91.8996745 25.6792216, 91.899299 25.679021, 91.8992011 25.6788578, 91.8991555 25.6786935, 91.899063 25.6784155, 91.8989678 25.678268, 91.8988176 25.6780819, 91.8987156 25.6779284, 91.898599 25.6776951, 91.8985306 25.6775138, 91.8984796 25.6774002, 91.8983375 25.6772298, 91.8981899 25.6771718, 91.8980692 25.6771149, 91.8979338 25.6770606, 91.8978359 25.6770001, 91.8977876 25.6769349, 91.8977246 25.6768575, 91.8977165 25.6764949, 91.897679 25.6763124, 91.8976414 25.6762181, 91.8975569 25.6760618)",3251.248746316449,182.7976790558194,91.8991404,25.7052661,91.8975569,25.6760618,1.001481540405296,,,
1906563,1906045,0,977975335,trunk,,,,,NH6,"LINESTRING (91.8989611 25.6750868, 91.8988752 25.6750892, 91.8987465 25.6750771, 91.8986312 25.6750445, 91.8985118 25.6749804, 91.898434 25.6749079, 91.8983737 25.674833, 91.8983079 25.6747085, 91.8982664 25.6745658, 91.8982275 25.6743966, 91.8981846 25.6742129, 91.8981524 25.6740558, 91.8981095 25.6739204, 91.8980706 25.6738176, 91.8980169 25.6737258, 91.8979418 25.6736472, 91.8978332 25.6735674, 91.8977272 25.6735203, 91.8976092 25.673507, 91.8974859 25.6735239, 91.8973866 25.6735662, 91.8972927 25.6736363, 91.8972257 25.6737234, 91.8971372 25.6738636, 91.89705 25.6740086, 91.8968864 25.6742564, 91.8967831 25.6744039, 91.8967375 25.6745127, 91.8967094 25.6746166, 91.896708 25.6747, 91.8967147 25.6747822, 91.8967429 25.6748741, 91.8968005 25.6749853, 91.8968824 25.6751243, 91.8971144 25.6754711, 91.8973008 25.6758084, 91.897447 25.676067, 91.8974592 25.6760927)",187.52387887856196,306.6173520409691,91.8989611,25.6750868,91.8974592,25.6760927,0.9345945572700244,,,
1907013,657629,0,977975335,trunk,,,,,NH6,"LINESTRING (91.8780035 25.7315376, 91.8778561 25.7315918, 91.8776268 25.7317029, 91.8774484 25.7319252, 91.8773089 25.7321439, 91.8769455 25.7325848, 91.8764117 25.7331792, 91.8760711 25.7336649, 91.8758659 25.7339101, 91.8757828 25.7341228, 91.8757211 25.7343185, 91.8757385 25.7344948, 91.8757988 25.734693, 91.8760416 25.7350928, 91.8766786 25.7359458, 91.877262 25.7366754, 91.8777984 25.7374558, 91.8783858 25.7382978, 91.8786983 25.7387231, 91.8789799 25.7391193, 91.8792213 25.739431, 91.8794936 25.7397354, 91.8797363 25.7399819, 91.8799791 25.7401908, 91.880305 25.7405049, 91.8804699 25.7406837, 91.8806617 25.7409193, 91.8809246 25.7412877, 91.8812598 25.7417963, 91.8815911 25.7421768, 91.8820752 25.7426951, 91.8826465 25.7431819, 91.883301 25.7437158, 91.8836497 25.7439731, 91.8838415 25.7441918, 91.8839715 25.744408, 91.8840279 25.7445348, 91.8840882 25.7447221, 91.8841365 25.7448827, 91.8841392 25.7451715, 91.8841365 25.7454034, 91.8840949 25.7455906, 91.8839233 25.7460726, 91.8837476 25.7465377, 91.8836671 25.7467925, 91.8836725 25.7469822, 91.8837047 25.7471851, 91.8839273 25.747992, 91.8841472 25.7487132, 91.8843926 25.7494766, 91.884634 25.7501229, 91.8847266 25.7503572, 91.8849103 25.750914, 91.8850498 25.7512668, 91.8850847 25.7513708)",2316.5991799524763,17.826583192094137,91.8780035,25.7315376,91.8850847,25.7513708,0.9910178829700096,,,
1907074,1907877,0,"[977975338, 977975335]",trunk,,,,,NH6,"LINESTRING (91.8862957 25.753894, 91.8863024 25.7540159, 91.8862621 25.7542128, 91.8860744 25.7544725, 91.885723 25.754981, 91.8853274 25.7555657, 91.8849693 25.7560863, 91.8847641 25.7562723, 91.8841794 25.7567216, 91.8840373 25.7568218, 91.8839541 25.7568762, 91.8838629 25.7569161, 91.8837275 25.7569607, 91.883411 25.7570006, 91.8832836 25.7570054, 91.8831736 25.7569873, 91.883014 25.7569595, 91.8829 25.7569185, 91.8828182 25.7568726, 91.8827176 25.7568194, 91.8826237 25.7567772, 91.8824869 25.7567433, 91.8822134 25.7567772, 91.8821128 25.7567965, 91.8820605 25.7568098, 91.8820015 25.7568194, 91.8819398 25.7568158, 91.8818673 25.7567904, 91.881752 25.7567288, 91.8815844 25.7566032, 91.8815146 25.7565597, 91.8814208 25.756538, 91.881351 25.7565404, 91.8812813 25.7565501, 91.8812183 25.7565815, 91.8811539 25.7566455, 91.8811096 25.7567409, 91.8810761 25.7568786, 91.8810412 25.7572482, 91.8809849 25.7575055, 91.8809326 25.7576685, 91.8808642 25.7577471, 91.8807569 25.7578727, 91.8806389 25.7579596, 91.8804404 25.7581046, 91.8802768 25.7582024, 91.8801749 25.7582833, 91.880144 25.7583135, 91.8801011 25.7583727, 91.8800582 25.7584355, 91.8800354 25.7585322, 91.8800555 25.7585986, 91.8800944 25.7588353, 91.8801132 25.7589138, 91.8801092 25.7589936, 91.8800904 25.7590564, 91.8800636 25.7591276, 91.8800126 25.7592098, 91.8799295 25.7593052, 91.8798503 25.7594163, 91.879802 25.7595576, 91.8798047 25.7596397, 91.8798101 25.7597231, 91.8798999 25.7599973, 91.8799496 25.7601422, 91.879971 25.7602219, 91.8799724 25.7602968, 91.8799375 25.7604091, 91.8798329 25.7605565, 91.8797658 25.7606314, 91.8797135 25.7607195, 91.8796894 25.7608295, 91.8796787 25.7609696, 91.8796854 25.7610396, 91.8797001 25.7611205, 91.8797149 25.7611797, 91.8797296 25.7612474, 91.8797323 25.7613053, 91.8797216 25.761379, 91.8797149 25.7614092, 91.8796894 25.7614418, 91.879625 25.7614684, 91.8794923 25.7614454, 91.8794212 25.7613911, 91.8793085 25.7612836, 91.8792079 25.7612003, 91.8791409 25.7611616, 91.8790551 25.7611242, 91.8789639 25.761123, 91.8788566 25.7611532, 91.8787613 25.7612039, 91.8786742 25.7612969, 91.8785776 25.7614358, 91.8785039 25.7615397, 91.8784623 25.7615626, 91.8783832 25.7616025, 91.8782906 25.7616339, 91.8779875 25.7616858, 91.8778963 25.7616991, 91.8777864 25.7617462, 91.8776858 25.7618017, 91.8775664 25.7618984, 91.8774551 25.7620638, 91.8773907 25.7622511, 91.8773639 25.7626617, 91.8773317 25.7628972, 91.8773532 25.7634915)",1393.1700486436807,319.9996807832172,91.8862957,25.753894,91.8773532,25.7634915,0.9567876420520688,,,
1907365,1907567,0,977975337,trunk,,,,,NH6,"LINESTRING (91.8761637 25.8052116, 91.8761677 25.8051506, 91.8761234 25.8049912, 91.8760604 25.8048536, 91.8759048 25.8045831, 91.8757828 25.804338, 91.8756688 25.8039963, 91.8756111 25.8037645, 91.8755923 25.8035858, 91.8756071 25.803348, 91.8756285 25.8031065, 91.8756513 25.8029689, 91.8756554 25.8028071, 91.8756071 25.8026658, 91.8755534 25.8025885, 91.8754917 25.8025221, 91.8754005 25.80244, 91.874954 25.8020549, 91.8745556 25.8017047, 91.8744899 25.8016009, 91.8744631 25.8015019, 91.874443 25.8013872, 91.8744577 25.8013027, 91.8744738 25.8012556, 91.8745396 25.8011215, 91.8747769 25.8008354, 91.8750478 25.8005106, 91.8751766 25.8003585, 91.8752114 25.8002751, 91.8752544 25.8001206, 91.8752584 25.7999673, 91.8752342 25.7998743, 91.8752047 25.7998115, 91.8751565 25.7997342, 91.875076 25.7996231, 91.8749151 25.7994372, 91.8747139 25.7992066, 91.8745717 25.7990617, 91.8744054 25.7989421, 91.874274 25.7988552, 91.8740742 25.7987816, 91.8738811 25.7986608, 91.8737724 25.7985727, 91.8737309 25.7985171, 91.8737054 25.7984592, 91.8736906 25.7983964, 91.8736826 25.7983215, 91.8736625 25.7982201, 91.8736826 25.7977842, 91.8736947 25.7976876, 91.873755 25.7974787, 91.873877 25.7972179, 91.8739468 25.7970501, 91.8740232 25.7969305, 91.8740956 25.7968617, 91.8741815 25.7968026, 91.8742888 25.7967349, 91.8744054 25.7966408, 91.8744712 25.7965671, 91.8745583 25.796427, 91.8745771 25.7963111, 91.8745637 25.7962218, 91.8745409 25.7961554, 91.874502 25.7960769, 91.8742633 25.7957158, 91.8741064 25.7955009, 91.8739186 25.795327, 91.873688 25.795135, 91.8735646 25.7949914, 91.8735096 25.7948911, 91.8734559 25.794745, 91.8734466 25.794617, 91.8734439 25.7941968, 91.8734184 25.7940447, 91.8733902 25.7939457, 91.8733513 25.7938455, 91.8731408 25.7935545, 91.8730536 25.7933733, 91.8730107 25.7932067, 91.8730147 25.7930739, 91.8730697 25.7929254, 91.8731193 25.7928203, 91.8731783 25.7926126, 91.8731891 25.79251, 91.8731877 25.7924218, 91.873181 25.7923482, 91.8731475 25.792056, 91.8731274 25.7917806, 91.8731421 25.7916599, 91.8731689 25.791573, 91.873181 25.7915295, 91.8733272 25.791166, 91.873401 25.791009, 91.8734439 25.7908714, 91.8734653 25.7907941, 91.8734895 25.7906746, 91.8734908 25.7906106, 91.8734841 25.790526, 91.87346 25.790427, 91.8734278 25.7903522, 91.8732829 25.7901082, 91.8732615 25.7900128, 91.8732615 25.7899549, 91.8732736 25.789874, 91.8733205 25.7898172, 91.8734063 25.789746, 91.8734975 25.789717, 91.8735793 25.7897206, 91.8736839 25.7897267, 91.8739468 25.7897267, 91.8740407 25.7896916, 91.8741198 25.7896482, 91.8741667 25.7896023, 91.8741882 25.7895685, 91.8742029 25.7895153, 91.8742123 25.7894344, 91.8741989 25.7893475, 91.8741868 25.7893089, 91.8741359 25.7892352, 91.8740232 25.789141, 91.8739495 25.789077, 91.8738274 25.7889997, 91.8737724 25.7889309, 91.8737376 25.7888741, 91.8737242 25.7888307, 91.8737175 25.7887449, 91.8737188 25.7886447, 91.8737242 25.7885819, 91.8737295 25.7884974, 91.8737389 25.7883718, 91.8737349 25.7883054, 91.8737134 25.7881871, 91.8736799 25.7880977, 91.8736383 25.788018, 91.8735699 25.7879033, 91.8733688 25.7875628, 91.8732306 25.7873732, 91.8731193 25.7872041, 91.8729691 25.7870882, 91.8728712 25.787064, 91.8728001 25.7870508, 91.8726982 25.7870809, 91.8725896 25.7871244, 91.8725185 25.7871703, 91.8724515 25.7872138, 91.8723871 25.7872524, 91.8723133 25.7872778, 91.8722261 25.7872935, 91.8721564 25.7872923, 91.872021 25.7872234, 91.8718801 25.7871232, 91.871746 25.7870314, 91.8716763 25.7870085, 91.8716039 25.786994, 91.8715516 25.7869904, 91.8712243 25.7869843, 91.8710165 25.7868938, 91.8708622 25.7867923, 91.8707483 25.7866945, 91.8707013 25.7866354, 91.8706879 25.7866028, 91.8706839 25.7865508, 91.8706946 25.7865134, 91.8707228 25.7864639, 91.870763 25.7864301, 91.8708113 25.7863999, 91.870873 25.7863745, 91.8709722 25.78636, 91.8710648 25.7863419, 91.8712284 25.7863178, 91.8713598 25.7862948, 91.8714845 25.7862815, 91.8717165 25.7862127, 91.8717983 25.7861547, 91.8718399 25.7860944, 91.8718855 25.7860424, 91.8719137 25.7859881, 91.8720143 25.7857913, 91.8720773 25.7857007, 91.8721282 25.7856476, 91.8722127 25.7856113, 91.8722945 25.7855993, 91.8724032 25.7855799, 91.8724957 25.7855606, 91.8725869 25.7855341, 91.8726848 25.7855075, 91.8727384 25.7854894, 91.8728605 25.7854169, 91.8729369 25.7852853, 91.8729638 25.7851899, 91.8730442 25.7849496, 91.8731099 25.7846646, 91.8731756 25.7844484, 91.8731622 25.7842371, 91.8731274 25.7837106, 91.8730885 25.783073, 91.8729705 25.7825405, 91.8729664 25.7824028, 91.8730161 25.782282, 91.8730885 25.7822132, 91.8732306 25.7820574, 91.8733768 25.7819379, 91.873464 25.7818678)",2609.749829949637,185.94520986453256,91.8761637,25.8052116,91.873464,25.7818678,1.0005050643482905,,,
1907567,1906055,0,"[977975337, 977975334]",trunk,,,,,NH6,"LINESTRING (91.873464 25.7818678, 91.8736343 25.7817205, 91.8738569 25.7815526, 91.8741439 25.7814041, 91.8744229 25.781264, 91.8746348 25.7811276, 91.8748131 25.7809887, 91.8748976 25.7808776, 91.8749405 25.7807641, 91.8749499 25.7806518, 91.8749312 25.7804718, 91.8748654 25.7801941, 91.8747756 25.7799356, 91.8747501 25.7797786, 91.8747528 25.7795987, 91.8748118 25.7794514, 91.8749003 25.7792256, 91.8749379 25.7790927, 91.8749298 25.7789852, 91.874907 25.7789116, 91.8748721 25.77885, 91.8748064 25.7787932, 91.8746053 25.7786024, 91.8744886 25.7784599, 91.8744403 25.7783742, 91.8744202 25.7782788, 91.8743666 25.7780179, 91.8743531 25.7778682, 91.8743518 25.7777679, 91.8743719 25.7777027, 91.8744256 25.7776109, 91.874612 25.7772257, 91.8746884 25.7770119, 91.8748292 25.7764166, 91.8748695 25.7761014, 91.8748279 25.7758792, 91.8747421 25.7753985, 91.8747058 25.7751376, 91.8747166 25.7747053, 91.8747286 25.7742911, 91.874738 25.7737959, 91.8747219 25.7735604, 91.8746817 25.7734143, 91.8745878 25.7732754, 91.8744819 25.773145, 91.8743183 25.7729179, 91.87427 25.7727947, 91.8742579 25.7727102, 91.8742539 25.7725979, 91.8742861 25.7722138, 91.8743236 25.7718225, 91.8743652 25.7716426, 91.8745328 25.7713129, 91.8747514 25.7709783, 91.8749754 25.7705774, 91.875249 25.7699832, 91.8754072 25.7697018, 91.8755011 25.7695701, 91.8756634 25.7694192, 91.875823 25.7693238, 91.8759973 25.7692477, 91.8761167 25.7692006, 91.8762307 25.7691607, 91.8763246 25.7691221, 91.8763889 25.7690798, 91.8765673 25.7689252, 91.8766572 25.7687827, 91.8767229 25.7686076, 91.8769106 25.7681486, 91.8771158 25.7678008, 91.8773411 25.7674143, 91.8775316 25.7671812, 91.8776885 25.7670182, 91.8778856 25.7668358, 91.8780251 25.7666884, 91.8781136 25.7665109, 91.8781766 25.7663708, 91.8782048 25.7661764, 91.8782182 25.7657271, 91.8782048 25.7655846, 91.8781055 25.7653889, 91.8779942 25.7652126, 91.8778896 25.7650869, 91.8777998 25.764936, 91.8777595 25.7647874, 91.8776885 25.7645193, 91.8775772 25.7642041, 91.8775088 25.7639794, 91.8774806 25.7637753, 91.8774337 25.7634287, 91.8774109 25.7631219, 91.8774377 25.7626086, 91.8775222 25.7621701, 91.8775959 25.7619962, 91.8776938 25.7618996, 91.8778078 25.7618223, 91.8779755 25.7617643, 91.8781659 25.7617353, 91.8783134 25.7617124, 91.8784328 25.7616822, 91.8785146 25.7616459, 91.8785682 25.7615988, 91.8786152 25.7615445, 91.8786769 25.7614696, 91.8788056 25.761286, 91.8788753 25.7612413, 91.8789397 25.7612244, 91.878996 25.7612232, 91.8790604 25.7612377, 91.8791167 25.7612594, 91.8791798 25.7612957, 91.8792683 25.7613633, 91.8793662 25.7614551, 91.8794802 25.7615469, 91.87957 25.7615674, 91.8796371 25.7615614, 91.8796894 25.7615457, 91.8797444 25.7615143, 91.879802 25.761472, 91.8798262 25.7614165, 91.8798369 25.76135, 91.8798275 25.7612884, 91.879798 25.7610698, 91.8797739 25.7609611, 91.8797685 25.7609019, 91.8797752 25.7608355, 91.8797927 25.7607811, 91.8798275 25.7607304, 91.8799549 25.7605396, 91.8800059 25.7604756, 91.8800314 25.7603862, 91.8800488 25.7602775, 91.8800461 25.760205, 91.8800287 25.7601362, 91.8799844 25.7600395, 91.8799147 25.7598101, 91.8798959 25.7597183, 91.8798959 25.7596204, 91.8799254 25.7595153, 91.8799898 25.7593885, 91.8800394 25.7593088, 91.8801373 25.7591614, 91.8801789 25.7590576, 91.880199 25.7589911, 91.8802071 25.758909, 91.880199 25.7588728, 91.8801789 25.7587544, 91.8801521 25.758636, 91.8801561 25.7585454, 91.8801735 25.7584802, 91.880195 25.7584162, 91.8802607 25.7583522, 91.8803519 25.7582761, 91.8804525 25.7582073, 91.8805531 25.7581372, 91.8806322 25.758072, 91.8807985 25.75795, 91.880895 25.7578691, 91.8809393 25.7578123, 91.8809809 25.7577422, 91.8810064 25.7576867, 91.8810613 25.7575188, 91.8811096 25.7573581, 91.8811472 25.7571552, 91.8811592 25.7568967, 91.8811914 25.7567989, 91.8812343 25.7567131, 91.8812746 25.7566745, 91.8813416 25.7566431, 91.8813913 25.756637, 91.8814462 25.7566419, 91.8815052 25.7566697, 91.8815696 25.7567143, 91.8816353 25.7567614, 91.8817185 25.7568134, 91.8817762 25.756846, 91.8819076 25.7568919, 91.8820189 25.7569173, 91.8820685 25.7569112, 91.8821423 25.7568907, 91.8822241 25.7568738, 91.8823099 25.756846, 91.8823823 25.7568339, 91.8824467 25.7568351, 91.8825151 25.7568484, 91.8826331 25.7568883, 91.882845 25.7569764, 91.8829697 25.7570296, 91.8830878 25.757055, 91.8831789 25.7570646, 91.8832943 25.7570767, 91.8835558 25.7570767, 91.8837114 25.7570658, 91.8838388 25.7570332, 91.8839715 25.7569885, 91.8840668 25.7569112, 91.8843551 25.7566986, 91.8847011 25.7564498, 91.8849291 25.7562541, 91.8850753 25.7560838, 91.8852523 25.7558519, 91.885668 25.7552383, 91.8860744 25.754644, 91.8863265 25.7542829, 91.8863828 25.7541621, 91.8864097 25.7540329, 91.8864137 25.7539978, 91.8864097 25.7539, 91.8864038 25.7538597)",3373.1692425523675,157.4068558544324,91.873464,25.7818678,91.8864038,25.7538597,0.9849661238680568,,,
1907877,1907968,0,977975338,trunk,,,,,NH6,"LINESTRING (91.8773532 25.7634915, 91.8774001 25.7638985, 91.877443 25.7641002, 91.8775128 25.7643079, 91.8776482 25.7647174, 91.8777287 25.7650254, 91.8778534 25.7651969, 91.8779701 25.765378, 91.8780734 25.7655302, 91.8781377 25.7657283, 91.8781511 25.7659421, 91.8781163 25.7661933, 91.8780975 25.766331, 91.8780519 25.7664723, 91.8779741 25.7666003, 91.8777931 25.7668116, 91.8776214 25.7669638, 91.8774404 25.7671257, 91.8772513 25.767401, 91.8770072 25.7677839, 91.8768127 25.7681631, 91.8766142 25.768616, 91.8765405 25.7687899, 91.8764372 25.7689518, 91.8762615 25.7690641, 91.876169 25.7691003, 91.8760711 25.7691378, 91.8759906 25.7691692, 91.8758927 25.7692018, 91.8758002 25.7692465, 91.8756942 25.7693008, 91.875536 25.7694071, 91.8753603 25.7695834, 91.8751176 25.7700013, 91.8748493 25.7705134, 91.8746281 25.7709167, 91.8744162 25.7712984, 91.8743049 25.7715399, 91.8742391 25.7717621, 91.8741935 25.7722319, 91.8741788 25.7725447, 91.8741775 25.7727513, 91.8741949 25.7728636, 91.874266 25.7730109, 91.8743639 25.7731582, 91.8745731 25.7734143, 91.874616 25.773529, 91.8746455 25.7737524, 91.8746375 25.77418, 91.87462 25.774727, 91.874616 25.7751292, 91.8746455 25.7754239, 91.8747179 25.7757862, 91.8747595 25.7760047, 91.8747649 25.7761762, 91.8747085 25.7764926, 91.8745878 25.7770228, 91.8745168 25.7772172, 91.8744296 25.7774129, 91.874329 25.7775844, 91.8742512 25.7777957, 91.8742566 25.7779406, 91.8742686 25.778088, 91.8743478 25.778414, 91.8744162 25.7785179, 91.8744966 25.7786254, 91.8746428 25.7787654, 91.8747836 25.77892, 91.8748198 25.7790287, 91.8748172 25.7791821, 91.8747367 25.7794019, 91.8746723 25.779554, 91.8746629 25.7797219, 91.8747045 25.7799405, 91.8748198 25.7804247, 91.874848 25.7805467, 91.874848 25.7806179, 91.8748453 25.7806904, 91.8748265 25.7807749, 91.874789 25.7808462, 91.8747112 25.7809368, 91.8745798 25.7810575, 91.8744457 25.7811408, 91.8741104 25.7813123, 91.8739012 25.7814295, 91.8736866 25.7815563, 91.873409 25.7817911, 91.8731233 25.7820598, 91.8729933 25.7821613, 91.8729007 25.7823086, 91.8728739 25.7824028, 91.8728739 25.7825296)",2163.937793264192,348.0382887102204,91.8773532,25.7634915,91.8728739,25.7825296,0.9967780769753376,,,
1907968,1908335,0,977975338,trunk,,,,,NH6,"LINESTRING (91.8728739 25.7825296, 91.8729262 25.782753, 91.8730067 25.7832372, 91.8730335 25.7836913, 91.8730576 25.7841357, 91.8730456 25.7844605, 91.8730174 25.7847286, 91.8728913 25.7851295, 91.8727961 25.7853324, 91.8727505 25.7853735, 91.8726808 25.7854109, 91.8725453 25.7854532, 91.8723214 25.7854966, 91.8721564 25.7855401, 91.8720317 25.7856065, 91.8719311 25.7857454, 91.8718842 25.7858746, 91.8717916 25.7860292, 91.8716642 25.7861318, 91.8715636 25.7861717, 91.8714443 25.7862091, 91.8713102 25.7862272, 91.8711935 25.7862405, 91.8710674 25.7862586, 91.8709213 25.7862658, 91.8708113 25.7862997, 91.8706597 25.7864059, 91.8705833 25.7864941, 91.8705712 25.7865375, 91.8705766 25.7865943, 91.8705954 25.7866631, 91.8707456 25.7868165, 91.8710178 25.7870012, 91.8711184 25.787052, 91.8713303 25.7870809, 91.871573 25.787093, 91.871679 25.7871256, 91.8717648 25.7871522, 91.8719459 25.7872826, 91.872021 25.7873285, 91.8721242 25.7873756, 91.8722235 25.7873792, 91.8723012 25.7873804, 91.8724085 25.7873502, 91.8725038 25.7873068, 91.8726674 25.7871993, 91.8726982 25.7871775, 91.872772 25.7871582, 91.872894 25.7871594, 91.8729745 25.787186, 91.8730442 25.7872572, 91.8731998 25.7874529, 91.8734559 25.7878803, 91.8735887 25.7881219, 91.8736531 25.7883078, 91.8736544 25.7884829, 91.8736035 25.7887486, 91.8736196 25.7888621, 91.8736383 25.7889237, 91.8736598 25.788978, 91.8737523 25.7890686, 91.8739669 25.7892086, 91.8740407 25.7892847, 91.8740822 25.7893197, 91.8741158 25.7893934, 91.8741265 25.7894803, 91.8740822 25.7895504, 91.8740366 25.7895938, 91.873983 25.7896361, 91.8738516 25.7896615, 91.8737309 25.7896542, 91.8735592 25.7896578, 91.8734868 25.7896699, 91.8733849 25.7896941, 91.8733165 25.7897194, 91.8732467 25.7897846, 91.873177 25.7898945, 91.8731622 25.7899778, 91.873177 25.7900744, 91.8732776 25.7902314, 91.8733835 25.790491, 91.8733889 25.7906347, 91.8733862 25.790747, 91.8733567 25.7908943, 91.8732883 25.7910344, 91.8731435 25.7913882, 91.8730684 25.7915778, 91.8730456 25.7917601, 91.8730576 25.7920282, 91.8730697 25.7922129, 91.8731059 25.7924267, 91.8731046 25.7925402, 91.8730375 25.7927853, 91.8729718 25.7929785, 91.8729356 25.79315, 91.8729329 25.7932622, 91.8729638 25.7933939, 91.8730295 25.7935376, 91.8731059 25.7936474, 91.8732145 25.7937996, 91.8732883 25.793924, 91.8733218 25.7940435, 91.8733393 25.794186, 91.8733446 25.794477, 91.8733487 25.7946786, 91.8733902 25.7948815, 91.873464 25.7949986, 91.8735351 25.7951181, 91.8736289 25.7952015, 91.873873 25.7953971, 91.874105 25.7956434, 91.8743035 25.7959561, 91.8744417 25.7961771, 91.8744631 25.7962604, 91.8744886 25.7963486, 91.8744497 25.7964596, 91.8743974 25.7965248, 91.8743317 25.79659, 91.8742472 25.7966492, 91.8740943 25.7967591, 91.8739763 25.7968653, 91.8738677 25.7969933, 91.8737979 25.7971769, 91.873704 25.7973773, 91.8736263 25.7975632, 91.8735914 25.7977951, 91.8735659 25.7982672, 91.8736115 25.798458, 91.8736424 25.7985449, 91.8736973 25.7986077, 91.8737724 25.7986741, 91.873877 25.7987622, 91.8740648 25.7988649, 91.8743277 25.7990073, 91.8745114 25.7991547, 91.8747488 25.7994275, 91.8750478 25.7997716, 91.8751229 25.7999214, 91.8751605 25.8000566, 91.875143 25.8002124, 91.8750559 25.8003923, 91.8746428 25.8008619, 91.8744229 25.8011553, 91.8743666 25.8012568, 91.8743384 25.8013594, 91.8743384 25.8014475, 91.8743531 25.8015622, 91.8744309 25.8016914, 91.8745261 25.8018037, 91.874903 25.8021297, 91.8752812 25.8024461, 91.8753844 25.8025354, 91.8754689 25.8026525, 91.8755266 25.8027612, 91.8755494 25.8028856, 91.8755507 25.803057, 91.8755011 25.8034071, 91.8754971 25.803674, 91.875603 25.8041147, 91.8756902 25.8044008, 91.8758605 25.8047316, 91.8759732 25.8049079, 91.8760376 25.8050299, 91.8760523 25.8051446, 91.8760604 25.80531, 91.8759947 25.8055768, 91.8759397 25.8057881, 91.8758619 25.8059692, 91.8758056 25.8060477, 91.8757009 25.8061189, 91.8755829 25.8061684, 91.8753174 25.8062143, 91.8751082 25.8062541, 91.874954 25.8062638, 91.8748306 25.8062904, 91.8747166 25.806335, 91.8746388 25.8064497, 91.8746307 25.8065101, 91.8746348 25.8065849, 91.8746535 25.8067081, 91.8747005 25.8069097, 91.8747608 25.807243, 91.8747742 25.8074989, 91.8747501 25.8079142, 91.8747582 25.8080893, 91.8748319 25.8083815, 91.8749352 25.8086169, 91.8750291 25.8088113, 91.8751203 25.8091373, 91.8752021 25.8094886, 91.875245 25.8097941, 91.8752919 25.8099739, 91.8753616 25.8101128, 91.8754193 25.8102359, 91.8754515 25.8103096, 91.8754823 25.8103796, 91.875481 25.8104762, 91.8754233 25.8105885, 91.8752839 25.8108311, 91.8752114 25.8109507, 91.8751082 25.811081, 91.8749942 25.8111523, 91.8749057 25.8111933, 91.8748292 25.8112042, 91.874726 25.8112126, 91.8746415 25.8112114, 91.874553 25.8112139, 91.8744725 25.8112235, 91.874384 25.8112464, 91.8743196 25.8112815, 91.8742633 25.8113346, 91.8742298 25.8113865, 91.874219 25.8114553, 91.8742257 25.8115712, 91.874274 25.8116811, 91.8743438 25.8118151, 91.874451 25.8121652, 91.8745087 25.8123475, 91.8745597 25.8125479, 91.8746777 25.8128328, 91.8748373 25.8131491, 91.8749499 25.8135294, 91.875017 25.8136791, 91.8751149 25.8138554, 91.8753482 25.814179, 91.8754636 25.814348, 91.8755199 25.8144711, 91.8755427 25.8146112, 91.8755293 25.8148756, 91.8754931 25.8152402, 91.8754488 25.8154394, 91.8754046 25.8155661, 91.8752316 25.8159054, 91.8751511 25.8160852, 91.8750934 25.8162506, 91.8749888 25.8163726, 91.874793 25.8165947, 91.8746053 25.8167359, 91.8742686 25.8170221, 91.8741198 25.817138, 91.8739361 25.817237, 91.8735056 25.8173637, 91.8733889 25.8173963, 91.8732427 25.8174772, 91.8731019 25.8175472, 91.8728846 25.8176873, 91.8727197 25.8178285, 91.8726003 25.817977, 91.872367 25.8183102, 91.872316 25.8183549, 91.8722355 25.8183923, 91.8721135 25.8184261, 91.8719821 25.8183995, 91.8718734 25.8183742, 91.8717702 25.8183645, 91.871675 25.8183621, 91.8715851 25.8183645, 91.8714926 25.8183778, 91.8714201 25.8184104, 91.8713638 25.8184756, 91.8713209 25.8185528, 91.8712807 25.8186784, 91.8712646 25.8187846, 91.8713343 25.8189162, 91.871392 25.8189947, 91.8714926 25.8190985, 91.8715677 25.819183, 91.8715999 25.8192675, 91.8715918 25.8193713, 91.8715583 25.8194631, 91.8714805 25.8195657, 91.8713504 25.8196659, 91.8711399 25.8197987, 91.8709669 25.8198977, 91.8706785 25.82001, 91.8703808 25.8200872, 91.8700415 25.8202176, 91.8698122 25.8203504, 91.8697491 25.8203987, 91.8696955 25.8204832, 91.8696418 25.8205955, 91.8695694 25.8208055, 91.8695171 25.8210132, 91.869505 25.8211749, 91.8695144 25.8212836, 91.8695346 25.8213838, 91.8696164 25.8215419, 91.8697599 25.8216506, 91.869949 25.8217194, 91.8701649 25.8217797, 91.8704519 25.8219029, 91.8706544 25.8219958, 91.8708502 25.8220514, 91.8709964 25.8220574, 91.8711694 25.8220743, 91.8713209 25.8220852, 91.8715475 25.8221914, 91.8718439 25.8224582, 91.8720411 25.8226851, 91.8721457 25.8228288, 91.872265 25.8232489, 91.8724085 25.8239672, 91.8724984 25.8244054, 91.8725185 25.8247422, 91.8724863 25.8252069, 91.8724541 25.8255751, 91.8724756 25.8257658, 91.8725601 25.8260121, 91.8726821 25.8262849, 91.8727666 25.8264177, 91.8728887 25.8265372, 91.8730187 25.8266169, 91.8732548 25.8267207, 91.873405 25.8268305, 91.8734962 25.8269271, 91.8736169 25.827072, 91.8737108 25.8272024, 91.873924 25.8274124, 91.8740836 25.8275041, 91.8742593 25.8275995, 91.8744028 25.827719, 91.8746187 25.8279749, 91.8747032 25.8281451, 91.8747635 25.8283226, 91.8748695 25.8286497, 91.8749231 25.8287934, 91.8750063 25.8289539, 91.8751404 25.8291229, 91.8755481 25.8294742, 91.8757452 25.8296564, 91.8758069 25.8298218, 91.8758431 25.8299944, 91.8758176 25.83026, 91.8758042 25.8304399, 91.8758042 25.8307598, 91.8758391 25.8309263, 91.8758927 25.8310603, 91.8761314 25.8313947, 91.8763071 25.831542, 91.8768838 25.8321129, 91.8769629 25.8322167, 91.8769978 25.8323, 91.8770206 25.8324099, 91.8770179 25.8325185, 91.8769549 25.832667, 91.876853 25.8327684, 91.8767577 25.8328179, 91.8765928 25.8328541, 91.8764667 25.8328504, 91.876342 25.8328191, 91.8761408 25.8327744, 91.8759531 25.8326959, 91.8757224 25.8325897, 91.8755534 25.8325378, 91.8754435 25.8325245, 91.8753362 25.8325318, 91.8752316 25.832574, 91.875139 25.8326501, 91.8750854 25.8327249, 91.8750586 25.8328432, 91.8750612 25.8329893, 91.8751444 25.8334335, 91.8752208 25.8337787, 91.8752825 25.8341372, 91.8752946 25.8342543, 91.8752758 25.8343617, 91.8751712 25.8344933, 91.8748239 25.8348445)",5820.43389221987,1.921487071117761,91.8728739,25.7825296,91.8748239,25.8348445,1.0016257797092916,,,
1908335,794722,0,"[977975338, 977963756]",trunk,,,,,NH6,"LINESTRING (91.8748239 25.8348445, 91.8746468 25.8349966, 91.874506 25.8351644, 91.8744256 25.8353189, 91.8743813 25.8355314, 91.8743746 25.8357136, 91.8745087 25.8363328, 91.8746629 25.8370027, 91.8747944 25.8375532, 91.8748802 25.8378465, 91.8749915 25.8382822, 91.8750384 25.8385321, 91.8750384 25.8390257, 91.8750398 25.8393589, 91.8750666 25.8397005, 91.8751283 25.8400143, 91.8752691 25.8404935, 91.8754113 25.8407747, 91.8756352 25.8413215, 91.8757559 25.8416329, 91.8759356 25.8419998, 91.8760537 25.8422364, 91.8762186 25.842683, 91.8762924 25.8428652, 91.8763755 25.8430571, 91.8766558 25.8433987, 91.8767497 25.8435097, 91.8768167 25.8436148, 91.876861 25.843762, 91.8769442 25.844246, 91.8769884 25.8449859, 91.877038 25.8453987, 91.877089 25.8457861, 91.8772419 25.8465175, 91.8773049 25.8468941, 91.8773934 25.8473346, 91.877439 25.8476436, 91.8774712 25.8480744, 91.8775034 25.8489531, 91.8775503 25.8494395, 91.8776214 25.8499355, 91.8776281 25.8501166, 91.877616 25.8502252, 91.8775798 25.850335, 91.877494 25.850469, 91.8773907 25.8505873, 91.8772258 25.8507804, 91.8771239 25.8509457, 91.877089 25.8510942, 91.8770903 25.8511907, 91.8771131 25.8512897, 91.877156 25.851379, 91.877203 25.8514719, 91.8773384 25.8516047, 91.8775074 25.8517157, 91.8777354 25.8518907, 91.8778709 25.8520307, 91.8780157 25.8522081, 91.8781418 25.8524109, 91.8782678 25.8527295, 91.8783174 25.8529986, 91.8783818 25.8532207, 91.8784985 25.8534874, 91.8786487 25.8537215, 91.8787479 25.8538796, 91.8789089 25.8540486, 91.8790483 25.854179, 91.8791878 25.8543346, 91.8792509 25.8544855, 91.8792857 25.8546641, 91.8793286 25.8549115, 91.8793917 25.8551951, 91.8794641 25.8554558, 91.8795928 25.8558553, 91.879731 25.8563139, 91.8798973 25.8572926, 91.8800569 25.8583184, 91.880136 25.8590063, 91.8802339 25.860014, 91.8803371 25.8610205, 91.880427 25.8620294, 91.880482 25.8626376, 91.8804887 25.8628995, 91.8804699 25.8630443, 91.8804149 25.8631746, 91.8803519 25.8632905, 91.8802607 25.863451, 91.8801132 25.8636815, 91.8800515 25.8638613, 91.8800046 25.8640845, 91.8799871 25.8642728, 91.8800072 25.864455, 91.8801762 25.8650391, 91.8803841 25.8657679, 91.8805021 25.8661312, 91.8805397 25.8665029, 91.8805504 25.8667394, 91.8805155 25.8669481, 91.8804646 25.8670736, 91.8803787 25.867245, 91.880134 25.8680994, 91.8800656 25.8683166, 91.8799972 25.8684541, 91.879912 25.8685839, 91.8798617 25.8686653, 91.8798497 25.8687643, 91.879843 25.8688572, 91.879852 25.8689453, 91.8798785 25.8690442, 91.8799026 25.8691009, 91.8799348 25.8691685, 91.879975 25.8692482, 91.8800367 25.8693712, 91.8800984 25.869545, 91.8801306 25.8697176, 91.8801869 25.8699287, 91.8803063 25.8702232, 91.880482 25.8704875, 91.8809165 25.8710256, 91.8817681 25.8720646, 91.8822254 25.8726498, 91.8823206 25.8727922, 91.8824051 25.8729419, 91.8826345 25.8735971, 91.8828195 25.8740906, 91.8829469 25.8744261, 91.8829657 25.8745166, 91.8829764 25.8745926, 91.8829577 25.8747326, 91.8829027 25.8749606, 91.8828866 25.8750921, 91.8828812 25.8752743, 91.8828799 25.8754529, 91.883018 25.876008, 91.8832782 25.8769733, 91.8833828 25.877386, 91.8834217 25.8776937, 91.8834123 25.8779338, 91.8833774 25.8782258, 91.8832983 25.8785033, 91.8832017 25.8788038, 91.8830717 25.8792273, 91.8829899 25.8795048, 91.8828973 25.879903, 91.8828155 25.8802577, 91.8827324 25.8808357, 91.8826814 25.881299, 91.882605 25.8818118, 91.8824829 25.882391, 91.8824252 25.8827204, 91.8824024 25.8830208, 91.8824011 25.8831921, 91.882432 25.8834757, 91.8824641 25.8837363, 91.882613 25.8845399, 91.8827578 25.8853193, 91.8829402 25.8863533, 91.8830542 25.8871581, 91.8831669 25.888139, 91.8832487 25.8887603, 91.8832514 25.888957, 91.8832433 25.8891778, 91.8831387 25.8897292, 91.8829402 25.8907016, 91.8828249 25.8912771, 91.8827458 25.8916572, 91.8827176 25.8918659, 91.8827189 25.8920468, 91.8828128 25.8924365, 91.8830341 25.8930012, 91.8830985 25.8932268, 91.8831629 25.8936261, 91.8831441 25.8938517, 91.8831012 25.8944827, 91.8830971 25.8947264, 91.8831347 25.894987, 91.8832098 25.8951933, 91.8833332 25.895431, 91.8834686 25.8956952, 91.8835048 25.89584, 91.883525 25.8960656, 91.8835022 25.8962272, 91.8834472 25.8963998, 91.8834243 25.8964511)",6904.1870960424885,7.157919485936843,91.8748239,25.8348445,91.8834243,25.8964511,0.9999335128810044,,,
1965762,351530,0,1037911507,trunk,,,asphalt,,NH6,"LINESTRING (91.8913718 25.5249867, 91.8914857 25.5250678, 91.8919095 25.525219, 91.8928564 25.5256112, 91.8934052 25.5258399, 91.8934371 25.5258532, 91.8936583 25.52595, 91.8937992 25.5260033, 91.8939212 25.5260335, 91.8940888 25.5260662, 91.894239 25.5260771, 91.8943866 25.5260734, 91.8945327 25.5260626, 91.8947674 25.5260444, 91.8949941 25.5260371, 91.8952315 25.5260359, 91.8953535 25.5260468, 91.8954688 25.5260613, 91.8955734 25.5260952, 91.8957236 25.5261582, 91.8959329 25.526255, 91.8963003 25.5264474, 91.8964653 25.5265345, 91.8966208 25.5266156, 91.8967248 25.526635)",567.5376468744232,71.15778965128185,91.8913718,25.5249867,91.8967248,25.526635,0.912859713255164,,,
1965762,1528058,0,1037911508,trunk,,,asphalt,,NH6,"LINESTRING (91.8913718 25.5249867, 91.890862 25.5247959, 91.8907616 25.5247543)",66.45876102224354,247.1178729943479,91.8913718,25.5249867,91.8907616,25.5247543,0.9169469129201018,,,
