event_date,event_title,event_description,landslide_trigger,country_name,country_code,admin_division_name,longitude,latitude,rainfall_1d,rainfall_3d,rainfall_7d,rainfall_14d,max_rainfall_7d,elevation_m,slope_deg,location_accuracy_km,FAOSOIL,DOMSOI,landslide_occurred
2015-07-22 00:00:00,Willong-Yangkhullen stretch,Torrential rain in the last many days has created havoc in many places of Senapati district.  Reports collected from different areas of the district said that massive landslide along the newly christened National Highway-102/A (Maram Peren road) has totally cut off villages in Willong and Yangkhullen circle.,continuous_rain,India,IN,Manipur,93.9854,25.5007,10.3,41.39,117.9,163.55,33.49,1429.0,19.350128854289956,5.0,Bh16-2/3c,Bh,1
2011-06-11 00:00:00,Synthetic negative example,No recorded landslide at this location on 2011-06-11,none,India,IN,Assam,92.5121,24.5308,4.3,31.7,78.5,162.2,31.7,58.0,10.280713071431196,1.0,Gd25-2a,Gd,0
2022-09-25 00:00:00,Synthetic negative example,No recorded landslide at this location on 2022-09-25,none,India,IN,Meghalaya,90.215,25.5114,1.8,21.2,53.5,118.0,29.9,306.0,8.213794389737659,1.0,Nd2-2b,Nd,0
2020-06-06 00:00:00,Synthetic negative example,No recorded landslide at this location on 2020-06-06,none,India,IN,Meghalaya,91.885,25.5728,22.7,32.4,114.2,228.8,55.0,1501.0,9.40412013238775,5.0,Ao74-2b,Ao,0
2023-07-07 00:00:00,Synthetic negative example,No recorded landslide at this location on 2023-07-07,none,India,IN,Manipur,94.0573,23.9939,18.1,60.4,96.5,169.2,33.3,976.0,12.803323355556538,50.0,Bh16-2/3c,Bh,0
2010-06-20 00:00:00,Synthetic negative example,No recorded landslide at this location on 2010-06-20,none,India,IN,Mizoram,92.8112,23.4495,3.3,26.0,184.9,254.5,100.5,869.0,31.16083503860741,25.0,Bh16-2/3c,Bh,0
2013-06-08 17:00:00,"15 Km From Gangtok, Himalayans","Hundreds of tourists were stranded near Gangtok, following a landslide. ""We faced many problems there was nothing to protect us (from cold). The person, who slept in the vehicle in night, might fall sick. Military persons gave food to everybody to eat. Locals helped us,"" a tourist, Sanjay Suri, said. Nearly 100 vehicles were struck as slush and the debris blocked the road nearly 15 kilometres off Gangtok after heavy rain. Gangtok is located in the Himalayans at an altitude of nearly 5,600 feet. Military personnel and locals aided the visitors, who slept either in cars or a nearby temple. The Border Roads Organisation (BRO) has started the clearing operations to make the road commutable for the travelers to leave for their destination. (2nd link) Around 600 tourists returning to Gangtok from Chhangu Lake, Baba Mandir and Nathu-la were stranded at 5th Mile, 15km from Gangtok, following a landslide on Jawaharlal Nehru Marg on Saturday evening, official sources said. ""Around 5pm, when t",downpour,India,IN,Sikkim,88.708,27.3721,10.3,15.09,35.18,110.67,12.08,3159.0,38.00689623991378,25.0,Bd32-2bc,Bd,1
2022-08-27 00:00:00,Synthetic negative example,No recorded landslide at this location on 2022-08-27,none,India,IN,Tripura,91.4663,24.0896,10.6,11.7,64.0,100.5,35.9,107.0,7.483527022769612,5.0,Bd61-2c,Bd,0
2016-07-07 00:00:00,"Kamrup district, Assam, India","Two persons including a minor were killed and two others injured on Thursday due to a landslide in Assam’s Kamrup district.           Police said the incident took place at 11 Mile Area under Sonapur police station in the district. “A guard wall caved in on the house of Bishal Sharma due to landslide triggered by incessant rains since last night,” police said adding that while Bishal Sharma and his daughter Nanu Sharma (13) were killed on the spot, his wife Radha Sharma and another daughter Puja Sharma were injured during the incident.",continuous_rain,India,IN,Assam,91.3681,25.9611,24.29,49.8,151.2,207.46,32.93,181.0,5.635158792453883,50.0,Ao77-2a,Ao,1
2011-07-11 00:00:00,Synthetic negative example,No recorded landslide at this location on 2011-07-11,none,India,IN,Assam,93.1645,25.5215,1.2,1.2,4.3,56.2,1.9,278.0,3.2128253404789087,25.0,Ao76-2/3c,Ao,0
2010-04-17 00:00:00,"Nam Nang, Gangtok","On the same day, another minor landslide was reported at Nam-Nang. ",downpour,India,IN,Sikkim,88.6087,27.322,0.26,1.83,3.59,4.09,1.22,1509.0,32.9637078729091,1.0,Bd32-2bc,Bd,1
2015-08-21 00:00:00,Synthetic negative example,No recorded landslide at this location on 2015-08-21,none,India,IN,Assam,91.6469,26.1468,15.0,99.2,162.4,317.2,60.9,57.0,8.894608374531636,5.0,Ao79-a,Ao,0
2023-09-25 00:00:00,Synthetic negative example,No recorded landslide at this location on 2023-09-25,none,India,IN,Assam,91.8383,26.1309,5.6,32.4,97.5,130.4,28.7,105.0,8.517835654237123,5.0,Nd2-2b,Nd,0
2007-09-11 00:00:00,"Assam-Agartala National Highway, Sonarpur in Jayantiya hills of Meghalaya","on highway, blocking road",rain,India,IN,Meghalaya,91.27,25.52,7.02,51.55,272.63,362.22,88.97,1346.0,10.988566845299832,,Ao75-2b,Ao,1
2013-07-13 00:00:00,Synthetic negative example,No recorded landslide at this location on 2013-07-13,none,India,IN,Nagaland,94.1066,25.67,10.6,47.3,75.2,240.4,27.1,1442.0,18.41213576563324,25.0,Ao76-2/3c,Ao,0
2016-07-09 00:00:00,Synthetic negative example,No recorded landslide at this location on 2016-07-09,none,India,IN,Arunachal Pradesh,94.9829,28.611,10.1,33.4,100.8,317.8,49.0,1668.0,32.48339327835614,5.0,Ao80-2bc,Ao,0
2015-07-05 00:00:00,Synthetic negative example,No recorded landslide at this location on 2015-07-05,none,India,IN,Arunachal Pradesh,95.86,28.4659,5.4,63.4,255.6,319.3,81.4,1066.0,27.396267400283048,50.0,I-Af-Bd-2c,I,0
2017-09-23 00:00:00,Synthetic negative example,No recorded landslide at this location on 2017-09-23,none,India,IN,Assam,93.1645,25.5215,8.9,19.200000000000003,103.10000000000001,210.0,49.7,278.0,3.2128253404789087,25.0,Ao76-2/3c,Ao,0
2021-08-03 00:00:00,Synthetic negative example,No recorded landslide at this location on 2021-08-03,none,India,IN,Nagaland,94.9152,26.222,4.0,21.8,129.4,174.7,46.4,1762.0,28.42576702358958,25.0,Ao76-2/3c,Ao,0
2019-06-09 00:00:00,Synthetic negative example,No recorded landslide at this location on 2019-06-09,none,India,IN,Assam,91.6906,26.1016,4.9,32.400000000000006,60.5,140.70000000000002,22.6,112.0,39.5106853976653,5.0,Ao77-2a,Ao,0
2019-07-27 00:00:00,Synthetic negative example,No recorded landslide at this location on 2019-07-27,none,India,IN,Meghalaya,91.8587,25.9702,21.0,59.5,92.2,174.70000000000002,25.1,282.0,9.707649981037308,5.0,Nd2-2b,Nd,0
2007-10-16 00:00:00,"NH-39 at Piphema,  6 km towards Dimapur from Kohima in Nagaland","occurred at 2pm, stranded vehicles on road between cities, multiple events on road",rain,India,IN,Nagaland,94.0132,25.7055,15.77,31.91,39.47,71.12,15.78,1451.0,14.569286101009892,5.0,Ao76-2/3c,Ao,1
2016-06-06 00:00:00,Synthetic negative example,No recorded landslide at this location on 2016-06-06,none,India,IN,Assam,93.117,24.808,4.7,22.6,27.8,71.4,11.9,39.0,5.900698486822301,1.0,Gd25-2a,Gd,0
2016-06-12 23:00:00,"NH 13 10 kilometers from Old Ziro, Arunachal Pradesh, India","Estimated location along road. Heavy rains on Sunday night triggered series of landslides between Ziro and Ripali, Tamen, 10Kms from Old Ziro, stranding the commuters for the entire day. However due to heavy rains, the restoration work had to be halted and will resume on Tuesday.",downpour,India,IN,Arunachal Pradesh,93.871,27.6438,23.76,42.42,87.79,107.03,23.76,1708.0,22.834392972989953,10.0,Ao80-2bc,Ao,1
2021-06-19 00:00:00,Synthetic negative example,No recorded landslide at this location on 2021-06-19,none,India,IN,Arunachal Pradesh,91.8569,27.5799,6.4,20.400000000000002,49.5,135.7,12.6,2757.0,26.387393427090977,5.0,Ao80-2bc,Ao,0
2014-08-20 00:00:00,Synthetic negative example,No recorded landslide at this location on 2014-08-20,none,India,IN,Manipur,93.8794,25.5098,19.5,31.2,146.5,217.3,42.7,1646.0,15.451697691723982,10.0,Bh16-2/3c,Bh,0
2022-06-28 00:00:00,Synthetic negative example,No recorded landslide at this location on 2022-06-28,none,India,IN,Assam,93.4333,24.75,21.2,38.1,95.7,267.2,28.5,467.0,22.45952250962254,25.0,Bh16-2/3c,Bh,0
2019-06-08 00:00:00,Synthetic negative example,No recorded landslide at this location on 2019-06-08,none,India,IN,Nagaland,94.1351,25.4769,7.6,14.399999999999999,27.099999999999998,36.199999999999996,7.6,1673.0,19.73007978274894,5.0,Ao76-2/3c,Ao,0
2013-08-04 00:00:00,"Suruhuto Town, Nagaland","Incessant torrential rain, which began Sunday at around 11.30 p.m. has completely cut off Suruhuto town from the rest of the state. In a press release, NGZPMC joint secretary Hotoshe Sema said all three links connecting Zunheboto, Mokokchung and Tuensang have been cut off. Road to Zunheboto has been  blocked in 5-6 places and Mokokchung road has been blocked in two places near Zhekuto and Longsa. The valleys of Nanga (Dikhu), Phizo and Tizu, known as rice bowls of Suruhuto Area has been damaged by floods and landslides. Many terrace fields and canals have been washed away by flood. A team of Nanga (Dikhu) Greener Zone Project Management Committee (NGZPMC) who were on GPS mapping of Community Conserved Area (CCA) has been stranded at Nanga valley owing to flood. Log bridges connecting Phuye New/Old and Suruhuto/Surumi/Aichi Saghemi villages have been washed away. Travelers from Tuensang to Kohima/Dimapur via Suruhuto-Coco shortcut road have been requested to take the via Mokokchung rout",rain,India,IN,Nagaland,94.564,26.0838,5.78,14.93,47.43,91.56,17.14,1834.0,13.9074099893744,25.0,Ao76-2/3c,Ao,1
2012-09-12 00:00:00,Synthetic negative example,No recorded landslide at this location on 2012-09-12,none,India,IN,Assam,93.1477,25.4749,0.4,11.5,31.5,116.0,9.0,147.0,3.5885571438036794,50.0,Ao76-2/3c,Ao,0
2012-07-27 00:00:00,Synthetic negative example,No recorded landslide at this location on 2012-07-27,none,India,IN,Manipur,94.0573,23.9939,32.3,57.9,136.6,239.79999999999998,32.3,976.0,12.803323355556538,50.0,Bh16-2/3c,Bh,0
2015-08-16 00:00:00,Synthetic negative example,No recorded landslide at this location on 2015-08-16,none,India,IN,Nagaland,94.0885,25.7131,4.4,19.5,71.1,213.9,17.2,1413.0,25.132660081730556,50.0,Ao76-2/3c,Ao,0
2022-09-19 00:00:00,Synthetic negative example,No recorded landslide at this location on 2022-09-19,none,India,IN,Sikkim,88.4397,27.0816,10.4,17.4,52.2,113.8,17.2,249.0,23.119881010719286,5.0,Rd29-1a,Rd,0
2010-07-25 00:00:00,"road between Halfong and Redzol(?) or Silchar, Assam",Landslides coupled with lack of maintenance have cut off road link between Haflong and Silchar.  The situation became worse after a few spells of heavy rainfall during the past week.,downpour,India,IN,Assam,92.801,25.0477,3.43,18.78,96.12,168.55,33.45,169.0,26.744232985272472,25.0,Gd25-2a,Gd,1
2015-08-11 00:00:00,Khoupum,"In a press statement, ZB-AMN General Secretary Dr Gairiangmei Maringmei said due to recent incessant rain, several areas of the Zeliangrong region have experienced landslides.",continuous_rain,India,IN,Manipur,93.5291,24.7016,1.62,29.54,76.66,200.84,33.86,657.0,12.984858642158148,5.0,Bh16-2/3c,Bh,1
2010-09-09 23:00:00,"Mossing(Mosing) village(?), Upper Siang district, Arunachal Pradesh","Sep 10, 2010, 09.40pm IST  NEW DELHI: Thirteen people were killed as heavy monsoon rains wracked havoc in north and east India, triggering landslides and inundating lakhs of acres of farmland on Friday.  At least eight people were buried alive under the debris following massive landslides triggered by incessant rains in Arunachal Pradesh.  Upper Siang district remained cut off after a vital bridge connecting the area with other places was badly damaged due to flash floods and landslides.",downpour,India,IN,Arunachal Pradesh,95.4112,28.3036,38.76,89.09,188.99,268.63,50.35,1828.0,39.11774685252796,,Ao80-2bc,Ao,1
2010-07-24 00:00:00,Synthetic negative example,No recorded landslide at this location on 2010-07-24,none,India,IN,Sikkim,88.3664,27.1695,35.1,101.3,230.1,455.4,45.6,1583.0,23.603277744846192,5.0,Rd29-1a,Rd,0
2010-08-09 00:00:00,Synthetic negative example,No recorded landslide at this location on 2010-08-09,none,India,IN,Manipur,93.9784,24.6596,1.1,3.2,51.2,195.29999999999998,18.4,772.0,3.8377078345156304,,Gh12-2a,Gh,0
2017-06-23 00:00:00,Synthetic negative example,No recorded landslide at this location on 2017-06-23,none,India,IN,Nagaland,94.564,26.0838,17.7,85.5,140.5,252.1,65.4,1834.0,13.9074099893744,25.0,Ao76-2/3c,Ao,0
2019-07-13 00:00:00,Synthetic negative example,No recorded landslide at this location on 2019-07-13,none,India,IN,Meghalaya,91.8587,25.9702,16.6,57.7,172.3,365.9,54.3,282.0,9.707649981037308,5.0,Nd2-2b,Nd,0
2018-09-05 00:00:00,Synthetic negative example,No recorded landslide at this location on 2018-09-05,none,India,IN,Arunachal Pradesh,96.174,27.9032,11.9,37.8,143.29999999999998,279.5,50.8,208.0,0.926369172997235,1.0,Af48-2ab,Af,0
2010-07-28 00:00:00,Synthetic negative example,No recorded landslide at this location on 2010-07-28,none,India,IN,Nagaland,94.0212,25.2745,6.2,12.8,49.7,135.6,18.7,1070.0,13.95022570481308,5.0,Ao76-2/3c,Ao,0
2016-10-15 00:00:00,Namchi,"The road on way to Peiling in Sikkim remained cut off due to landslides at Namchi and Rangpo but the Lava-Lolegaon route in Darjeeling was still working, though only for cars and the small vehicles took long detour through the second route, the officials said.",rain,India,IN,Sikkim,88.3664,27.1695,0.71,17.25,66.59,110.6,20.4,1583.0,23.603277744846192,5.0,Rd29-1a,Rd,1
2012-09-22 00:00:00,Synthetic negative example,No recorded landslide at this location on 2012-09-22,none,India,IN,Sikkim,88.4397,27.0816,6.5,41.8,173.1,449.4,85.0,249.0,23.119881010719286,5.0,Rd29-1a,Rd,0
2020-08-17 00:00:00,Synthetic negative example,No recorded landslide at this location on 2020-08-17,none,India,IN,Manipur,93.9667,25.1333,4.7,34.4,59.2,120.8,26.0,1008.0,2.1157468041581975,25.0,Ao76-2/3c,Ao,0
2015-08-20 18:00:00,between Phesama and Kuima in Nagaland,The situation has been worsened as another huge landslide occurred at the same place on Thursday at around 6 pm.,continuous_rain,India,IN,Nagaland,94.1057,25.6263,8.68,20.24,33.33,110.24,8.68,1511.0,16.03432433908622,5.0,Ao76-2/3c,Ao,1
2011-09-08 00:00:00,Synthetic negative example,No recorded landslide at this location on 2011-09-08,none,India,IN,Assam,91.7747,26.1097,269.3,346.6,395.8,436.40000000000003,269.3,58.0,2.260732414259265,5.0,Nd2-2b,Nd,0
2011-06-08 00:00:00,Synthetic negative example,No recorded landslide at this location on 2011-06-08,none,India,IN,Arunachal Pradesh,94.8885,28.9986,36.8,76.6,317.9,483.1,67.3,587.0,9.700569437024638,5.0,I-Af-Bd-2c,I,0
2016-07-01 00:00:00,Synthetic negative example,No recorded landslide at this location on 2016-07-01,none,India,IN,Nagaland,94.1327,25.4786,18.7,54.099999999999994,77.7,205.9,19.2,1751.0,9.58752644399106,5.0,Ao76-2/3c,Ao,0
2021-06-04 00:00:00,Synthetic negative example,No recorded landslide at this location on 2021-06-04,none,India,IN,Assam,91.7599,26.1771,6.6,11.2,90.4,148.4,64.4,82.0,8.895692965992287,5.0,Ao79-a,Ao,0
2019-07-23 00:00:00,Synthetic negative example,No recorded landslide at this location on 2019-07-23,none,India,IN,Meghalaya,90.2167,25.5144,16.6,41.7,59.2,326.3,16.6,316.0,13.589593958391731,,Nd2-2b,Nd,0
2019-08-21 00:00:00,Synthetic negative example,No recorded landslide at this location on 2019-08-21,none,India,IN,Assam,92.8339,25.2946,1.3,4.4,128.70000000000002,148.1,109.7,885.0,17.07308516773084,,Ao74-2b,Ao,0
2012-06-21 00:00:00,Synthetic negative example,No recorded landslide at this location on 2012-06-21,none,India,IN,Nagaland,94.13,25.83,24.6,39.1,109.10000000000001,149.3,26.0,1014.0,8.821089630664796,,Ao76-2/3c,Ao,0
2011-07-26 00:00:00,Synthetic negative example,No recorded landslide at this location on 2011-07-26,none,India,IN,Nagaland,94.04619681,25.70223725,36.7,67.4,186.5,341.2,50.1,1013.0,9.356034364378676,5.0,Ao76-2/3c,Ao,0
2016-06-11 00:00:00,Synthetic negative example,No recorded landslide at this location on 2016-06-11,none,India,IN,Manipur,94.4481,25.1941,14.2,47.5,89.9,117.0,19.8,1720.0,13.629654547724757,25.0,Bh16-2/3c,Bh,0
2016-07-19 00:00:00,"5 km off Sangam point on Aalo- Pangin road, Arunachal Pradesh, India","(Location along road estimated. Landslide may have occured a couple days before June 19, 2016). Landslides triggered by torrential rains over the past few days blocked the road at 5 km off Sangam point on Aalo- Pangin road causing a total disruption in road communication.  According to official sources, men and machineries were pressed into service on Tuesday to clear the debris but without any progress as the landowners were obstructing the works demanding compensation.  Meanwhile, Siang Deputy Commissioner Rahul Singh along with ADC and EAC Pangin visited the landslide-hit area on Tuesday to assess the extent of damage.  He interacted with TK Engineering officials and asked them to put more men and machineries to carryout the restoration work.",downpour,India,IN,Arunachal Pradesh,94.9612,28.235,14.48,89.14,199.95,260.38,40.3,312.0,43.508931111637935,50.0,Ao80-2bc,Ao,1
2010-08-21 18:00:00,"NH 39 at Kigwema(?), between Mao Gate and Kohima, Nagaland","Kohima, August 22 2010: Fresh landslide has occurred between Mao Gate and Kohima on Saturday evening.  The landslide occurred near Kigwema but the authorities are clearing it on war-footing.",downpour,India,IN,Nagaland,94.1211,25.5718,5.7,25.64,59.56,84.08,10.84,1623.0,11.162178370173905,10.0,Ao76-2/3c,Ao,1
2013-06-16 00:00:00,Synthetic negative example,No recorded landslide at this location on 2013-06-16,none,India,IN,Arunachal Pradesh,95.4149,28.3092,11.4,12.1,21.0,163.0,11.4,1851.0,50.98081968480692,25.0,Ao80-2bc,Ao,0
2012-06-25 00:00:00,"Tirap , Arunachal Pradesh",Landslides triggered by torrential rain have snapped road communication in Tirap district of Arunachal Pradesh for the past several days.,downpour,India,IN,Arunachal Pradesh,95.8011,27.174,36.02,76.5,135.79,244.84,36.02,295.0,1.041280595140532,10.0,Ao76-2/3c,Ao,1
2017-06-07 00:00:00,Synthetic negative example,No recorded landslide at this location on 2017-06-07,none,India,IN,Arunachal Pradesh,93.0515,27.8837,8.5,20.7,347.9,499.5,119.0,1585.0,44.95634585071402,10.0,Ao80-2bc,Ao,0
2022-09-19 00:00:00,Synthetic negative example,No recorded landslide at this location on 2022-09-19,none,India,IN,Manipur,94.0564,24.4279,0.7,8.200000000000001,19.7,41.8,7.1,895.0,8.395047652311604,50.0,Ao76-2/3c,Ao,0
2014-09-22 00:00:00,VIP Road,A portion of VIP Road was blocked due to landslide,rain,India,IN,Assam,91.8178,26.159,126.76,191.59,231.7,266.59,126.76,61.0,6.774041654801501,5.0,Af48-2ab,Af,1
2021-06-06 00:00:00,Synthetic negative example,No recorded landslide at this location on 2021-06-06,none,India,IN,Mizoram,92.7146,23.7365,26.7,35.1,65.3,97.9,26.7,1024.0,35.93984192404095,1.0,Bd61-2c,Bd,0
2014-08-26 00:00:00,Synthetic negative example,No recorded landslide at this location on 2014-08-26,none,India,IN,Arunachal Pradesh,91.85672387,27.5798729,15.0,132.0,202.3,455.3,62.4,2745.0,23.60412220046119,1.0,Ao80-2bc,Ao,0
2016-09-06 00:00:00,Synthetic negative example,No recorded landslide at this location on 2016-09-06,none,India,IN,Manipur,94.3619,25.0985,3.5,19.4,47.3,76.5,13.8,1892.0,10.523133627119554,5.0,Bh16-2/3c,Bh,0
2012-09-18 00:00:00,Synthetic negative example,No recorded landslide at this location on 2012-09-18,none,India,IN,Assam,91.802,26.1966,6.8,58.2,271.8,377.0,135.8,105.0,10.085476299962467,5.0,Ao79-a,Ao,0
2014-08-11 00:00:00,Synthetic negative example,No recorded landslide at this location on 2014-08-11,none,India,IN,Meghalaya,91.2698,25.4916,24.5,59.9,118.7,171.6,29.4,1493.0,11.383724956082276,50.0,Ao75-2b,Ao,0
2018-07-18 00:00:00,Synthetic negative example,No recorded landslide at this location on 2018-07-18,none,India,IN,Arunachal Pradesh,95.4149,28.3092,9.0,22.1,76.8,255.2,24.5,1851.0,50.98081968480692,25.0,Ao80-2bc,Ao,0
2014-06-11 00:00:00,Synthetic negative example,No recorded landslide at this location on 2014-06-11,none,India,IN,Assam,94.0989,27.2298,16.0,58.199999999999996,113.5,137.4,37.8,94.0,2.1247789427521147,25.0,Be82-a,Be,0
2021-06-02 00:00:00,Synthetic negative example,No recorded landslide at this location on 2021-06-02,none,India,IN,Manipur,94.1016,24.1988,7.8,26.599999999999998,38.199999999999996,81.2,14.7,1379.0,19.94576616473369,10.0,Bh16-2/3c,Bh,0
2011-07-16 00:00:00,Synthetic negative example,No recorded landslide at this location on 2011-07-16,none,India,IN,Mizoram,92.9296,23.591,7.1,42.1,63.6,93.4,25.6,802.0,14.408778587162091,25.0,Bh16-2/3c,Bh,0
2013-08-30 00:00:00,"Yakshu, Nagaland","It was also learnt that last week, a road excavator of the BRTF, which was at the site, clearing the landslide, was carried away about 20 feet below the road by heavy mudslide.",unknown,India,IN,Nagaland,94.9731,26.4205,7.63,44.85,79.68,126.35,24.73,690.0,25.176293155000685,5.0,Bh16-2/3c,Bh,1
2014-05-08 00:00:00,Lohit District of Arunachal Pradesh,"Landslides triggered by the first monsoon spell have snapped surface communication to Tezu in Lohit district of Arunachal Pradesh. The headquarters town of Tezu was cut off from rest of the state following massive landslides due to incessant rain in the past few days. According to official sources, heavy landslides beyond 5 km point from Tohangam (O Point) have brought vehicular movement to a standstill. ""Due to sinking of the steep hill and continuous mudslide, it is foiling our rigorous efforts. For few hours the mud was cleared and the road was made thorough but the continuous rain is creating hurdles in restoration works,"" BRO official P K Gupta informed. The Alubari Ghat connecting Tezu with Namsai had also been closed owing to surging waters of the Lohit river and its tributaries, sources said.",rain,India,IN,Arunachal Pradesh,96.174,27.9032,33.77,55.08,62.54,76.49,33.77,208.0,0.926369172997235,1.0,Af48-2ab,Af,1
2013-07-10 00:00:00,Synthetic negative example,No recorded landslide at this location on 2013-07-10,none,India,IN,Tripura,91.7174,23.0137,3.4,12.8,33.1,164.2,11.3,28.0,4.124319018386397,5.0,Af46-1/2a,Af,0
2013-08-27 00:00:00,Synthetic negative example,No recorded landslide at this location on 2013-08-27,none,India,IN,Manipur,93.3729,25.1019,46.2,82.0,103.60000000000001,165.5,46.2,1140.0,8.129596852486529,5.0,Bd61-2c,Bd,0
2018-09-12 00:00:00,Synthetic negative example,No recorded landslide at this location on 2018-09-12,none,India,IN,Assam,92.5121,24.5308,4.1,7.8,19.4,90.7,7.9,58.0,10.280713071431196,1.0,Gd25-2a,Gd,0
2019-06-11 00:00:00,Synthetic negative example,No recorded landslide at this location on 2019-06-11,none,India,IN,Mizoram,92.71495623,23.72988966,1.5,11.3,54.7,75.9,25.0,980.0,23.342694612103696,1.0,Bd61-2c,Bd,0
2021-07-01 00:00:00,Synthetic negative example,No recorded landslide at this location on 2021-07-01,none,India,IN,Arunachal Pradesh,96.174,27.9032,79.7,243.7,371.1,466.0,89.5,208.0,0.926369172997235,1.0,Af48-2ab,Af,0
2011-09-11 00:00:00,Synthetic negative example,No recorded landslide at this location on 2011-09-11,none,India,IN,Nagaland,94.5282,26.0101,3.1,32.5,98.6,123.3,28.1,1706.0,14.964338094507506,5.0,Ao76-2/3c,Ao,0
2023-06-25 00:00:00,Synthetic negative example,No recorded landslide at this location on 2023-06-25,none,India,IN,Manipur,93.9128,24.837,9.3,35.9,41.6,78.9,23.5,792.0,17.946031415771497,5.0,Ao76-2/3c,Ao,0
2020-07-18 00:00:00,Synthetic negative example,No recorded landslide at this location on 2020-07-18,none,India,IN,Manipur,94.48265093,25.31006064,4.3,6.3,64.0,106.0,46.0,1528.0,30.18256697884878,25.0,Bh16-2/3c,Bh,0
2013-05-11 09:00:00,"Laipuitland , Aizawl, Mizoram",Landslides triggered by a cyclonic storm and heavy pre-monsoon rain claimed at least 10 lives and swept away nine houses in the northern part of Aizawl on Saturday morning. Seven more people are missing.,rain,India,IN,Mizoram,92.7175,23.7281,21.06,76.18,247.9,374.7,57.11,1075.0,8.496937956006335,25.0,Bd61-2c,Bd,1
2014-07-14 18:00:00,"Zembabawk, Aizawl","The State Disaster Response Force and volunteers from Falkland locality and other places continued their operation to search the body of a 30-year-old woman, swept away by a massive landslide last evening near Aizawl, despite inclement weather. Six persons, including Munna Begum, were inside a house at Falkland area of Zemabawk when the landslide swept it away, Aizawl district Additional SP Remsanga told PTI. A building construction worker Amar Hussein, from Duttapur in neighbouring Cachar district of Assam, had rented the house and was living there with two of his helpers while his wife Begum and two children recently joined them, he said. The landslide, during a heavy downpour, swept away the house and Begum was still missing while the two children sustained minor injuries, Remsanga added. Except her sarees, Begum was yet to be found and the volunteers suspected that the flash flood has swept her body to river Chite, he said.",downpour,India,IN,Mizoram,92.7463,23.7327,4.46,14.06,35.85,91.69,9.9,839.0,23.47891185858705,5.0,Bd61-2c,Bd,1
2014-08-20 00:00:00,Synthetic negative example,No recorded landslide at this location on 2014-08-20,none,India,IN,Arunachal Pradesh,94.7596,28.1737,10.9,37.6,209.5,410.7,77.4,568.0,22.113876912814764,,Ao80-2bc,Ao,0
2012-06-15 00:00:00,Synthetic negative example,No recorded landslide at this location on 2012-06-15,none,India,IN,Arunachal Pradesh,95.4112,28.3036,49.5,146.9,310.0,703.2,94.5,1828.0,39.11774685252796,,Ao80-2bc,Ao,0
2015-03-19 00:00:00,Ratacherra,"Minor landslides were also reported in Tongseng, Ratacherra and Dona areas.",rain,India,IN,Assam,92.4584,25.0318,0.01,0.01,0.01,0.03,0.01,82.0,17.3079457888422,5.0,Ge53-3a,Ge,1
2010-06-24 00:00:00,Synthetic negative example,No recorded landslide at this location on 2010-06-24,none,India,IN,Nagaland,93.9136,25.7428,45.1,87.0,190.5,298.1,52.4,463.0,20.935780187981493,50.0,Ao76-2/3c,Ao,0
2010-07-02 00:00:00,Synthetic negative example,No recorded landslide at this location on 2010-07-02,none,India,IN,Sikkim,88.6115,27.1954,64.1,96.0,368.2,546.2,218.8,471.0,7.161187087203872,5.0,Bd32-2bc,Bd,0
2012-06-10 00:00:00,Synthetic negative example,No recorded landslide at this location on 2012-06-10,none,India,IN,Nagaland,94.5234,25.8376,5.8,11.2,20.6,187.0,5.8,797.0,2.767591398229724,,Ao76-2/3c,Ao,0
2010-07-29 00:00:00,"Highway 53 at Tupul, Tamenglong district","As per media report a landslide triggered by rains occurred on 29th July, 2010 on the National Highway 53 at Tupul area in Tamenglong district. The landslide disturbed the connection of Manipur with Silchar.",downpour,India,IN,Assam,93.5027,24.9786,19.68,36.42,58.59,105.31,19.68,1312.0,18.801212904229484,10.0,Bh16-2/3c,Bh,1
2022-08-26 00:00:00,Synthetic negative example,No recorded landslide at this location on 2022-08-26,none,India,IN,Meghalaya,90.5573,25.203,2.1,5.0,29.7,77.2,11.6,139.0,16.68948805959749,5.0,Nd2-2b,Nd,0
2007-10-19 00:00:00,"Maram-Purul Road, Karong Assembly Constituency of Senapati district, Manipur","occurred at 3 places along road (23 km), unsure of exact date within past 5 days",rain,India,IN,Nagaland,94.1162,25.4379,4.3,5.51,37.4,69.66,19.42,1497.0,16.038678192026104,50.0,Ao76-2/3c,Ao,1
2021-06-25 00:00:00,Synthetic negative example,No recorded landslide at this location on 2021-06-25,none,India,IN,Nagaland,94.5466,26.0319,3.8,10.2,71.7,231.20000000000002,24.0,1554.0,40.77036050242681,5.0,Ao76-2/3c,Ao,0
2016-06-14 08:00:00,"lower Majakong Ward, Mokokchung, Nagaland, India","A landslide occurred early Tuesday morning due to incessant rain, at lower Majakong Ward, where, a 3 tier retaining wall had collapsed destroying the bathroom and damaging the building walls below. Hearing the news of the calamity, the personnel of the State Disater Response Force, Mokokchung, led by dist. comm, Civil Defence & Home Guards, Watilemba promptly responded and carried out safety measures and debris removal. According to dist. commandant, Civil Defence & Home Guards, Watilemba, said “in cases of natural calamities or manmade disasters, the district administration intimates the State Disaster Response Force and that the personnel are ever ready to respond”.  In such cases, one can also call the Toll Free Emergency Operation Center (EOC) No.913702291122, he added. Earlier, the district administration had verified the site of the slide.",continuous_rain,India,IN,Nagaland,94.5247,26.3185,6.05,35.82,62.33,86.43,18.39,1163.0,1.387753790258008,1.0,Ao76-2/3c,Ao,1
2020-08-18 00:00:00,Synthetic negative example,No recorded landslide at this location on 2020-08-18,none,India,IN,Mizoram,92.899,22.533,21.9,52.3,110.89999999999999,220.5,29.4,801.0,15.868646633497285,25.0,Bh16-2/3c,Bh,0
2014-08-25 00:00:00,Synthetic negative example,No recorded landslide at this location on 2014-08-25,none,India,IN,Nagaland,94.1072,25.6623,18.1,33.800000000000004,94.2,266.7,23.8,1382.0,9.350342558119696,1.0,Ao76-2/3c,Ao,0
2019-08-26 00:00:00,Synthetic negative example,No recorded landslide at this location on 2019-08-26,none,India,IN,Manipur,93.4251,24.7459,3.6,20.1,46.2,162.8,15.5,764.0,5.048548813150623,10.0,Bh16-2/3c,Bh,0
2021-06-19 00:00:00,Synthetic negative example,No recorded landslide at this location on 2021-06-19,none,India,IN,Arunachal Pradesh,93.7145,27.125,4.5,23.0,37.0,182.29999999999998,15.4,128.0,5.56896198426521,5.0,Be82-a,Be,0
2013-07-04 00:00:00,Synthetic negative example,No recorded landslide at this location on 2013-07-04,none,India,IN,Manipur,93.8474,25.1555,4.7,21.1,80.6,186.2,22.2,1377.0,42.926248921460264,25.0,Bh16-2/3c,Bh,0
2022-09-02 00:00:00,Synthetic negative example,No recorded landslide at this location on 2022-09-02,none,India,IN,Assam,93.0038,26.5836,27.5,70.1,155.6,177.3,31.3,69.0,1.852254273911334,50.0,Af48-2ab,Af,0
2023-09-03 00:00:00,Synthetic negative example,No recorded landslide at this location on 2023-09-03,none,India,IN,Nagaland,94.1399,25.4788,0.8,12.2,27.7,91.0,7.5,1640.0,14.637633427177526,10.0,Ao76-2/3c,Ao,0
2014-06-18 00:00:00,Synthetic negative example,No recorded landslide at this location on 2014-06-18,none,India,IN,Sikkim,88.6087,27.322,5.8,34.9,78.3,193.20000000000002,22.0,1509.0,32.9637078729091,1.0,Bd32-2bc,Bd,0
2020-06-08 00:00:00,Synthetic negative example,No recorded landslide at this location on 2020-06-08,none,India,IN,Arunachal Pradesh,93.3497,27.8997,12.3,70.3,198.7,268.0,47.8,867.0,6.540767028653907,1.0,Ao80-2bc,Ao,0
2023-07-09 00:00:00,Synthetic negative example,No recorded landslide at this location on 2023-07-09,none,India,IN,Arunachal Pradesh,92.9064,27.2743,42.0,69.1,137.3,236.8,42.0,638.0,13.108321654365652,10.0,Ao80-2bc,Ao,0
2012-08-13 00:00:00,Synthetic negative example,No recorded landslide at this location on 2012-08-13,none,India,IN,Manipur,93.9128,24.837,1.7,22.5,40.4,92.10000000000001,15.3,792.0,17.946031415771497,5.0,Ao76-2/3c,Ao,0
2018-06-09 00:00:00,Synthetic negative example,No recorded landslide at this location on 2018-06-09,none,India,IN,Assam,91.7082,26.1044,18.2,33.0,59.199999999999996,75.6,18.2,50.0,2.119791324560513,5.0,Nd2-2b,Nd,0
2017-09-05 00:00:00,Synthetic negative example,No recorded landslide at this location on 2017-09-05,none,India,IN,Assam,93.4341,24.7625,5.7,40.300000000000004,111.4,276.2,22.6,657.0,36.59719885359989,10.0,Bh16-2/3c,Bh,0
2023-07-10 00:00:00,Synthetic negative example,No recorded landslide at this location on 2023-07-10,none,India,IN,Sikkim,88.559,27.3773,16.2,24.2,76.2,252.3,21.0,1479.0,34.577439865993604,25.0,Bd32-2bc,Bd,0
2021-07-20 00:00:00,Synthetic negative example,No recorded landslide at this location on 2021-07-20,none,India,IN,Arunachal Pradesh,93.7525,27.1614,4.9,34.2,74.9,204.9,16.4,152.0,3.1207434178512083,,Be82-a,Be,0
2023-07-16 00:00:00,Synthetic negative example,No recorded landslide at this location on 2023-07-16,none,India,IN,Nagaland,94.7031,26.0977,12.5,28.5,61.199999999999996,142.6,13.2,1703.0,27.369455013928143,25.0,Ao76-2/3c,Ao,0
2010-07-20 00:00:00,"road to Oting near Longlam village, 13 km from Tizit subdivision, Mon district, Nagaland","With the landslide washing away the only life line of Oting and Longlam villages under Mon district, the villagers are facing acute shortage of essential commodities for livelihood.  The landslide which affected about 200 meters long, occurred near Longlam village on July 20 about 13 kms away from Tizit sub-division of Mon district.  The damage of the road is such that not only two wheeler but even human beings cannot walk or carry any load as the valley is very steep.  The only alternative road would have been via Naginimora- Tiru, but the road is in such a deplorable condition that no vehicles can ply.",downpour,India,IN,Nagaland,94.9921,26.8716,14.6,56.11,123.67,194.8,29.07,283.0,10.501444158270422,25.0,Af48-2ab,Af,1
2010-08-12 00:00:00,Synthetic negative example,No recorded landslide at this location on 2010-08-12,none,India,IN,Meghalaya,92.3825,25.2568,12.7,39.2,58.6,146.4,15.9,798.0,8.522642338386635,25.0,Ao74-2b,Ao,0
2013-08-25 00:00:00,Synthetic negative example,No recorded landslide at this location on 2013-08-25,none,India,IN,Assam,91.7896,26.1844,2.2,19.2,69.6,139.7,21.1,61.0,4.818259994255743,5.0,Af48-2ab,Af,0
2010-09-12 00:00:00,power lines 5 km from Kohima,"Kohima, Sept. 15: The Nagaland capital has been in darkness for the last three days because of a damaged 132kV transmission line near here.  The power department said it would take a few more days to restore power, depending on the weather conditions.  The 132kV power transmission line, 5km from here, was damaged because of landslides triggered by heavy rainfall. The department said it was taking a 4kV supply from Manipur that is distributed to Ministers’ Hill and VIP quarters.  The department said dozens of workers were deployed at the landslide site but were finding it difficult to pull the wires because of slippery land. Bad weather has turned the situation worse.",downpour,India,IN,Nagaland,94.11112157,25.63961883,4.38,6.8,35.08,73.92,8.65,1497.0,15.083960818078218,25.0,Ao76-2/3c,Ao,1
2013-09-26 00:00:00,Synthetic negative example,No recorded landslide at this location on 2013-09-26,none,India,IN,Assam,92.8551,25.0888,3.8,15.899999999999999,24.1,67.8,6.8,260.0,26.254074995372054,10.0,Ao76-2/3c,Ao,0
2022-09-12 00:00:00,Synthetic negative example,No recorded landslide at this location on 2022-09-12,none,India,IN,Nagaland,94.1139,25.6269,7.5,20.9,35.7,141.4,8.7,1566.0,13.286694596501158,10.0,Ao76-2/3c,Ao,0
2021-06-26 00:00:00,Synthetic negative example,No recorded landslide at this location on 2021-06-26,none,India,IN,Nagaland,94.0462,25.3179,3.5,13.1,38.1,132.6,10.6,998.0,23.248847186308105,5.0,Ao76-2/3c,Ao,0
2013-06-14 00:00:00,Synthetic negative example,No recorded landslide at this location on 2013-06-14,none,India,IN,Arunachal Pradesh,95.4149,28.3092,0.5,1.1,74.5,178.1,48.3,1851.0,50.98081968480692,25.0,Ao80-2bc,Ao,0
2010-06-03 00:00:00,"atharamura hills, Highway 44, Tripura","Heavy rainfall across Tripura with the onset of monsoon has created serious transportation problems, intensified by landslides along National Highway 44, and disruption of power supply.  The monsoon hit the state on Wednesday, nearly a week early, and till today 69mm rainfall has been recorded by the Met office. The road connectivity has also been adversely affected by frequent landslides caused by rain along NH44 and other important link roads within the state. Yesterday, massive landslides in the Atharomura hill range on the national highway held up traffic for more than six hours.",downpour,India,IN,Tripura,91.7599,23.8986,40.65,82.29,196.52,333.71,73.31,188.0,9.238837475306015,5.0,Bd61-2c,Bd,1
2011-07-06 00:00:00,"National Highway 53, Sinam Khul (near Kotlen; ~25 km from Imphal)","Imphal, July 06 2011: In a tragic incident of nature taking toll on human, a massive landslides along NH 53 today killed six personnel of Indian Reserved Battalion (IRB) and Manipur Rifles even as seven personnel were critically injured.  According to police report, the convoy led by AC 2nd IRB S Ingo was heading to Jiribam district headquarters to escort loaded freight trucks and oil tankers.  They had just reach Sinam Khul near Kotlen about 25 km from Imphal when the landslide struck them hit the bus in which they were travelling.  The bus was travelling with five commando teams and some personnel on other vehicles as Road Opening Party (ROP) .  The six ill fated personnel who were killed in the tragic accident were Havildar Yaima of 5th IRB, rifleman Diamond of 5th MR, rifleman Surchandra of 5th MR, rifleman Maradona of 6th IRB, rifleman Lakshman of 8th MR and rifleman Nasir Khan of 2nd MR.The injured personnel were 1st MR rifleman T Sandang Maring (31), 3rd IRB personnel Takhellamb",downpour,India,IN,Manipur,93.9482,24.8063,2.82,30.15,52.12,168.46,19.61,780.0,1.3781307546716215,50.0,Ao76-2/3c,Ao,1
2023-08-07 00:00:00,Synthetic negative example,No recorded landslide at this location on 2023-08-07,none,India,IN,Nagaland,94.1211,25.5718,7.6,45.6,98.6,236.2,35.5,1623.0,11.162178370173905,10.0,Ao76-2/3c,Ao,0
2010-09-13 00:00:00,"near Tuichang(?) on Tuichang river, Aizawl-Champhai rd, Mizoram","Sep 15, 2010  AIZAWL: Aizawl-Champhai road also was blocked by landslides in two places near Tuivawl and Tuichang.  ZONET Champhai Corr. said, the road block near Tuivawl was cleared while men are still at work till in the afternoon to clear the road block near Tuichang.",downpour,India,IN,Mizoram,93.0748,23.3439,5.92,10.64,23.16,44.72,5.92,1323.0,36.63368662586392,25.0,Bh16-2/3c,Bh,1
2007-09-13 00:00:00,Guwahati,"landslide hit house and buried a family, occurred at 3am",rain,India,IN,Assam,91.8,26.1833,2.25,9.52,143.47,297.63,63.19,66.0,4.154096764309844,10.0,Af48-2ab,Af,1
2017-07-20 00:00:00,Synthetic negative example,No recorded landslide at this location on 2017-07-20,none,India,IN,Assam,91.8342,26.1324,22.2,55.6,89.9,216.7,28.6,67.0,2.7771727466475022,5.0,Nd2-2b,Nd,0
2008-08-29 00:00:00,"Kohima, Nagaland","several colonies have been affected by the landslides, mudslides and sinking due to the incessant rains in the state capital Kohima",downpour,India,IN,Nagaland,94.1066,25.67,5.84,16.36,22.51,95.89,9.09,1442.0,18.41213576563324,25.0,Ao76-2/3c,Ao,1
2015-09-06 15:00:00,"Umling, Meghalaya 793102, India","SHILLONG, Sept 7 - Traffic movement was disrupted on National Highway 40 (Guwahati-Shillong Road) on Sunday afternoon due to a massive landslide at Umling, Ri-Bhoi district. However, one lane has been cleared for traffic movement today. Vehicles were stranded for several hours at the Highway. Superintendent of Police, Ri-Bhoi district, GD Kharwanlang rushed to the spot and diverted light vehicles through a different route.  Light vehicles were directed from Byrnihat to Umden and onward towards Nongpoh and Shillong. Similarly, vehicles from Shillong were diverted to Umling-Sohkhwai route and then to 20 Mile. But heavy vehicles were stranded on the highway yesterday.  “Weather permitting we would be able to clear the other lane this evening or tomorrow,” Kharwanlang said over the phone from Nongpoh today.  It is also being advised that those travelling between Guwahati and Shillong can take the Shillong-Mairang- Patharkhmah-Rani route.",unknown,India,IN,Meghalaya,91.8584,25.9703,0.87,29.57,121.4,241.37,37.65,285.0,11.565823006032677,1.0,Nd2-2b,Nd,1
2007-07-30 00:00:00,Saiha,road networks disrupted,downpour,India,IN,Mizoram,92.967,22.479,0.31,3.17,25.87,139.49,9.27,443.0,19.352435158845225,25.0,Bh16-2/3c,Bh,1
2013-05-11 00:00:00,"Boragaon, North Guwahati, Guwahati, Assam,","Landslides occurred in the Nursery area and Maligaon in Nilachal Hills, Sarania Hills and Boragaon on Saturday, alarming hill residents, whose number has crossed two lakh in Guwahati, said sources. Junu Chakraborty (50) was injured in the Nursery area after a wall of her house collapsed on Saturday morning. However, she is out of danger. There are no reports of injury from other parts of the city. A family miraculously escaped unhurt when earth fell on their house in the Sarania Hills.",rain,India,IN,Assam,91.6906,26.1016,38.98,109.25,235.03,314.09,55.66,112.0,39.5106853976653,5.0,Ao77-2a,Ao,1
2021-06-16 00:00:00,Synthetic negative example,No recorded landslide at this location on 2021-06-16,none,India,IN,Sikkim,88.7628,27.3765,23.5,50.900000000000006,135.3,263.1,29.3,3756.0,12.964867886244122,1.0,I-Bh-U-c,I,0
2010-07-22 00:00:00,Synthetic negative example,No recorded landslide at this location on 2010-07-22,none,India,IN,Manipur,94.0906,23.9278,8.6,43.7,101.1,221.6,23.9,935.0,13.089378757745736,5.0,Bf17-2c,Bf,0
2017-08-07 00:00:00,Synthetic negative example,No recorded landslide at this location on 2017-08-07,none,India,IN,Nagaland,95.0243,26.7223,14.8,34.7,82.9,178.5,19.4,698.0,15.584319140976891,1.0,Ao76-2/3c,Ao,0
2016-07-28 23:00:00,"Ngur, near Mizoram-Myanmar border, India","A woman and her three-year-old daughter were killed and six others injured when a house was hit by a massive landslide at Ngur village at Mizoram-Myanmar border, police said today.   Bodies of Dawnsianmuangi (42) and her daughter were taken out from the mud by the villagers following the landslide last night.   Dawnsiangmuangi's youngest daughter, who is three-month old, is safe, police said.   One of the six injured persons was Laltlanthanga, a voluntary rescue worker, who sustained spinal injury and was brought to the Aizawl Civil Hospital.   Nine families abandoned their houses in Ngur after incessant rainfall in village for two days, police said.",continuous_rain,India,IN,Mizoram,93.3783,23.5397,7.01,19.12,53.22,102.28,16.45,1564.0,10.138358485391878,1.0,Bh16-2/3c,Bh,1
2011-08-21 00:00:00,Synthetic negative example,No recorded landslide at this location on 2011-08-21,none,India,IN,Sikkim,88.6087,27.322,19.8,43.1,561.5,709.7,305.0,1509.0,32.9637078729091,1.0,Bd32-2bc,Bd,0
2017-07-17 00:00:00,Synthetic negative example,No recorded landslide at this location on 2017-07-17,none,India,IN,Arunachal Pradesh,93.6287,27.0998,1.0,2.9,18.2,259.3,9.1,406.0,7.160045497826495,25.0,Nd53-3bc,Nd,0
2011-08-21 00:00:00,Synthetic negative example,No recorded landslide at this location on 2011-08-21,none,India,IN,Assam,93.5027,24.9786,13.8,28.700000000000003,67.0,170.4,16.9,1312.0,18.801212904229484,10.0,Bh16-2/3c,Bh,0
2014-08-07 00:00:00,Synthetic negative example,No recorded landslide at this location on 2014-08-07,none,India,IN,Manipur,93.55,24.9667,7.2,19.4,47.8,76.6,9.5,568.0,22.8550987968422,5.0,Bh16-2/3c,Bh,0
2012-06-10 00:00:00,"Imphal-Jiribam section of NH-37 , Manipur","Normal vehicular movement along Imphal-Jiribam section of NH-37 (former NH-53) has been disturbed Friday due to landslides at various places along the stretch of the highway in Tamenglong district.  Heavy rains in Tamenglong district of the state in the last few days has caused landslides last night, authorities said, adding that BRTF have pressed their workers to open the highway at the earliest.",downpour,India,IN,Manipur,93.5444,24.8142,5.93,7.31,42.21,128.43,20.18,519.0,34.77802218832971,50.0,Bh16-2/3c,Bh,1
2013-09-07 15:00:00,14 Milestone Of J N Marg Near Kyangnosola (East Sikkim),"The Army launched massive rescue operations in east and north Sikkim since Saturday and rescued 40 stranded tourists and several injured workers of an engineering firm caught in landslides. While the tourists were on their way to Nathu La, the engineering firm was based in Chungthang. ""Around 3pm on Saturday, a massive landslide occurred at 14 Milestone of J N Marg near Kyangnosola (East Sikkim). A convoy of 11 vehicles ferrying 40 tourists to Nathu La were stranded in rain and bad weather. The group comprised five small children and 11 women. On receiving an alert, the Army swung into action and escorted the tourists to safety at the nearest camp. There, they were made comfortable. Milk was arranged for the children. They were also provided with bedding, blankets and medical aid to tide over the harsh weather during the night,"" said Gr Capt T K Singha, CPRO, Ministry of Defence, Kolkata. The following day, the landslides were cleared by the Border Roads personnel and the tourists we",rain,India,IN,Sikkim,88.7323,27.3736,5.47,27.37,61.64,117.7,15.3,3421.0,30.731772287991458,25.0,I-Bh-U-c,I,1
2017-06-17 00:00:00,Synthetic negative example,No recorded landslide at this location on 2017-06-17,none,India,IN,Meghalaya,90.2167,25.5144,3.1,24.6,161.8,228.0,79.3,316.0,13.589593958391731,,Nd2-2b,Nd,0
2010-09-06 00:00:00,Synthetic negative example,No recorded landslide at this location on 2010-09-06,none,India,IN,Nagaland,94.5808,26.284,5.4,39.0,77.5,145.20000000000002,25.3,731.0,28.13851561288479,5.0,Ao76-2/3c,Ao,0
2012-08-06 00:00:00,Synthetic negative example,No recorded landslide at this location on 2012-08-06,none,India,IN,Assam,91.7548,26.1314,24.6,85.1,165.9,390.5,46.9,74.0,7.148839105606214,1.0,Nd2-2b,Nd,0
2014-06-25 00:00:00,Synthetic negative example,No recorded landslide at this location on 2014-06-25,none,India,IN,Arunachal Pradesh,93.7273,27.0011,1.3,64.2,249.6,306.5,78.2,105.0,2.2754136063184394,,Be82-a,Be,0
2023-09-05 00:00:00,Synthetic negative example,No recorded landslide at this location on 2023-09-05,none,India,IN,Nagaland,94.1351,25.4769,1.3,2.8,21.3,75.4,7.5,1673.0,19.73007978274894,5.0,Ao76-2/3c,Ao,0
2010-07-13 00:00:00,Synthetic negative example,No recorded landslide at this location on 2010-07-13,none,India,IN,Mizoram,93.0748,23.3439,4.0,53.7,64.4,94.6,31.9,1323.0,36.63368662586392,25.0,Bh16-2/3c,Bh,0
2019-09-12 00:00:00,Synthetic negative example,No recorded landslide at this location on 2019-09-12,none,India,IN,Sikkim,88.7334,27.3702,21.8,55.2,107.6,216.20000000000002,24.7,3523.0,13.824212020761683,10.0,I-Bh-U-c,I,0
2015-08-01 00:00:00,"Holenjang, Chandel district","Another village Holenjang, which is 15km away from Joumol is also hit by landslide but due to non-motorable road rescue teams were yet to reach this area till late Saturday evening.",continuous_rain,India,IN,Manipur,93.9815,24.004,5.31,82.66,101.37,180.8,60.55,1460.0,34.51751463643877,10.0,Ao76-2/3c,Ao,1
2011-07-24 00:00:00,Synthetic negative example,No recorded landslide at this location on 2011-07-24,none,India,IN,Sikkim,88.6236,27.3425,40.4,137.7,295.5,598.6,80.5,2045.0,35.90869349353838,10.0,Bd32-2bc,Bd,0
2015-08-07 00:00:00,Synthetic negative example,No recorded landslide at this location on 2015-08-07,none,India,IN,Meghalaya,92.2121,25.463,7.5,22.5,74.8,220.20000000000002,33.0,1379.0,2.1170938186387036,5.0,Ao74-2b,Ao,0
2010-07-06 00:00:00,Synthetic negative example,No recorded landslide at this location on 2010-07-06,none,India,IN,Sikkim,88.6065,27.339,60.5,129.7,242.7,478.7,60.5,1501.0,16.261579422291064,5.0,Bd32-2bc,Bd,0
2022-06-18 00:00:00,Synthetic negative example,No recorded landslide at this location on 2022-06-18,none,India,IN,Nagaland,94.5163,26.0137,20.7,90.7,127.5,184.4,42.1,1723.0,11.387211682153785,25.0,Ao76-2/3c,Ao,0
2007-07-19 00:00:00,Guwahati,closest to predicted location of Gauhati (167.34 km),rain,India,IN,Assam,91.7986,26.1699,24.86,59.05,102.7,138.31,32.41,144.0,1.386771132207247,25.0,Af48-2ab,Af,1
2015-06-28 00:00:00,Synthetic negative example,No recorded landslide at this location on 2015-06-28,none,India,IN,Assam,91.8178,26.159,24.9,26.4,94.5,234.1,39.4,61.0,6.774041654801501,5.0,Af48-2ab,Af,0
2020-09-15 00:00:00,Synthetic negative example,No recorded landslide at this location on 2020-09-15,none,India,IN,Sikkim,88.3664,27.1695,20.0,86.9,292.9,579.6999999999999,103.1,1583.0,23.603277744846192,5.0,Rd29-1a,Rd,0
2023-09-10 00:00:00,Synthetic negative example,No recorded landslide at this location on 2023-09-10,none,India,IN,Assam,92.8025,25.0633,8.7,15.7,36.7,119.4,20.5,93.0,20.03237253917104,25.0,Gd25-2a,Gd,0
2022-06-25 00:00:00,Synthetic negative example,No recorded landslide at this location on 2022-06-25,none,India,IN,Arunachal Pradesh,95.2253,27.8458,28.6,80.1,148.0,413.9,41.1,131.0,0.926369172997235,1.0,Ao79-a,Ao,0
2023-09-11 00:00:00,Synthetic negative example,No recorded landslide at this location on 2023-09-11,none,India,IN,Meghalaya,90.0896,25.5006,2.3,7.699999999999999,16.8,25.6,4.0,45.0,4.806912083386269,50.0,Ge51-2a,Ge,0
2014-07-10 00:00:00,Synthetic negative example,No recorded landslide at this location on 2014-07-10,none,India,IN,Manipur,93.9784,24.6596,1.8,2.1,13.8,56.0,8.8,772.0,3.8377078345156304,,Gh12-2a,Gh,0
2016-07-07 00:00:00,"Imphal-Ukhrul sector of National Highway 102, Manipur, India","Estimated Date. Heavy landslide along the busy Imphal-Ukhrul sector of the National Highway 102 hampered vehicular traffic along the route forcing passenger buses to stop normal services since the last four days.  However smaller-sized vehicles such as cars, vans and gypsies managed to cross the landslide-hit Finch Corner area, 65 km north of Imphal only after the Border Road Task Force (BRTF) machinery cleared the area this afternoon, reports from Ukhrul said.  Earlier in the morning, most of the residents of Ukhrul district who usually takes 2-3 hours, took 6 hours to reach Imphal town by exchanging their vehicles at the two ends of the landslide-hit Finch corner area, according to a resident.  The picturesque Finch Corner areas witnessed heavy landslide measuring around 150 metres following continuous rain in the areas since the last few days.  Sources reaching here said that the BRTF personnel were currently taking all out efforts to restore normal traffic along the highway.",monsoon,India,IN,Manipur,94.3136,25.0118,11.95,28.19,92.02,135.96,21.85,1391.0,3.200508507855546,25.0,Bh16-2/3c,Bh,1
2019-08-03 00:00:00,Synthetic negative example,No recorded landslide at this location on 2019-08-03,none,India,IN,Nagaland,94.2341227,25.51614662,1.3,29.8,65.5,139.0,19.8,1646.0,20.170835089310476,1.0,Ao76-2/3c,Ao,0
2016-08-26 00:00:00,Synthetic negative example,No recorded landslide at this location on 2016-08-26,none,India,IN,Meghalaya,92.3636,25.0728,17.5,21.3,48.300000000000004,95.8,25.1,130.0,10.024134913751013,5.0,Ge53-3a,Ge,0
2022-08-15 00:00:00,Synthetic negative example,No recorded landslide at this location on 2022-08-15,none,India,IN,Arunachal Pradesh,93.6884,27.1032,2.7,19.2,40.699999999999996,74.5,20.4,145.0,0.926369172997235,10.0,Be82-a,Be,0
2022-07-14 00:00:00,Synthetic negative example,No recorded landslide at this location on 2022-07-14,none,India,IN,Manipur,93.686,25.16,0.3,1.2,37.4,118.7,27.7,1016.0,36.10655674778545,1.0,Bh16-2/3c,Bh,0
2022-06-16 00:00:00,Synthetic negative example,No recorded landslide at this location on 2022-06-16,none,India,IN,Assam,92.9914,25.5242,22.6,40.6,131.4,220.5,68.2,156.0,16.865567463034814,50.0,Ao76-2/3c,Ao,0
2020-09-23 00:00:00,Synthetic negative example,No recorded landslide at this location on 2020-09-23,none,India,IN,Nagaland,94.04,25.705,19.8,83.1,124.7,218.9,36.5,1036.0,16.860785495741176,10.0,Ao76-2/3c,Ao,0
2013-08-09 00:00:00,"Senapati, Manipur","The heavy downpour in Senapati during the past weeks has caused landslides and flood like situation in low land areas in many parts of the district. Besides the National Highway, State highway and Inter Village Roads were badly affected by the downpour. Meanwhile, a press note issued by the Headmaster of Koide Government High School stated that vast portion of school compound in its Southern side has been washed away due to heavy downpour in recent past. It stated that approximately 118 ft in length and 20 ft in height portion of land was washed away. The villagers sought the immediate action of the concerned department to save the lone school building in the village from further collapse and damage, maintained the press note.",downpour,India,IN,Nagaland,94.0441,25.318,1.71,17.09,68.88,119.33,24.9,993.0,6.125906246428548,50.0,Ao76-2/3c,Ao,1
2015-08-19 00:00:00,National Highway at Kuliang,"More landslide has complicated the surface communication in Ratachora, Tansen and Kuliang keeping a major portion of the National Highway blocked.",rain,India,IN,Meghalaya,92.3636,25.0728,41.24,100.47,149.45,253.17,41.77,130.0,10.024134913751013,5.0,Ge53-3a,Ge,1
2016-07-26 00:00:00,Synthetic negative example,No recorded landslide at this location on 2016-07-26,none,India,IN,Nagaland,94.11112157,25.63961883,7.0,67.3,93.6,127.9,39.1,1497.0,15.083960818078218,25.0,Ao76-2/3c,Ao,0
2018-06-25 00:00:00,Synthetic negative example,No recorded landslide at this location on 2018-06-25,none,India,IN,Manipur,93.5142,24.9818,29.2,56.4,101.5,474.6,29.2,1249.0,3.700645055238003,50.0,Bh16-2/3c,Bh,0
2014-09-06 00:00:00,Synthetic negative example,No recorded landslide at this location on 2014-09-06,none,India,IN,Arunachal Pradesh,94.9612,28.235,4.4,10.6,14.1,140.70000000000002,6.1,312.0,43.508931111637935,50.0,Ao80-2bc,Ao,0
2010-04-02 23:00:00,"Koloriang, Kuring Kumey district, Arunachal Pradesh","At least seven persons, including four children, were buried alive after torrential rains triggered landslides caved in their dwelling house at Koloriang, the headquarters of remote Kurung Kumey district in Arunachal Pradesh, last night.  The disaster occurred at around 11 pm when all the victims were under sleep after having the night’s meal. The velocity of the landslide was so strong that it completely collapsed the occupants’ bamboo-made house within no time, killing all seven persons on the spot. Two other people, who were sleeping outside the ill-fated house, escaped unhurt, informed the Kurung Kumey district SP, A Tamut.  Kurung Kumey, along with other parts of Arunachal, has been experiencing heavy showers for the past one week, paralyzing the normal life  of the people of this air-fed hilly station.",downpour,India,IN,Arunachal Pradesh,93.3497,27.8997,6.29,18.64,40.38,76.9,8.99,867.0,6.540767028653907,1.0,Ao80-2bc,Ao,1
2010-08-27 18:00:00,"Daragaon(?), Gangtok city, Sikkim","Gangtok, August 28, 2010  Heavy rains triggering landslides has affected large parts of Sikkim in which one person was killed and many houses were damaged, officials said today.   In the State capital Gangtok, a massive landslide in the residential area below Daragaon damaged four buildings last evening, forcing evacuations from these structures.",downpour,India,IN,Sikkim,88.6188,27.3392,11.94,39.91,93.81,197.06,24.76,1859.0,28.525829141462467,5.0,Bd32-2bc,Bd,1
2013-08-27 00:00:00,Synthetic negative example,No recorded landslide at this location on 2013-08-27,none,India,IN,Arunachal Pradesh,93.6086,27.0869,25.3,37.800000000000004,45.4,67.60000000000001,25.3,316.0,9.327683683775282,10.0,Be82-a,Be,0
2015-07-27 00:00:00,Synthetic negative example,No recorded landslide at this location on 2015-07-27,none,India,IN,Assam,93.4221,24.7505,26.6,52.5,224.5,454.3,91.5,784.0,10.96796618678514,5.0,Bh16-2/3c,Bh,0
2010-07-04 00:00:00,Synthetic negative example,No recorded landslide at this location on 2010-07-04,none,India,IN,Manipur,93.5444,24.8142,8.8,62.5,96.7,219.9,38.1,519.0,34.77802218832971,50.0,Bh16-2/3c,Bh,0
2017-07-17 00:00:00,Synthetic negative example,No recorded landslide at this location on 2017-07-17,none,India,IN,Nagaland,94.5224,26.0214,0.4,19.9,64.1,237.8,21.7,1621.0,30.342707714734605,50.0,Ao76-2/3c,Ao,0
2007-09-08 00:00:00,"Lower Shajouba village near Tadubi along NH 39, Manipur","occurred along NH 39, unsure of exact location",rain,India,IN,Manipur,93.9877,25.0604,19.36,74.29,123.8,144.19,39.69,1519.0,37.35514278400912,50.0,Ao76-2/3c,Ao,1
2014-06-04 00:00:00,Synthetic negative example,No recorded landslide at this location on 2014-06-04,none,India,IN,Manipur,93.9827,25.4538,1.7,34.1,85.7,172.0,41.7,1778.0,24.17357170238777,5.0,Bh16-2/3c,Bh,0
2011-06-01 00:00:00,Synthetic negative example,No recorded landslide at this location on 2011-06-01,none,India,IN,Assam,92.4943,24.4638,15.1,56.3,127.7,289.4,32.9,94.0,12.933283004058028,10.0,Bd61-2c,Bd,0
2016-09-01 00:00:00,Synthetic negative example,No recorded landslide at this location on 2016-09-01,none,India,IN,Assam,91.7042,26.1666,3.5,43.0,82.6,94.5,24.9,235.0,17.151823509523624,1.0,Ao79-a,Ao,0
2018-09-22 00:00:00,Synthetic negative example,No recorded landslide at this location on 2018-09-22,none,India,IN,Arunachal Pradesh,94.9829,28.611,44.9,80.6,100.5,610.6,44.9,1668.0,32.48339327835614,5.0,Ao80-2bc,Ao,0
2022-08-14 00:00:00,Synthetic negative example,No recorded landslide at this location on 2022-08-14,none,India,IN,Manipur,94.3591,25.1122,0.7,16.3,30.6,66.8,13.9,1848.0,17.243893132265686,10.0,Bh16-2/3c,Bh,0
2016-08-05 00:00:00,Synthetic negative example,No recorded landslide at this location on 2016-08-05,none,India,IN,Nagaland,94.1318,25.7902,15.8,19.1,31.6,121.0,15.8,1283.0,12.456195843516292,25.0,Ao76-2/3c,Ao,0
2022-08-15 00:00:00,Synthetic negative example,No recorded landslide at this location on 2022-08-15,none,India,IN,Assam,91.8074,26.1963,2.7,29.5,43.9,137.1,26.6,172.0,12.858314085836204,5.0,Ao79-a,Ao,0
2020-08-16 00:00:00,Synthetic negative example,No recorded landslide at this location on 2020-08-16,none,India,IN,Nagaland,94.1884,25.3833,2.7,68.1,91.1,161.1,35.8,1679.0,28.085541778829267,5.0,Ao76-2/3c,Ao,0
2007-07-26 00:00:00,Singtam,closest to predicted location of Shillong (397.72 km),rain,India,IN,Meghalaya,91.88,25.38,34.95,113.14,176.0,316.18,48.66,1305.0,40.39713922078188,50.0,Ao78-3c,Ao,1
2012-08-20 00:00:00,Synthetic negative example,No recorded landslide at this location on 2012-08-20,none,India,IN,Sikkim,88.7628,27.3765,45.3,77.89999999999999,139.9,253.9,45.3,3756.0,12.964867886244122,1.0,I-Bh-U-c,I,0
2018-07-03 00:00:00,Synthetic negative example,No recorded landslide at this location on 2018-07-03,none,India,IN,Sikkim,88.6065,27.339,82.8,281.2,438.2,832.3,129.3,1501.0,16.261579422291064,5.0,Bd32-2bc,Bd,0
2012-08-18 00:00:00,Synthetic negative example,No recorded landslide at this location on 2012-08-18,none,India,IN,Nagaland,93.9413,25.7658,8.3,31.9,76.5,211.7,20.8,808.0,44.2276920510005,50.0,Ao76-2/3c,Ao,0
2010-06-28 00:00:00,"Police CID complex(?), Shillong, Meghalaya","A 14-year-old girl was killed and at least seven others were injured on Monday after heavy rains triggered a landslide in Shillong. Alicia Arengngma, daughter of a policeman, was buried when debris of a landslide following heavy rain blocked the ground floor of Meghalaya police's CID complex, police said. Some nearby houses were also damaged and rescue operations were on, official sources said.  The injured were admitted in a government hospital.  Incessant rain over the past couple of days has thrown normal life completely out of gear in the state.",downpour,India,IN,Meghalaya,91.885,25.5728,49.93,121.2,150.53,237.4,49.93,1501.0,9.40412013238775,5.0,Ao74-2b,Ao,1
2023-09-23 00:00:00,Synthetic negative example,No recorded landslide at this location on 2023-09-23,none,India,IN,Nagaland,94.0441,25.318,8.5,36.8,62.6,101.3,26.0,993.0,6.125906246428548,50.0,Ao76-2/3c,Ao,0
2019-07-22 00:00:00,Synthetic negative example,No recorded landslide at this location on 2019-07-22,none,India,IN,Manipur,93.948,24.7992,2.0,3.7,9.2,112.7,4.6,780.0,2.7545823875732576,,Ao76-2/3c,Ao,0
2016-07-21 00:00:00,Synthetic negative example,No recorded landslide at this location on 2016-07-21,none,India,IN,Meghalaya,92.2897,25.3433,24.9,105.69999999999999,250.1,343.2,52.3,1201.0,1.0249975202040136,25.0,Ao74-2b,Ao,0
2019-06-13 00:00:00,Synthetic negative example,No recorded landslide at this location on 2019-06-13,none,India,IN,Sikkim,88.5287,27.1761,0.2,4.7,42.8,78.3,16.0,296.0,10.768510295209571,25.0,Bd32-2bc,Bd,0
2017-08-18 00:00:00,Synthetic negative example,No recorded landslide at this location on 2017-08-18,none,India,IN,Manipur,93.9815,24.004,2.7,9.200000000000001,24.3,57.300000000000004,4.9,1460.0,34.51751463643877,10.0,Ao76-2/3c,Ao,0
2015-02-19 23:00:00,"Hailākāndi : Two labourers died while another was injured in a landslide in Assam's Hailakandi district, the police said today.","Two labourers died while another was injured in a landslide in Assam's Hailakandi district, the police said today.",mining,India,IN,Assam,92.562,24.6108,9.38,10.96,11.17,11.17,9.38,30.0,4.921340582296557,5.0,Ge53-3a,Ge,1
2012-08-26 00:00:00,Synthetic negative example,No recorded landslide at this location on 2012-08-26,none,India,IN,Nagaland,94.1099,25.6682,16.1,44.1,153.6,232.70000000000002,48.2,1428.0,12.471496205387888,50.0,Ao76-2/3c,Ao,0
2022-06-12 00:00:00,Synthetic negative example,No recorded landslide at this location on 2022-06-12,none,India,IN,Manipur,93.4251,24.7459,6.5,18.8,43.6,112.5,14.4,764.0,5.048548813150623,10.0,Bh16-2/3c,Bh,0
2022-07-20 00:00:00,Synthetic negative example,No recorded landslide at this location on 2022-07-20,none,India,IN,Arunachal Pradesh,96.5242,28.0791,11.3,196.2,204.8,249.0,157.5,557.0,24.638327529773587,10.0,I-Af-Bd-2c,I,0
2020-08-07 00:00:00,Synthetic negative example,No recorded landslide at this location on 2020-08-07,none,India,IN,Manipur,94.1913,24.4265,7.2,45.2,89.7,130.9,36.0,1309.0,11.243730344787089,25.0,Bh16-2/3c,Bh,0
2008-06-09 00:00:00,"near Kuloor church, in Manipur along National Highway","difficult to determine location, heavy rains throughout Manipur state",monsoon,India,IN,Manipur,93.9784,24.6596,4.16,12.25,17.99,40.58,6.02,772.0,3.8377078345156304,,Gh12-2a,Gh,1
2010-09-06 00:00:00,Synthetic negative example,No recorded landslide at this location on 2010-09-06,none,India,IN,Manipur,93.8794,25.5098,7.3,25.8,96.8,187.9,31.2,1646.0,15.451697691723982,10.0,Bh16-2/3c,Bh,0
2012-06-13 00:00:00,Synthetic negative example,No recorded landslide at this location on 2012-06-13,none,India,IN,Assam,94.693,26.7103,2.9,15.0,26.4,175.9,8.1,687.0,12.53647418327811,10.0,Ao76-2/3c,Ao,0
2010-09-04 00:00:00,"17th mile(?), Jawaharlal Nehru Marg hwy, between Gangtok and Nathu La, Sikkim","Gangtok, Sep.4 (ANI): Incessant rains in the last few weeks have caused extensive landslides in Sikkim, as on Saturday, vehicular traffic on the road connecting Gangtok with Nathu La located along the India-China border came to a standstill due to landslides. Named the Jawaharlal Nehru Marg, the road holds high strategic importance for the movement of troops and their supplies.  It is also viewed as important for cross border trade and tourists who enjoy the rare experience of visiting the Nathu La Pass.  The worst affected spot has been ""the 17th mile"" where the road has been washed away to the extent of around 350 metres.  Reportedly, a gradient has slid down by 50 to 60 metres and a portion of the army barracks was badly damaged by the landslide.",downpour,India,IN,Sikkim,88.7334,27.3702,2.0,17.97,46.09,133.54,12.81,3523.0,13.824212020761683,10.0,I-Bh-U-c,I,1
2011-09-12 00:00:00,Synthetic negative example,No recorded landslide at this location on 2011-09-12,none,India,IN,Assam,91.7702,26.1768,4.7,42.6,217.1,292.5,91.5,83.0,30.11204693140904,1.0,Ao79-a,Ao,0
2021-09-19 00:00:00,Synthetic negative example,No recorded landslide at this location on 2021-09-19,none,India,IN,Nagaland,94.04,25.705,2.6,72.3,107.7,168.9,51.4,1036.0,16.860785495741176,10.0,Ao76-2/3c,Ao,0
2010-07-09 00:00:00,Synthetic negative example,No recorded landslide at this location on 2010-07-09,none,India,IN,Assam,91.7652,26.1964,1.5,1.9,84.60000000000001,248.6,33.2,79.0,12.910612429743768,,Ao79-a,Ao,0
2019-06-24 00:00:00,Synthetic negative example,No recorded landslide at this location on 2019-06-24,none,India,IN,Arunachal Pradesh,92.6351,27.0136,3.4,27.9,51.0,177.3,14.5,221.0,4.832634573500187,1.0,Be82-a,Be,0
2012-09-21 00:00:00,Synthetic negative example,No recorded landslide at this location on 2012-09-21,none,India,IN,Assam,93.1265,25.3056,1.5,5.800000000000001,37.9,91.7,14.3,309.0,17.86684892489941,5.0,Ao76-2/3c,Ao,0
2012-03-04 00:00:00,Tamei constituency in Tamenlong district,"Repolling in 63 booths under nine constituencies in the five hill districts of Senapati, Ukhrul, Churachandpur, Tamenglong and Chandel was held on Sunday amid heavy security with more than 60% turnout recorded. The exercise was supposed to be held in 67 booths but owing to heavy landslides triggered in the remote Tamei constituency in Tamenlong district, poll officials could not reach four booths forcing the Election Commission to defer the exercise till Monday.",unknown,India,IN,Manipur,93.6795,25.1604,0.04,8.26,13.66,13.84,5.81,1091.0,12.975482111654207,25.0,Bh16-2/3c,Bh,1
2015-08-19 00:00:00,Synthetic negative example,No recorded landslide at this location on 2015-08-19,none,India,IN,Arunachal Pradesh,95.3429,28.9205,71.3,172.0,250.6,328.7,71.3,4053.0,30.316394624804257,,I-Be-2c,I,0
2010-08-15 00:00:00,Synthetic negative example,No recorded landslide at this location on 2010-08-15,none,India,IN,Manipur,93.948,24.7992,2.0,31.2,47.4,105.9,27.8,780.0,2.7545823875732576,,Ao76-2/3c,Ao,0
2021-08-18 00:00:00,Synthetic negative example,No recorded landslide at this location on 2021-08-18,none,India,IN,Sikkim,88.6458,27.1748,42.2,103.80000000000001,300.4,391.7,101.6,944.0,16.7960962530793,25.0,Bd32-2bc,Bd,0
2010-09-13 00:00:00,"Hual(Hu) village(?), Lunglei-Lawngtlai rd, Mizoram","Sep 15, 2010  AIZAWL: Lunglei-Lawngtlai road was also blocked by a heavy landslide at =hual\hu village this afternoon. The landslide also washed away the house of Vanlallawma. Luckily all the family members managed to run out of the house before the house collapsed with the pressure. A number of vehicles were stranded on both sides of the road. Among the stranded passengers, the Rajya Sabha Member, Mr. Lalhmingliana and some MNF Party leaders were also there. The Additional DC, Mr. T. Lalduhawma visited the landslide victim and promised that the government will give assistance to the family as per rule.",downpour,India,IN,Mizoram,92.8416,22.7176,5.13,13.96,29.88,43.04,7.08,728.0,24.51559955702803,25.0,Bh16-2/3c,Bh,1
2012-07-11 00:00:00,Synthetic negative example,No recorded landslide at this location on 2012-07-11,none,India,IN,Assam,91.7652,26.1964,7.7,49.900000000000006,133.1,291.1,32.0,79.0,12.910612429743768,,Ao79-a,Ao,0
2015-06-01 00:00:00,Synthetic negative example,No recorded landslide at this location on 2015-06-01,none,India,IN,Sikkim,88.6236,27.3425,20.6,75.2,92.6,199.0,37.9,2045.0,35.90869349353838,10.0,Bd32-2bc,Bd,0
2021-09-15 00:00:00,Synthetic negative example,No recorded landslide at this location on 2021-09-15,none,India,IN,Arunachal Pradesh,95.8776,28.4298,0.0,0.3,2.2,16.7,1.5,516.0,15.81679952401605,50.0,I-Af-Bd-2c,I,0
2016-07-19 09:00:00,"12th Mile area at Jorabat, Meghalaya, India","A family in 12th Mile area at Jorabat had a miraculous escape after a portion of a hillock located behind their compound fell on the house. The lady of the house, Nuni Sangma, received minor injuries in the incident.",unknown,India,IN,Meghalaya,91.8744337,26.09748244,19.72,128.07,204.59,267.67,57.12,185.0,35.452827191558235,25.0,Nd2-2b,Nd,1
2019-07-15 00:00:00,Synthetic negative example,No recorded landslide at this location on 2019-07-15,none,India,IN,Assam,92.8025,25.0633,30.5,169.1,492.7,642.7,96.8,93.0,20.03237253917104,25.0,Gd25-2a,Gd,0
2018-09-19 00:00:00,Synthetic negative example,No recorded landslide at this location on 2018-09-19,none,India,IN,Arunachal Pradesh,95.8776,28.4298,6.5,8.2,66.9,383.5,42.1,516.0,15.81679952401605,50.0,I-Af-Bd-2c,I,0
2023-09-25 00:00:00,Synthetic negative example,No recorded landslide at this location on 2023-09-25,none,India,IN,Nagaland,94.4619,26.0481,4.5,16.1,40.6,86.9,8.9,865.0,29.6360306360278,,Ao76-2/3c,Ao,0
2013-08-12 00:00:00,Synthetic negative example,No recorded landslide at this location on 2013-08-12,none,India,IN,Nagaland,94.1318,25.7902,16.2,47.7,114.1,196.2,23.0,1283.0,12.456195843516292,25.0,Ao76-2/3c,Ao,0
2010-09-15 00:00:00,Synthetic negative example,No recorded landslide at this location on 2010-09-15,none,India,IN,Assam,93.5,24.9925,12.2,37.0,66.3,91.7,13.1,1218.0,11.982789615605451,10.0,Bh16-2/3c,Bh,0
2022-06-03 00:00:00,Synthetic negative example,No recorded landslide at this location on 2022-06-03,none,India,IN,Nagaland,94.5497,26.1807,12.3,41.0,83.6,122.1,22.9,1650.0,31.579415431363547,5.0,Ao76-2/3c,Ao,0
2018-07-23 00:00:00,Synthetic negative example,No recorded landslide at this location on 2018-07-23,none,India,IN,Nagaland,94.1051,25.6278,47.4,101.6,140.1,268.5,47.4,1525.0,12.46880569721071,5.0,Ao76-2/3c,Ao,0
2023-08-06 00:00:00,Synthetic negative example,No recorded landslide at this location on 2023-08-06,none,India,IN,Assam,93.1477,25.4749,2.0,16.9,28.5,70.4,8.3,147.0,3.5885571438036794,50.0,Ao76-2/3c,Ao,0
2010-09-23 00:00:00,Synthetic negative example,No recorded landslide at this location on 2010-09-23,none,India,IN,Sikkim,88.6188,27.3392,0.6,39.5,86.4,235.9,20.4,1859.0,28.525829141462467,5.0,Bd32-2bc,Bd,0
2021-09-23 00:00:00,Synthetic negative example,No recorded landslide at this location on 2021-09-23,none,India,IN,Manipur,94.1383,25.48,0.9,7.7,35.4,55.800000000000004,13.3,1699.0,16.072160878428527,1.0,Ao76-2/3c,Ao,0
2016-08-04 00:00:00,Synthetic negative example,No recorded landslide at this location on 2016-08-04,none,India,IN,Nagaland,95.0283,26.7215,38.1,47.2,83.1,188.8,38.1,722.0,13.369645277910749,5.0,Ao76-2/3c,Ao,0
2011-06-20 00:00:00,Mokokchung,"Mokokchung, June 21 (DIPR): Several houses were damaged at Mokokchung town by landslide after heavy downpour on Monday night (July 20). On receiving report from different wards, District Administration, MMC and concern officials visited the affected houses in different wards.  Three houses were badly damaged in Artang and Majakong wards while minor damaged of several houses mainly in Artang, Majakong and Alempang wards were reported. Beside many roads were blocked by landslide in and around Mokokchung town affecting vehicular movements. District Administration, Mokokchung Municipal Council and Department of Food and Civil Supplies, have given cash and kind to the major affected families as immediate relief. While personnel of fire services, ward Members are giving their best effort to restore the damage.",downpour,India,IN,Nagaland,94.5121,26.3186,3.79,13.89,32.67,69.94,10.44,1250.0,14.80546141353928,5.0,Ao76-2/3c,Ao,1
2019-08-12 00:00:00,Synthetic negative example,No recorded landslide at this location on 2019-08-12,none,India,IN,Nagaland,94.1054,25.4196,3.3,9.1,47.8,115.9,16.8,1400.0,22.47272827882763,5.0,Ao76-2/3c,Ao,0
2021-07-21 00:00:00,Synthetic negative example,No recorded landslide at this location on 2021-07-21,none,India,IN,Mizoram,92.71060943,23.73504471,1.5,33.4,62.099999999999994,227.6,22.9,941.0,30.27625293414386,1.0,Bd61-2c,Bd,0
2021-09-23 00:00:00,Synthetic negative example,No recorded landslide at this location on 2021-09-23,none,India,IN,Manipur,93.9128,24.837,0.3,9.0,34.9,49.6,16.3,792.0,17.946031415771497,5.0,Ao76-2/3c,Ao,0
2014-06-25 00:00:00,Synthetic negative example,No recorded landslide at this location on 2014-06-25,none,India,IN,Sikkim,88.2816,27.2872,18.3,63.8,122.0,156.6,33.9,572.0,20.504325237480952,50.0,Bd32-2bc,Bd,0
2010-08-14 00:00:00,Synthetic negative example,No recorded landslide at this location on 2010-08-14,none,India,IN,Meghalaya,91.8584,25.9703,17.3,39.5,43.9,169.1,17.3,285.0,11.565823006032677,1.0,Nd2-2b,Nd,0
2014-08-27 00:00:00,Synthetic negative example,No recorded landslide at this location on 2014-08-27,none,India,IN,Manipur,93.8275,24.9336,11.4,17.4,37.8,113.5,11.4,1027.0,16.02045964527659,25.0,Ao76-2/3c,Ao,0
2012-09-23 00:00:00,Synthetic negative example,No recorded landslide at this location on 2012-09-23,none,India,IN,Mizoram,93.0748,23.3439,4.8,9.2,17.4,79.7,4.8,1323.0,36.63368662586392,25.0,Bh16-2/3c,Bh,0
2018-06-27 00:00:00,Synthetic negative example,No recorded landslide at this location on 2018-06-27,none,India,IN,Arunachal Pradesh,93.816,27.0987,44.9,67.2,84.3,169.6,44.9,214.0,14.236549622926058,5.0,Be82-a,Be,0
2015-08-12 00:00:00,Phesama village,"Speaking to Nagaland Post after examining the soil at the mountain, senior geologist from Nagaland State Disaster Management Authority (NSDMA) home department, Kekhrie Zavi, said it was found that the soil contained a mixture of sand, clay and sticky mud type, which absorbed excess water and reduced soil’s grabbing capacity resulting in the continuous mudslide.",continuous_rain,India,IN,Nagaland,94.1136,25.6237,3.35,14.73,69.02,175.8,23.25,1604.0,33.42494578296137,5.0,Ao76-2/3c,Ao,1
2013-08-25 00:00:00,Synthetic negative example,No recorded landslide at this location on 2013-08-25,none,India,IN,Meghalaya,90.2167,25.5144,6.2,12.5,45.1,124.8,23.9,316.0,13.589593958391731,,Nd2-2b,Nd,0
2016-04-22 02:30:00,"Tawang, Arunachal Pradesh","TRMM shows no significant rainfall accumulation. Article: Continuous rain in the last couple of days led to a landslide at Famla village in Arunachal Pradesh's Tawang district early Friday, killing 17 people.",continuous_rain,India,IN,Arunachal Pradesh,91.8569,27.5799,11.02,58.47,118.9,142.58,26.43,2757.0,26.387393427090977,5.0,Ao80-2bc,Ao,1
2021-07-10 00:00:00,Synthetic negative example,No recorded landslide at this location on 2021-07-10,none,India,IN,Nagaland,94.2442,26.1677,12.7,44.7,59.5,128.3,21.1,774.0,12.19922578147437,100.0,Ao76-2/3c,Ao,0
2011-09-01 00:00:00,Synthetic negative example,No recorded landslide at this location on 2011-09-01,none,India,IN,Arunachal Pradesh,93.7525,27.1614,3.3,5.6,11.8,109.2,3.3,152.0,3.1207434178512083,,Be82-a,Be,0
2013-06-25 00:00:00,Synthetic negative example,No recorded landslide at this location on 2013-06-25,none,India,IN,Sikkim,88.559,27.3773,19.1,53.800000000000004,225.5,264.7,71.0,1479.0,34.577439865993604,25.0,Bd32-2bc,Bd,0
2021-09-05 00:00:00,Synthetic negative example,No recorded landslide at this location on 2021-09-05,none,India,IN,Nagaland,95.029,26.72,9.6,13.7,42.8,126.89999999999999,11.6,689.0,8.43238623760218,5.0,Ao76-2/3c,Ao,0
2023-07-01 00:00:00,Synthetic negative example,No recorded landslide at this location on 2023-07-01,none,India,IN,Sikkim,88.38,27.1499,9.4,30.9,82.5,232.9,19.4,1105.0,30.203926293037487,25.0,Rd29-1a,Rd,0
2021-06-12 00:00:00,Synthetic negative example,No recorded landslide at this location on 2021-06-12,none,India,IN,Meghalaya,91.8666,25.5772,17.1,43.2,87.0,212.2,35.2,1473.0,11.687392758994248,5.0,Ao74-2b,Ao,0
2015-09-09 00:00:00,Synthetic negative example,No recorded landslide at this location on 2015-09-09,none,India,IN,Meghalaya,91.27,25.52,4.5,10.3,97.3,546.4,36.1,1346.0,10.988566845299832,,Ao75-2b,Ao,0
2014-09-02 00:00:00,Synthetic negative example,No recorded landslide at this location on 2014-09-02,none,India,IN,Nagaland,94.8833,26.4333,88.6,116.8,141.7,294.8,88.6,554.0,27.021028298552192,25.0,Ao76-2/3c,Ao,0
2019-09-04 00:00:00,Synthetic negative example,No recorded landslide at this location on 2019-09-04,none,India,IN,Manipur,94.4703,25.6633,0.8,6.0,18.8,37.6,4.7,1447.0,8.21793936850887,5.0,Ao76-2/3c,Ao,0
2019-07-17 00:00:00,Synthetic negative example,No recorded landslide at this location on 2019-07-17,none,India,IN,Manipur,94.1383,25.48,0.6,8.1,101.9,300.3,35.9,1699.0,16.072160878428527,1.0,Ao76-2/3c,Ao,0
2012-07-10 00:00:00,Synthetic negative example,No recorded landslide at this location on 2012-07-10,none,India,IN,Nagaland,94.04619681,25.70223725,13.3,62.8,116.1,223.2,38.9,1013.0,9.356034364378676,5.0,Ao76-2/3c,Ao,0
2010-10-08 00:00:00,"Sahong, Tabu and Pani village under Tadubi police station of Senapati district, NH-39","Unable to negotiate muddy steep portions on NH-39, over 200 Imphal bound freight trucks including inter-state passenger buses coming from Dimapur side were stranded at Mao area, official reports received here said. A report from Mao police, confirming the report said that the vehicles were stranded as mud brought down by streams piled up on the highway at Sahong village and its nearby areas where minor landslides occurred two days back. Reports said that due to heavy shower in the last few days, landslides occurred at Sahong, Tabu and Pani village under Tadubi police station of Senapati district. The landslides had been cleared but huge masses of mud brought down by the streams have affected the traffic movement.",downpour,India,IN,Nagaland,94.1351,25.4769,52.1,92.98,96.35,126.23,52.1,1673.0,19.73007978274894,5.0,Ao76-2/3c,Ao,1
2012-08-25 00:00:00,Synthetic negative example,No recorded landslide at this location on 2012-08-25,none,India,IN,Assam,91.7702,26.1768,11.3,34.4,149.2,300.3,59.9,83.0,30.11204693140904,1.0,Ao79-a,Ao,0
2009-08-20 00:00:00,"NH31A, Mile 27 near Rambi","Vehicles ply on 27 Mile, a landslide-affected stretch of NH31A, after fresh mudslide on Monday. The rain-triggered landslides and cave-ins have reduced the highway to a potholed and slushy track at numerous places, leading to frequent traffic jams and increase in travel time from two hours to more than double for Siliguri-bound vehicles from here on National Highway 31-A, lifeline for Sikkim and Kalimpong At least 10 places along the Highway had been hit by landslides, triggered by torrential rains over the past week. All these stretches, except Mile 27 area near Rambi have been cleared by the Border Roads Organisation (BRO).",downpour,India,IN,Sikkim,88.5287,27.1761,47.06,120.65,200.19,260.94,47.06,296.0,10.768510295209571,25.0,Bd32-2bc,Bd,1
2010-09-15 00:00:00,Synthetic negative example,No recorded landslide at this location on 2010-09-15,none,India,IN,Nagaland,94.1072,25.6623,22.7,76.1,119.3,205.2,39.7,1382.0,9.350342558119696,1.0,Ao76-2/3c,Ao,0
2012-07-10 00:00:00,Synthetic negative example,No recorded landslide at this location on 2012-07-10,none,India,IN,Nagaland,94.13,25.83,22.6,88.30000000000001,157.5,214.0,45.6,1014.0,8.821089630664796,,Ao76-2/3c,Ao,0
2014-09-08 00:00:00,Kiphire-Seyochung road near Yangzitong village,"Kiphire-Seyochung road via Lukhami village has been blocked since Monday last after the heavy landslide occurred near Yangzitong village under Seyochung sub-division of Kiphire district. The road is considered to be the lifeline of Lukhami , Phisami, Shothumi “A”  and “B” villages,  however owing to the mudslide these villages have been sandwiched in the middle for almost a week.",unknown,India,IN,Nagaland,94.6279,25.9466,3.11,20.52,21.92,45.85,12.81,1387.0,24.372477818489617,25.0,Ao76-2/3c,Ao,1
2016-07-19 00:00:00,"Rongthragittim Songittal village, near Sibbari, South Garo Hills District, Meghalaya, India",At least three houses were destroyed and over a hundred others displaced by a massive landslide near Sibbari in Meghalaya's South Garo Hills District. A large portion of a hill came sliding down on Tuesday at Rongthragittim Songittal village due to incessant rains in the region for over six days. Such was the force with which the portion of the hill came down that some of the displaced houses were pushed as far away as hundred meters from their original position. No causalities have been reported due to the incident.,continuous_rain,India,IN,Meghalaya,90.5573,25.203,39.27,219.59,326.26,408.9,98.45,139.0,16.68948805959749,5.0,Nd2-2b,Nd,1
2017-08-23 00:00:00,Synthetic negative example,No recorded landslide at this location on 2017-08-23,none,India,IN,Manipur,94.3551,24.819,3.4,12.9,30.2,102.4,8.8,1597.0,26.68126632136219,10.0,Bh16-2/3c,Bh,0
2018-07-15 00:00:00,Synthetic negative example,No recorded landslide at this location on 2018-07-15,none,India,IN,Assam,94.693,26.7103,15.1,53.9,127.2,247.4,29.3,687.0,12.53647418327811,10.0,Ao76-2/3c,Ao,0
2013-07-12 23:00:00,"National Highway 2 Near Phesama Village Close To Kisama Naha Heritage Site, Kohima District, Nagaland","Inter-State bus services in Manipur have been suspended for the past three days following the landslide on the National Highway near Kohima on Friday night. A 200 feet stretch of National Highway (NH 2) near Phesama village close to Kisama Naha heritage site in NagalandÕs Kohima district which connects Manipur with the rest of the country, has been washed away following heavy downpour on July 12 night.",downpour,India,IN,Nagaland,94.1167,25.616,18.68,107.07,129.82,199.35,51.78,1589.0,29.56631726951452,10.0,Ao76-2/3c,Ao,1
2020-08-25 00:00:00,Synthetic negative example,No recorded landslide at this location on 2020-08-25,none,India,IN,Nagaland,94.5438,26.2083,19.6,24.700000000000003,104.9,246.3,33.9,1477.0,7.149705606575251,1.0,Ao76-2/3c,Ao,0
2019-09-11 00:00:00,Synthetic negative example,No recorded landslide at this location on 2019-09-11,none,India,IN,Manipur,94.0906,23.9278,17.8,41.6,108.80000000000001,197.4,23.6,935.0,13.089378757745736,5.0,Bf17-2c,Bf,0
2013-09-03 00:00:00,Synthetic negative example,No recorded landslide at this location on 2013-09-03,none,India,IN,Assam,94.9275,26.8727,8.8,37.5,68.5,145.2,19.7,134.0,2.273255293928232,25.0,Af48-2ab,Af,0
2020-09-11 00:00:00,Synthetic negative example,No recorded landslide at this location on 2020-09-11,none,India,IN,Nagaland,94.6055,26.1498,26.1,53.900000000000006,70.8,123.4,26.1,1699.0,30.860938989120513,10.0,Ao76-2/3c,Ao,0
2016-09-05 00:00:00,Synthetic negative example,No recorded landslide at this location on 2016-09-05,none,India,IN,Nagaland,94.1739,25.8782,18.1,50.6,79.3,123.9,22.1,1349.0,23.36421636275217,10.0,Ao76-2/3c,Ao,0
2015-07-27 00:00:00,Synthetic negative example,No recorded landslide at this location on 2015-07-27,none,India,IN,Manipur,94.48265093,25.31006064,27.7,32.9,100.8,360.2,29.3,1528.0,30.18256697884878,25.0,Bh16-2/3c,Bh,0
2012-06-25 18:00:00,"Sonaighuli area near Kahilipara, Guwahati City, Assam","A woman was killed and a man injured in landslide in Guwahati city on Monday evening, June 25, police said. The incident took place at Sonaighuli area near Kahilipara in the city on Monday evening, when a woman was hit by a rock during landslide after heavy rain in previous 48 hours. The deceased was identified as Pinky Mondal. n the same incident, a person named Anup Mondal was also injured, and he was admitted to the Guwahati Medical College hospital for treatment.",downpour,India,IN,Assam,91.7369,26.1049,100.21,151.86,234.0,352.79,100.21,156.0,16.672500924387776,1.0,Nd2-2b,Nd,1
2015-08-11 00:00:00,Nungba,"In a press statement, ZB-AMN General Secretary Dr Gairiangmei Maringmei said due to recent incessant rain, several areas of the Zeliangrong region have experienced landslides.",continuous_rain,India,IN,Manipur,93.4251,24.7459,5.97,40.38,84.21,215.6,26.61,764.0,5.048548813150623,10.0,Bh16-2/3c,Bh,1
2022-08-18 00:00:00,Synthetic negative example,No recorded landslide at this location on 2022-08-18,none,India,IN,Mizoram,92.6724,24.042,12.7,14.899999999999999,43.2,121.8,12.7,808.0,6.133310012526581,10.0,Bd61-2c,Bd,0
2015-08-18 00:00:00,Arunachal Pradesh,"Tamil Nadu Chief Minister J Jayalalithaa today announced a solatium of Rs ten lakhs to the family of an armyman who died while involved in 'Operation Falcon' in Arunachal Pradesh on August 18. In a statement here, she said she was grieved to hear that armyman Subedar G Annamalai, hailing from Periyapalambakkam village in Vellore district, slipped and fell after evacuating his colleagues during a landslip. She said Annamalal, who was involved in wiring operations when the landslip occurred, rescued all his colleagues, but slipped and fell and suffered head injuries. He died on the spot. Expressing her heartfelt condolences to the bereaved family, Ms Jayalalithaa announced a solatium of Rs ten lakhs to the family.",unknown,India,IN,Arunachal Pradesh,94.7596,28.1737,25.29,66.26,138.52,259.12,31.71,568.0,22.113876912814764,,Ao80-2bc,Ao,1
2019-08-14 00:00:00,Synthetic negative example,No recorded landslide at this location on 2019-08-14,none,India,IN,Nagaland,94.1884,25.3833,11.6,22.8,59.5,140.0,16.0,1679.0,28.085541778829267,5.0,Ao76-2/3c,Ao,0
2020-09-08 00:00:00,Synthetic negative example,No recorded landslide at this location on 2020-09-08,none,India,IN,Assam,92.8573,25.1175,1.5,12.1,19.6,156.4,7.0,151.0,8.522096262869733,5.0,Ao76-2/3c,Ao,0
2016-08-16 00:00:00,Synthetic negative example,No recorded landslide at this location on 2016-08-16,none,India,IN,Manipur,94.0644,24.4072,8.4,11.1,27.5,85.0,11.9,1169.0,30.250220321793236,5.0,Ao76-2/3c,Ao,0
2016-05-18 08:00:00,"Sonachirra, Karimganj district, Assam, India","Estimated location. Ten people were killed in landslides in Karimganj and Hailakandi districts in Barak Valley in Assam on Wednesday following incessant rains. Five members of a family were killed in a landslide at Sonachirra in Karimganj district in the wee hours, a police official said. The landslip, triggered by incessant rains, buried a house on the edge of a hill killing the five people. Among the victims are a man, his wife and their daughter and two sons. The area has been hit by continuous rains for the past three days.",continuous_rain,India,IN,Assam,92.4943,24.4638,75.63,179.71,267.55,301.52,75.63,94.0,12.933283004058028,10.0,Bd61-2c,Bd,1
2011-08-01 00:00:00,Synthetic negative example,No recorded landslide at this location on 2011-08-01,none,India,IN,Assam,92.7264,24.5204,4.4,8.6,142.29999999999998,419.9,112.1,42.0,1.3764031215077237,1.0,Gd25-2a,Gd,0
2015-06-01 00:00:00,Synthetic negative example,No recorded landslide at this location on 2015-06-01,none,India,IN,Assam,91.7645,26.1407,2.6,53.2,127.5,180.9,57.1,61.0,2.96212250130175,5.0,Af48-2ab,Af,0
2014-09-24 00:00:00,Meghalaya,"""The number of deaths due to flash floods and landslides is 59 while five persons are still missing,"" Deputy Chief Minister and Revenue and Disaster Management Minister Roytre C Laloo said.  ""We have almost completed compiling our assessment of the damages caused by the flash floods and landslides. We hope to be able to complete it soon,"" Laloo said.  The recovery of more bodies was made after water receded in several places in the plain areas of West Garo Hills and also in East Khasi Hills district, Revenue and Disaster Management Principal Secretary P K Srivastava said.  The September 24 cloudburst that continued for a week affected over two lakh people.  The state government said flash floods and landslides damaged Rs 2,000 crore worth properties including livestock, roads, bridges, and agricultural produce.",continuous_rain,India,IN,Meghalaya,90.5763,25.8143,9.55,193.47,324.36,382.08,150.34,59.0,2.2560210150566906,,Nd2-2b,Nd,1
2023-08-28 00:00:00,Synthetic negative example,No recorded landslide at this location on 2023-08-28,none,India,IN,Assam,92.801,25.0477,33.1,122.2,214.6,253.5,52.4,169.0,26.744232985272472,25.0,Gd25-2a,Gd,0
2018-08-27 00:00:00,Synthetic negative example,No recorded landslide at this location on 2018-08-27,none,India,IN,Nagaland,94.8422,26.148,55.8,150.1,219.1,250.4,55.8,1506.0,33.88948141819591,10.0,Ao76-2/3c,Ao,0
2014-09-22 00:00:00,Dhirenpara,"On the other hand, several incidents of landslides were reported from Dhirenpara, Koinadhara, Gorhchuk, Noonmati and Pamohi.",rain,India,IN,Assam,91.7056,26.1295,126.76,191.59,231.7,266.59,126.76,142.0,5.55400861892472,5.0,Ao79-a,Ao,1
2012-06-14 04:00:00,"Tathangchen, Gangtok, Sikkim ","The continuous rainfall triggered a landslide on Thursday  morning at 4 am near Kamala Gas agency at Tathangchen, Gangtok.  Though no casualties were reported but the landslide has posed threat to some of the residence. Immediately after the occurrence the ward councilor, Mayor KN Topgay, Deputy Mayor Shakti Singh Chowdhury reached the spot.",downpour,India,IN,Sikkim,88.6065,27.339,0.38,1.05,3.53,17.79,0.77,1501.0,16.261579422291064,5.0,Bd32-2bc,Bd,1
2023-09-26 00:00:00,Synthetic negative example,No recorded landslide at this location on 2023-09-26,none,India,IN,Manipur,93.4957,24.8961,8.4,19.3,128.3,150.6,57.1,1056.0,39.91619716692816,5.0,Bh16-2/3c,Bh,0
2015-07-18 00:00:00,Synthetic negative example,No recorded landslide at this location on 2015-07-18,none,India,IN,Meghalaya,92.3825,25.2568,25.6,139.5,263.9,376.7,97.3,798.0,8.522642338386635,25.0,Ao74-2b,Ao,0
2015-08-01 00:00:00,near S Lamphei Lamkhai and Sehlon village,landslide near S Lamphei Lamkhai and Sehlon village had taken place,continuous_rain,India,IN,Manipur,94.0573,23.9939,5.31,82.66,101.37,180.8,60.55,976.0,12.803323355556538,50.0,Bh16-2/3c,Bh,1
2018-07-22 00:00:00,Synthetic negative example,No recorded landslide at this location on 2018-07-22,none,India,IN,Meghalaya,91.2698,25.4916,9.0,15.1,73.8,151.7,39.8,1493.0,11.383724956082276,50.0,Ao75-2b,Ao,0
2014-09-09 00:00:00,Synthetic negative example,No recorded landslide at this location on 2014-09-09,none,India,IN,Arunachal Pradesh,93.7706,27.1249,12.0,33.199999999999996,50.9,89.0,16.4,157.0,30.203926293037487,5.0,Be82-a,Be,0
2021-09-12 00:00:00,Synthetic negative example,No recorded landslide at this location on 2021-09-12,none,India,IN,Meghalaya,91.8744337,26.09748244,0.0,1.6,139.6,199.5,131.9,185.0,35.452827191558235,25.0,Nd2-2b,Nd,0
2014-06-17 00:00:00,Synthetic negative example,No recorded landslide at this location on 2014-06-17,none,India,IN,Nagaland,94.5238,26.0093,30.0,50.9,97.7,145.2,30.0,1808.0,20.62758173058563,5.0,Ao76-2/3c,Ao,0
2019-08-07 00:00:00,Synthetic negative example,No recorded landslide at this location on 2019-08-07,none,India,IN,Mizoram,93.0748,23.3439,45.9,51.1,75.3,128.4,45.9,1323.0,36.63368662586392,25.0,Bh16-2/3c,Bh,0
2022-09-04 00:00:00,Synthetic negative example,No recorded landslide at this location on 2022-09-04,none,India,IN,Mizoram,92.9296,23.591,0.9,18.6,24.6,72.3,14.1,802.0,14.408778587162091,25.0,Bh16-2/3c,Bh,0
2017-06-09 00:00:00,Synthetic negative example,No recorded landslide at this location on 2017-06-09,none,India,IN,Manipur,94.0691,24.2451,2.0,4.2,24.8,227.0,9.4,1281.0,25.95439328643043,25.0,Bh16-2/3c,Bh,0
2017-06-18 00:00:00,Synthetic negative example,No recorded landslide at this location on 2017-06-18,none,India,IN,Nagaland,94.1399,25.4788,41.7,98.8,177.7,208.6,57.4,1640.0,14.637633427177526,10.0,Ao76-2/3c,Ao,0
2018-06-15 00:00:00,Synthetic negative example,No recorded landslide at this location on 2018-06-15,none,India,IN,Assam,93.4341,24.7625,35.8,170.0,334.9,406.9,121.1,657.0,36.59719885359989,10.0,Bh16-2/3c,Bh,0
2023-06-04 00:00:00,Synthetic negative example,No recorded landslide at this location on 2023-06-04,none,India,IN,Assam,91.25,26.3333,1.4,2.5,3.9,96.5,1.4,41.0,1.3878521111919373,50.0,Ao79-a,Ao,0
2021-08-01 00:00:00,Synthetic negative example,No recorded landslide at this location on 2021-08-01,none,India,IN,Assam,94.1167,27.2333,46.8,100.1,118.5,171.4,46.8,87.0,2.2793545475188526,50.0,Be82-a,Be,0
2010-07-11 00:00:00,Synthetic negative example,No recorded landslide at this location on 2010-07-11,none,India,IN,Sikkim,88.5287,27.1761,50.7,305.6,397.3,581.0,237.5,296.0,10.768510295209571,25.0,Bd32-2bc,Bd,0
2011-09-07 00:00:00,Synthetic negative example,No recorded landslide at this location on 2011-09-07,none,India,IN,Manipur,94.0691,24.2451,17.5,81.1,88.89999999999999,119.0,61.3,1281.0,25.95439328643043,25.0,Bh16-2/3c,Bh,0
2018-06-12 00:00:00,Synthetic negative example,No recorded landslide at this location on 2018-06-12,none,India,IN,Meghalaya,91.8695,26.048,4.9,10.5,57.4,94.7,20.5,72.0,12.284413866136306,1.0,Nd2-2b,Nd,0
2022-07-28 00:00:00,Synthetic negative example,No recorded landslide at this location on 2022-07-28,none,India,IN,Assam,93.4108,24.7679,14.2,17.8,59.0,135.6,22.9,508.0,24.05432434868892,25.0,Bh16-2/3c,Bh,0
2023-07-08 00:00:00,Synthetic negative example,No recorded landslide at this location on 2023-07-08,none,India,IN,Assam,91.7056,26.1295,2.9,52.0,132.5,298.8,35.8,142.0,5.55400861892472,5.0,Ao79-a,Ao,0
2016-08-16 00:00:00,Synthetic negative example,No recorded landslide at this location on 2016-08-16,none,India,IN,Manipur,93.5039,24.7543,1.4,12.8,56.8,189.3,16.5,403.0,16.099431076325118,50.0,Bh16-2/3c,Bh,0
2011-05-22 00:00:00,"Kaiphundai(?)-Tousem(in Assam) road, Tamenglong district, Manipur","May 23 2011: Heavy rainfall caused landslides at three different places along Kaiphundai-Tousem road, the only lifeline of the villagers of restive Tousem Sub-Division of Tamenglong district.  The landslides occurred between New Mandeu and Mandeu village and at Tamenglong-Tousem-Haflong road, said a press release issued by Executive Member of Tamenglong ADC, MP Guang.",downpour,India,IN,Assam,93.4093,25.0672,12.35,93.39,115.49,136.98,47.2,459.0,17.05316578885703,25.0,Bh16-2/3c,Bh,1
2021-08-13 00:00:00,Synthetic negative example,No recorded landslide at this location on 2021-08-13,none,India,IN,Nagaland,94.5438,26.2083,5.4,32.8,68.7,184.6,22.6,1477.0,7.149705606575251,1.0,Ao76-2/3c,Ao,0
2018-07-19 00:00:00,Synthetic negative example,No recorded landslide at this location on 2018-07-19,none,India,IN,Assam,91.8342,26.1324,0.3,16.2,63.3,123.2,30.4,67.0,2.7771727466475022,5.0,Nd2-2b,Nd,0
2014-09-03 00:00:00,Synthetic negative example,No recorded landslide at this location on 2014-09-03,none,India,IN,Nagaland,94.5808,26.284,6.9,32.1,61.5,161.7,20.6,731.0,28.13851561288479,5.0,Ao76-2/3c,Ao,0
2018-08-12 00:00:00,Synthetic negative example,No recorded landslide at this location on 2018-08-12,none,India,IN,Nagaland,94.1327,25.4786,17.3,38.2,92.5,234.0,28.8,1751.0,9.58752644399106,5.0,Ao76-2/3c,Ao,0
2016-08-11 00:00:00,Synthetic negative example,No recorded landslide at this location on 2016-08-11,none,India,IN,Nagaland,94.2442,26.1677,5.5,34.6,106.80000000000001,215.0,27.6,774.0,12.19922578147437,100.0,Ao76-2/3c,Ao,0
2014-08-04 00:00:00,Synthetic negative example,No recorded landslide at this location on 2014-08-04,none,India,IN,Assam,92.3814,24.6005,3.6,26.1,90.8,221.6,20.8,86.0,17.429220646877386,25.0,Ge53-3a,Ge,0
2014-08-22 00:00:00,Synthetic negative example,No recorded landslide at this location on 2014-08-22,none,India,IN,Manipur,93.5444,24.8142,6.7,25.3,68.7,199.8,16.5,519.0,34.77802218832971,50.0,Bh16-2/3c,Bh,0
2023-07-24 00:00:00,Synthetic negative example,No recorded landslide at this location on 2023-07-24,none,India,IN,Assam,91.802,26.1966,30.2,76.7,106.6,202.70000000000002,30.2,105.0,10.085476299962467,5.0,Ao79-a,Ao,0
2014-09-22 00:00:00,Batahghuli,"Flash flood and landslides continued to cause devastation in Guwahati for the second day today with the death toll due to landslip rising to four. Two persons died in two separate incidents of landslides in Lalmati and Dakhingaon, whereas a woman was injured in another landslide incident at Batahghuli.",rain,India,IN,Assam,91.8342,26.1324,126.76,191.59,231.7,266.59,126.76,67.0,2.7771727466475022,5.0,Nd2-2b,Nd,1
2012-07-04 00:00:00,Synthetic negative example,No recorded landslide at this location on 2012-07-04,none,India,IN,Arunachal Pradesh,92.8,27.7,106.5,167.4,248.1,723.6,106.5,2445.0,17.488372713621818,5.0,Ao80-2bc,Ao,0
2007-09-29 00:00:00,"National Highway, 45 Aizwal (Mizoram)","unsure of exact day, landslides blocked road somewhere in province",rain,India,IN,Mizoram,92.6921,24.1293,4.42,4.61,5.81,11.45,4.42,822.0,12.81474088364528,50.0,Bd61-2c,Bd,1
2017-07-06 00:00:00,Synthetic negative example,No recorded landslide at this location on 2017-07-06,none,India,IN,Sikkim,88.4397,27.0816,20.9,145.0,268.7,478.7,65.4,249.0,23.119881010719286,5.0,Rd29-1a,Rd,0
2007-08-26 00:00:00,Tamenglong,"man killed along road cut, many events in this area affecting people and livestock, occurred at 5:30 pm",continuous_rain,India,IN,Manipur,93.55,24.9667,5.9,7.74,30.56,82.37,14.75,568.0,22.8550987968422,5.0,Bh16-2/3c,Bh,1
2010-06-02 00:00:00,Synthetic negative example,No recorded landslide at this location on 2010-06-02,none,India,IN,Manipur,94.0564,24.4279,1.1,8.0,51.2,101.0,19.6,895.0,8.395047652311604,50.0,Ao76-2/3c,Ao,0
2023-07-09 00:00:00,Synthetic negative example,No recorded landslide at this location on 2023-07-09,none,India,IN,Manipur,94.0984,24.416,3.6,13.4,52.3,99.5,21.4,1368.0,20.935033326099376,5.0,Bh16-2/3c,Bh,0
2020-07-25 00:00:00,Synthetic negative example,No recorded landslide at this location on 2020-07-25,none,India,IN,Nagaland,94.04619681,25.70223725,1.6,165.7,236.9,382.1,107.2,1013.0,9.356034364378676,5.0,Ao76-2/3c,Ao,0
2022-06-07 00:00:00,Synthetic negative example,No recorded landslide at this location on 2022-06-07,none,India,IN,Mizoram,92.7187,23.7313,0.1,3.6,23.3,47.5,8.6,1024.0,15.805360539732332,5.0,Bd61-2c,Bd,0
2014-08-01 00:00:00,Synthetic negative example,No recorded landslide at this location on 2014-08-01,none,India,IN,Assam,91.7896,26.1844,9.7,50.5,170.2,318.3,70.3,61.0,4.818259994255743,5.0,Af48-2ab,Af,0
2009-08-30 00:00:00,"Road stretch from Gammom to Chamu village, under Kamjong block, Ukhrul district, Manipur","Following heavy landslide on the road stretch from Gammom to Chamu village, under Kamjong block, Ukhrul district, several villages have been cut off from the outside world for the last seven days. Eight villages are situated along the 8 km stretch of road between Gammom and Chamu, which is near the Indo-Myanmar border, around 123 kms from the district headquarters.",downpour,India,IN,Manipur,94.4182,24.8628,4.61,5.06,15.64,71.05,4.9,910.0,36.03357894696324,50.0,Bh16-2/3c,Bh,1
2018-06-07 00:00:00,Synthetic negative example,No recorded landslide at this location on 2018-06-07,none,India,IN,Manipur,94.3429,24.3527,22.6,40.1,112.9,172.3,45.0,283.0,13.266819111186056,10.0,,,0
2017-09-05 00:00:00,Synthetic negative example,No recorded landslide at this location on 2017-09-05,none,India,IN,Assam,93.4093,25.0672,8.6,72.0,168.0,269.2,48.8,459.0,17.05316578885703,25.0,Bh16-2/3c,Bh,0
2016-09-20 00:00:00,Synthetic negative example,No recorded landslide at this location on 2016-09-20,none,India,IN,Sikkim,88.3651,27.1675,48.8,83.69999999999999,136.0,344.7,48.8,1509.0,20.42254604983192,5.0,Rd29-1a,Rd,0
2010-06-09 14:15:00,"Ishok Chingphu(?), Bishnupur, Assam","Imphal, June 09 2010: Three houses were damaged in mudslide from the hill at Ishok Chingphu in Bishnupur district today causing damaged to properties worth around Rs 2 lakh.  The collapsed houses belonged to Pukhrambam Rame son of Chaoba, Huidrom Shamu and Naorem Bisheshwar.  Most part of the house of Rame had been destroyed in the mudslide occurred at about 2.15 pm.",downpour,India,IN,Meghalaya,91.2,25.8833,21.72,69.05,217.88,330.9,76.74,252.0,26.701404884610746,50.0,Nd2-2b,Nd,1
2020-07-08 00:00:00,Synthetic negative example,No recorded landslide at this location on 2020-07-08,none,India,IN,Arunachal Pradesh,93.7273,27.0011,9.5,35.4,104.1,212.1,27.8,105.0,2.2754136063184394,,Be82-a,Be,0
2013-06-14 00:00:00,Synthetic negative example,No recorded landslide at this location on 2013-06-14,none,India,IN,Nagaland,94.1079,25.4191,3.6,3.6,47.8,153.6,22.9,1392.0,10.209837985587429,5.0,Ao76-2/3c,Ao,0
2012-06-02 00:00:00,"Guwahati, Assam","South Assam's Barrak valley has been cut off from the rest of the country due to heavy landslides. Northeast Frontier Railway sources said heavy rain have caused landslide in five places between Haranjao and Mailongdifa railway stations. A ""small"" track will be cleared within a couple of hours but the bigger one will take time but the work is on full swing, officials said. Due to this normal train services between Silchar, Lumding and Guwahati will be suspended.",downpour,India,IN,Assam,91.7356,26.1475,12.72,43.71,113.79,138.66,59.2,52.0,0.0,5.0,Ao79-a,Ao,1
2011-07-27 00:00:00,Synthetic negative example,No recorded landslide at this location on 2011-07-27,none,India,IN,Assam,91.6739,26.1868,12.9,45.7,196.7,429.2,80.6,49.0,2.9622641720368694,1.0,Ao79-a,Ao,0
2014-07-02 00:00:00,Synthetic negative example,No recorded landslide at this location on 2014-07-02,none,India,IN,Assam,93.5063,24.9829,10.3,20.1,53.4,224.4,15.9,1305.0,31.44272371697256,5.0,Bh16-2/3c,Bh,0
2016-08-25 00:00:00,Synthetic negative example,No recorded landslide at this location on 2016-08-25,none,India,IN,Assam,93.3613,25.5125,12.9,13.5,27.200000000000003,56.8,13.3,317.0,8.604664913794034,,Af47-2b,Af,0
2022-07-14 00:00:00,Synthetic negative example,No recorded landslide at this location on 2022-07-14,none,India,IN,Sikkim,88.35,27.1667,4.8,58.0,139.2,263.2,28.6,1154.0,24.48993370133901,50.0,Rd29-1a,Rd,0
2013-08-16 00:00:00,"Tobu, Nagaland","Besides massive mudslide near Yakshu field, multiple landslide/ mudslides along the Tobu road between 71 BRTF camp to Kimang river have occurred affecting the roads by washing away culverts and blocking the roads. All minor landslides/mudslides have been cleared by the BRTF. The landslide and mudslide have also affected many paddy fields of that area.",rain,India,IN,Nagaland,94.9439,26.3897,39.28,53.14,98.45,217.87,39.28,522.0,5.15715117338214,10.0,Bh16-2/3c,Bh,1
2014-08-07 00:00:00,Synthetic negative example,No recorded landslide at this location on 2014-08-07,none,India,IN,Arunachal Pradesh,94.8885,28.9986,33.3,76.1,132.0,210.7,33.3,587.0,9.700569437024638,5.0,I-Af-Bd-2c,I,0
2017-09-03 00:00:00,Synthetic negative example,No recorded landslide at this location on 2017-09-03,none,India,IN,Sikkim,88.42572376,27.05374234,27.5,120.4,171.4,290.6,57.3,229.0,28.07860733151429,1.0,Rd29-1a,Rd,0
2021-09-18 00:00:00,Synthetic negative example,No recorded landslide at this location on 2021-09-18,none,India,IN,Manipur,94.1434,23.899,57.7,97.9,135.0,209.6,57.7,259.0,13.342372695937204,5.0,Bf17-2c,Bf,0
2010-08-20 00:00:00,"many locations around Namchi, Sikkim","Posted by Barun Roy on August 21st, 2010  Namchi: The heavy down pour last two days resulted in much damages at two Gram Panchayat units Lingee-Sokpay and Payoung-Kaw under Yangyany Block Administrative Centre. Kubernath Timshina, Panchayat President of Payoung-Kaw GPU, informs that in the wake of a huge landslide the family members and live stock of Ambika Prashad Adhakari of Millde Payoung have been shifted to other safe place since his house was heavily damaged by the slide.  The houses of Hemlal Adhakari and Rabilal Adhakari of Middle Payoung are also on the verge of collapse due to a heavy mud slip from the new cutting of PWD road. At Lingee village, following heavy rainfall the kitchen of Bhakti Maya Dabhari was completely buried by landslide and her house was also partly damaged. In Dara Karhaha ward of Payoung-Kaw Gram Panchayat Unit, the house of Tek Bdr. Rai was heavily damaged by the new cutting of PMGSY road and if the rain continues for one more day he has to be shifted to",downpour,India,IN,Sikkim,88.3652,27.167,5.94,55.21,177.09,210.69,68.88,1483.0,23.74809153558515,10.0,Rd29-1a,Rd,1
2011-07-05 00:00:00,Synthetic negative example,No recorded landslide at this location on 2011-07-05,none,India,IN,Arunachal Pradesh,93.871,27.6438,24.4,60.3,144.6,270.1,24.9,1708.0,22.834392972989953,10.0,Ao80-2bc,Ao,0
2015-08-11 00:00:00,Tousem,"In a press statement, ZB-AMN General Secretary Dr Gairiangmei Maringmei said due to recent incessant rain, several areas of the Zeliangrong region have experienced landslides.",continuous_rain,India,IN,Manipur,93.3729,25.1019,5.63,34.46,86.02,206.7,35.34,1140.0,8.129596852486529,5.0,Bd61-2c,Bd,1
2014-06-01 00:00:00,Synthetic negative example,No recorded landslide at this location on 2014-06-01,none,India,IN,Nagaland,93.9413,25.7658,2.6,4.5,25.900000000000002,50.2,6.4,808.0,44.2276920510005,50.0,Ao76-2/3c,Ao,0
2014-09-06 00:00:00,Synthetic negative example,No recorded landslide at this location on 2014-09-06,none,India,IN,Arunachal Pradesh,95.4993,26.9986,17.4,47.099999999999994,80.69999999999999,161.7,17.4,641.0,31.568430941138818,50.0,Ao76-2/3c,Ao,0
2014-09-05 00:00:00,Synthetic negative example,No recorded landslide at this location on 2014-09-05,none,India,IN,Manipur,94.3591,25.1122,5.1,10.799999999999999,39.7,76.6,21.1,1848.0,17.243893132265686,10.0,Bh16-2/3c,Bh,0
2016-08-26 00:00:00,Synthetic negative example,No recorded landslide at this location on 2016-08-26,none,India,IN,Arunachal Pradesh,96.5316,28.0822,2.8,6.3,64.7,168.2,23.9,582.0,31.735828847521173,1.0,I-Af-Bd-2c,I,0
2015-08-02 00:00:00,Meluri Sub-Division in Phek District of Nagaland,Incessant rains for the past few days have caused mud slips and landslide in some areas under Meluri Sub-Division in Phek District of Nagaland.,continuous_rain,India,IN,Nagaland,94.6219,25.72,0.7,71.33,99.02,175.29,64.07,1708.0,46.91495762766459,10.0,Ao76-2/3c,Ao,1
2018-06-18 00:00:00,Synthetic negative example,No recorded landslide at this location on 2018-06-18,none,India,IN,Mizoram,92.967,22.479,3.9,14.5,243.70000000000002,841.4,88.0,443.0,19.352435158845225,25.0,Bh16-2/3c,Bh,0
2011-07-17 00:00:00,Synthetic negative example,No recorded landslide at this location on 2011-07-17,none,India,IN,Nagaland,94.5497,26.1807,9.8,81.10000000000001,161.5,222.9,51.7,1650.0,31.579415431363547,5.0,Ao76-2/3c,Ao,0
2016-06-04 00:00:00,Synthetic negative example,No recorded landslide at this location on 2016-06-04,none,India,IN,Sikkim,88.42572376,27.05374234,0.7,1.0,16.1,64.3,7.5,229.0,28.07860733151429,1.0,Rd29-1a,Rd,0
2015-06-25 00:00:00,Synthetic negative example,No recorded landslide at this location on 2015-06-25,none,India,IN,Assam,92.5121,24.5308,10.6,66.8,149.6,210.3,29.8,58.0,10.280713071431196,1.0,Gd25-2a,Gd,0
2014-09-22 00:00:00,Dakhingaon,"Flash flood and landslides continued to cause devastation in Guwahati for the second day today with the death toll due to landslip rising to four. Two persons died in two separate incidents of landslides in Lalmati and Dakhingaon, whereas a woman was injured in another landslide incident at Batahghuli.",rain,India,IN,Assam,91.7548,26.1314,126.76,191.59,231.7,266.59,126.76,74.0,7.148839105606214,1.0,Nd2-2b,Nd,1
2013-05-11 00:00:00,"Sarania Hills, North Guwahati, Guwahati, Assam,","Landslides occurred in the Nursery area and Maligaon in Nilachal Hills, Sarania Hills and Boragaon on Saturday, alarming hill residents, whose number has crossed two lakh in Guwahati, said sources. Junu Chakraborty (50) was injured in the Nursery area after a wall of her house collapsed on Saturday morning. However, she is out of danger. There are no reports of injury from other parts of the city. A family miraculously escaped unhurt when earth fell on their house in the Sarania Hills.",rain,India,IN,Assam,91.7599,26.1771,38.98,109.25,235.03,314.09,55.66,82.0,8.895692965992287,5.0,Ao79-a,Ao,1
2010-06-20 00:00:00,Synthetic negative example,No recorded landslide at this location on 2010-06-20,none,India,IN,Assam,91.7162,26.1226,24.0,114.9,142.9,180.1,74.2,72.0,15.288279133132818,5.0,Nd2-2b,Nd,0
2013-07-17 00:00:00,"National Highway 2 Near Meriema Village, 10 Km Away From Kohima",Fresh mudslides were reported in some parts of Nagaland affecting the vehicular movements in Nagaland and Manipur. The mudslides had buried some portions of highways 2 and 29 on Tuesday. An 80 metre long breach at NH 2 near Kohima has disrupted all vehicular movements cutting off Manipur. Officials said that most of the debris were cleared by Wednesday night and vehicular movement restored. There will be free flow of traffic unless there is fresh rain.,rain,India,IN,Nagaland,94.0885,25.7131,3.66,25.34,116.75,188.57,51.78,1413.0,25.132660081730556,50.0,Ao76-2/3c,Ao,1
2012-06-25 00:00:00,"Khonsa, Arunachal Pradesh","Road communication between Khonsa, the district headquarters, and Lazu, an administrative post situated on the Myanmar border, about 40km from Khonsa, has remained cut off for the past three days following massive landslides triggered by rain at Pongkong village along the Khonsa-Lazu road.",downpour,India,IN,Arunachal Pradesh,95.4993,26.9986,36.02,76.5,135.79,244.84,36.02,641.0,31.568430941138818,50.0,Ao76-2/3c,Ao,1
2019-07-25 00:00:00,Synthetic negative example,No recorded landslide at this location on 2019-07-25,none,India,IN,Tripura,91.7599,23.8986,7.4,12.4,39.2,105.3,15.9,188.0,9.238837475306015,5.0,Bd61-2c,Bd,0
2015-08-01 00:00:00,Imphal-Ukhrul road,,continuous_rain,India,IN,Manipur,94.2156,24.954,4.9,104.34,121.77,213.52,79.86,926.0,20.94185253514824,50.0,Ao76-2/3c,Ao,1
2020-08-25 00:00:00,Synthetic negative example,No recorded landslide at this location on 2020-08-25,none,India,IN,Assam,91.8717,26.1062,2.4,12.299999999999999,53.9,144.2,26.6,246.0,6.166308477023598,5.0,Nd2-2b,Nd,0
2020-06-20 00:00:00,Synthetic negative example,No recorded landslide at this location on 2020-06-20,none,India,IN,Nagaland,94.6219,25.72,2.7,9.8,35.9,68.60000000000001,8.8,1708.0,46.91495762766459,10.0,Ao76-2/3c,Ao,0
2014-08-28 00:00:00,Synthetic negative example,No recorded landslide at this location on 2014-08-28,none,India,IN,Assam,91.6739,26.1868,7.7,38.2,87.5,194.8,19.7,49.0,2.9622641720368694,1.0,Ao79-a,Ao,0
2018-09-19 00:00:00,Synthetic negative example,No recorded landslide at this location on 2018-09-19,none,India,IN,Manipur,94.48265093,25.31006064,1.3,4.2,21.7,44.1,7.3,1528.0,30.18256697884878,25.0,Bh16-2/3c,Bh,0
2014-08-15 00:00:00,Synthetic negative example,No recorded landslide at this location on 2014-08-15,none,India,IN,Nagaland,94.1136,25.6237,30.4,61.8,83.7,201.7,30.4,1604.0,33.42494578296137,5.0,Ao76-2/3c,Ao,0
2010-04-21 00:00:00,Arunachal Pradesh ,"As per PTI report at least 12 people have died in Arunachal Pradesh due to landslides triggered by heavy rains on 21st April 2010. Landslides have cut off road links at Lohit, Upper Siang, Dibang Valley, Anjan and East Kameng districts.",downpour,India,IN,Arunachal Pradesh,96.1779,27.8965,46.75,98.64,118.19,206.16,46.75,207.0,9.350473782917254,,Af48-2ab,Af,1
2013-09-15 00:00:00,Synthetic negative example,No recorded landslide at this location on 2013-09-15,none,India,IN,Manipur,93.5291,24.7016,20.5,34.4,73.6,136.5,20.5,657.0,12.984858642158148,5.0,Bh16-2/3c,Bh,0
2017-07-24 00:00:00,Synthetic negative example,No recorded landslide at this location on 2017-07-24,none,India,IN,Manipur,94.3591,25.1122,18.7,29.5,90.3,191.1,33.7,1848.0,17.243893132265686,10.0,Bh16-2/3c,Bh,0
2019-07-09 00:00:00,Synthetic negative example,No recorded landslide at this location on 2019-07-09,none,India,IN,Mizoram,92.7141905,23.74182634,26.4,74.8,111.7,131.8,26.4,930.0,14.76547201733368,1.0,Bd61-2c,Bd,0
2010-06-17 00:00:00,Synthetic negative example,No recorded landslide at this location on 2010-06-17,none,India,IN,Assam,92.3567,25.0951,17.0,64.8,169.8,589.5,46.3,233.0,23.072954772058488,50.0,Ge53-3a,Ge,0
2010-08-19 00:00:00,"2 km from Khongsang village(?), road between Tamenglong and Imphal or Nungba, Manipur","Imphal, August 20 2010:   At the same time, another landslide had occurred yesterday near Kisima between Mao Gate and Kohima which virtually cut off the Nagaland capital from the rest of the country.  Meanwhile, our Tamenglong correspondent, Daniel Kamei reported that following heavy rains during the past week, a massive mud slide has occurred at Khongsang village which completely cut off the road between Tamenglong and Imphal.  The mudslide occurred 2 km from Khongsang.  Many vehicles bound for Imphal or Nungba have returned to Tamenglong. Uncertain date: 13 - 19th.",downpour,India,IN,Manipur,93.4957,24.8961,8.39,19.28,50.65,56.92,10.75,1056.0,39.91619716692816,5.0,Bh16-2/3c,Bh,1
2014-08-22 00:00:00,Synthetic negative example,No recorded landslide at this location on 2014-08-22,none,India,IN,Meghalaya,90.2023,25.5145,14.1,38.3,90.2,243.0,18.6,313.0,11.56504348955916,1.0,Nd2-2b,Nd,0
2017-08-22 00:00:00,Synthetic negative example,No recorded landslide at this location on 2017-08-22,none,India,IN,Assam,92.7239,24.5202,18.2,52.099999999999994,105.6,195.8,24.6,40.0,0.0,1.0,Gd25-2a,Gd,0
2023-06-14 00:00:00,Synthetic negative example,No recorded landslide at this location on 2023-06-14,none,India,IN,Assam,93.028,25.1553,9.2,10.5,101.8,111.1,42.8,573.0,23.25770246880801,25.0,Ao76-2/3c,Ao,0
2019-06-27 00:00:00,Synthetic negative example,No recorded landslide at this location on 2019-06-27,none,India,IN,Nagaland,94.1057,25.6263,4.4,9.6,79.60000000000001,295.4,29.1,1511.0,16.03432433908622,5.0,Ao76-2/3c,Ao,0
2013-06-06 00:00:00,Synthetic negative example,No recorded landslide at this location on 2013-06-06,none,India,IN,Nagaland,94.1057,25.6263,28.0,67.9,84.4,191.0,28.0,1511.0,16.03432433908622,5.0,Ao76-2/3c,Ao,0
2013-08-16 00:00:00,Synthetic negative example,No recorded landslide at this location on 2013-08-16,none,India,IN,Meghalaya,92.2121,25.463,16.1,31.400000000000002,68.2,172.1,16.1,1379.0,2.1170938186387036,5.0,Ao74-2b,Ao,0
2013-06-18 00:00:00,Synthetic negative example,No recorded landslide at this location on 2013-06-18,none,India,IN,Assam,91.72137514,26.49349035,5.6,19.1,25.1,96.3,12.8,60.0,1.388921568190823,10.0,Ao79-a,Ao,0
2015-08-01 00:00:00,Senam,"At Senam and Tengnoupal, Some people of the two villages vacated their respective houses and shifted their belongings to a safer place as crack has been developed due to landslide in the village.",continuous_rain,India,IN,Manipur,94.0984,24.416,3.7,100.7,118.29,201.72,76.06,1368.0,20.935033326099376,5.0,Bh16-2/3c,Bh,1
2012-09-28 00:00:00,Synthetic negative example,No recorded landslide at this location on 2012-09-28,none,India,IN,Arunachal Pradesh,94.25,27.8776,7.0,11.0,151.1,413.3,59.8,945.0,42.26732210621416,50.0,Ao80-2bc,Ao,0
2013-08-09 00:00:00,Synthetic negative example,No recorded landslide at this location on 2013-08-09,none,India,IN,Tripura,91.7174,23.0137,0.5,5.3,25.6,147.8,9.9,28.0,4.124319018386397,5.0,Af46-1/2a,Af,0
2010-07-21 00:00:00,Synthetic negative example,No recorded landslide at this location on 2010-07-21,none,India,IN,Nagaland,94.1076,25.682,11.5,71.9,119.4,242.4,42.3,1439.0,4.9508487656938565,1.0,Ao76-2/3c,Ao,0
2021-09-25 00:00:00,Synthetic negative example,No recorded landslide at this location on 2021-09-25,none,India,IN,Manipur,93.8443,24.9356,2.1,4.1,18.5,48.199999999999996,6.3,849.0,0.926369172997235,25.0,Ao76-2/3c,Ao,0
2013-07-03 00:00:00,Synthetic negative example,No recorded landslide at this location on 2013-07-03,none,India,IN,Nagaland,94.1162,25.4379,15.3,61.6,148.8,280.4,38.4,1497.0,16.038678192026104,50.0,Ao76-2/3c,Ao,0
2015-09-07 00:00:00,Synthetic negative example,No recorded landslide at this location on 2015-09-07,none,India,IN,Manipur,93.5935,24.8286,4.3,11.2,139.1,211.7,58.1,729.0,37.974740545343984,50.0,Bh16-2/3c,Bh,0
2023-07-09 00:00:00,Synthetic negative example,No recorded landslide at this location on 2023-07-09,none,India,IN,Assam,93.4946,24.9926,4.5,28.200000000000003,119.2,219.2,43.7,1137.0,4.479758474096997,25.0,Bh16-2/3c,Bh,0
2015-09-05 00:00:00,Synthetic negative example,No recorded landslide at this location on 2015-09-05,none,India,IN,Meghalaya,91.2,25.8833,15.2,157.6,350.3,512.3000000000001,84.2,252.0,26.701404884610746,50.0,Nd2-2b,Nd,0
2011-06-11 00:00:00,Synthetic negative example,No recorded landslide at this location on 2011-06-11,none,India,IN,Assam,91.8,26.1833,9.2,13.899999999999999,39.5,255.0,9.8,66.0,4.154096764309844,10.0,Af48-2ab,Af,0
2016-07-14 00:00:00,Synthetic negative example,No recorded landslide at this location on 2016-07-14,none,India,IN,Arunachal Pradesh,93.871,27.6438,44.2,120.2,189.6,359.2,44.2,1708.0,22.834392972989953,10.0,Ao80-2bc,Ao,0
2013-06-07 00:00:00,Synthetic negative example,No recorded landslide at this location on 2013-06-07,none,India,IN,Nagaland,94.6279,25.9466,15.3,24.4,30.8,56.2,15.3,1387.0,24.372477818489617,25.0,Ao76-2/3c,Ao,0
2011-07-14 00:00:00,Synthetic negative example,No recorded landslide at this location on 2011-07-14,none,India,IN,Nagaland,94.1211,25.5718,20.1,54.0,73.5,154.70000000000002,20.1,1623.0,11.162178370173905,10.0,Ao76-2/3c,Ao,0
2013-10-13 19:30:00,"Tusom, Manipur",Heavy rains have been lashing Tusom village of Ukhrul in Manipur for the past three days which resulted in a massive landslide here. Ukhrul district of Manipur lies close to the Indo-Myanmar border. Villagers immediately evacuated the area fearing volcanic eruptions after the massive landslide here. The mudslide was followed by eruption of black soil from a village hill by which the road linked between the districts headquarter and Tusom have been badly affected. Though this disaster took place on October 13 but it took several days for the villagers to inform the officials. A media team took two days to reach the spot due to disturbed connectivity between local areas. Some local media even wrongly reported the mudslide as volcanic eruptions.,downpour,India,IN,Manipur,94.6024,25.426,0.02,0.04,17.24,60.56,9.39,1332.0,11.959364186636996,5.0,Bh16-2/3c,Bh,1
2020-08-06 00:00:00,Synthetic negative example,No recorded landslide at this location on 2020-08-06,none,India,IN,Sikkim,88.6115,27.1954,30.2,47.1,126.1,288.1,59.8,471.0,7.161187087203872,5.0,Bd32-2bc,Bd,0
2014-07-20 00:00:00,Synthetic negative example,No recorded landslide at this location on 2014-07-20,none,India,IN,Arunachal Pradesh,93.7145,27.125,2.0,33.1,98.1,159.6,33.0,128.0,5.56896198426521,5.0,Be82-a,Be,0
2010-06-07 00:00:00,Synthetic negative example,No recorded landslide at this location on 2010-06-07,none,India,IN,Meghalaya,90.232,25.5212,4.5,78.0,262.8,397.0,78.3,580.0,20.309247989722795,10.0,Nd2-2b,Nd,0
2018-08-23 00:00:00,Synthetic negative example,No recorded landslide at this location on 2018-08-23,none,India,IN,Manipur,93.487,24.9037,41.5,65.8,81.3,143.7,41.5,1248.0,32.47374462015055,25.0,Bh16-2/3c,Bh,0
2015-02-14 00:00:00,Kailashpur hill,"Three labourers - Ayub Ali, Majid Ali and Moinul Ali - came under the debris triggered by the landslip while constructing the boundary wall of the house of Girindra Chandra Das at noon. Das's neighbours immediately swung into action and rescued the three from under the debris and rushed them to Gauhati Medical College and Hospital. Majid succumbed to his injuries in hospital.",mining,India,IN,Assam,91.6469,26.1468,0.26,0.26,0.26,0.26,0.26,57.0,8.894608374531636,5.0,Ao79-a,Ao,1
2017-09-12 00:00:00,Synthetic negative example,No recorded landslide at this location on 2017-09-12,none,India,IN,Assam,92.4584,25.0318,15.2,95.4,210.1,536.3,67.4,82.0,17.3079457888422,5.0,Ge53-3a,Ge,0
2017-07-18 00:00:00,Synthetic negative example,No recorded landslide at this location on 2017-07-18,none,India,IN,Manipur,94.3619,25.0985,1.6,3.5,75.3,283.5,27.2,1892.0,10.523133627119554,5.0,Bh16-2/3c,Bh,0
2016-06-17 00:00:00,Synthetic negative example,No recorded landslide at this location on 2016-06-17,none,India,IN,Arunachal Pradesh,93.3497,27.8997,35.1,78.7,120.9,251.7,35.1,867.0,6.540767028653907,1.0,Ao80-2bc,Ao,0
2016-07-23 00:00:00,Synthetic negative example,No recorded landslide at this location on 2016-07-23,none,India,IN,Nagaland,94.1076,25.682,5.1,21.7,35.5,158.4,8.9,1439.0,4.9508487656938565,1.0,Ao76-2/3c,Ao,0
2023-09-23 00:00:00,Synthetic negative example,No recorded landslide at this location on 2023-09-23,none,India,IN,Nagaland,94.8158,26.1984,4.3,22.4,39.6,80.7,15.3,1884.0,32.421818019787125,1.0,Ao76-2/3c,Ao,0
2012-06-13 00:00:00,Synthetic negative example,No recorded landslide at this location on 2012-06-13,none,India,IN,Sikkim,88.3664,27.1695,18.5,85.30000000000001,212.4,358.5,45.2,1583.0,23.603277744846192,5.0,Rd29-1a,Rd,0
2011-07-16 00:00:00,Synthetic negative example,No recorded landslide at this location on 2011-07-16,none,India,IN,Manipur,93.8275,24.9336,9.4,28.700000000000003,37.800000000000004,57.300000000000004,11.8,1027.0,16.02045964527659,25.0,Ao76-2/3c,Ao,0
2022-07-09 00:00:00,Synthetic negative example,No recorded landslide at this location on 2022-07-09,none,India,IN,Assam,92.9914,25.5242,4.3,12.9,27.7,70.7,6.4,156.0,16.865567463034814,50.0,Ao76-2/3c,Ao,0
2019-08-11 00:00:00,Synthetic negative example,No recorded landslide at this location on 2019-08-11,none,India,IN,Nagaland,94.7861,25.8877,0.0,10.8,71.4,204.0,56.6,1166.0,7.440685346262844,5.0,Ao76-2/3c,Ao,0
2022-08-10 00:00:00,Synthetic negative example,No recorded landslide at this location on 2022-08-10,none,India,IN,Manipur,94.0691,24.2451,2.7,26.0,67.0,107.3,18.2,1281.0,25.95439328643043,25.0,Bh16-2/3c,Bh,0
2016-09-17 00:00:00,Synthetic negative example,No recorded landslide at this location on 2016-09-17,none,India,IN,Meghalaya,90.5549,25.2193,9.9,40.4,130.8,168.2,69.5,271.0,4.622196164454146,10.0,Nd2-2b,Nd,0
2012-06-13 00:00:00,"NH44, Malidhor area,  Baleswar","Road communication between Guwahati and Silchar has been disrupted following landslides due to heavy rainfall at five places, official sources said here on Wednesday.  Landslides occurred at five places between Malidhor and Kuliang area at Baleswar near Meghalaya on NH 44 since last evening due to which vehicles, including night buses, were stranded.",downpour,India,IN,Assam,92.3567,25.0951,38.73,97.96,142.77,342.0,41.42,233.0,23.072954772058488,50.0,Ge53-3a,Ge,1
2016-09-27 00:00:00,Synthetic negative example,No recorded landslide at this location on 2016-09-27,none,India,IN,Assam,92.8551,25.0888,5.3,20.1,49.2,131.7,13.7,260.0,26.254074995372054,10.0,Ao76-2/3c,Ao,0
2019-09-14 00:00:00,Synthetic negative example,No recorded landslide at this location on 2019-09-14,none,India,IN,Nagaland,94.1095,25.6703,16.1,108.30000000000001,252.70000000000002,351.2,61.2,1445.0,21.554870104453816,25.0,Ao76-2/3c,Ao,0
2013-08-15 00:00:00,Synthetic negative example,No recorded landslide at this location on 2013-08-15,none,India,IN,Nagaland,94.1066,25.67,22.7,55.8,111.6,222.3,25.9,1442.0,18.41213576563324,25.0,Ao76-2/3c,Ao,0
2015-06-02 00:00:00,Synthetic negative example,No recorded landslide at this location on 2015-06-02,none,India,IN,Nagaland,95.0281,26.7225,5.1,57.099999999999994,83.8,125.39999999999999,46.3,699.0,8.28618530638979,5.0,Ao76-2/3c,Ao,0
2016-07-15 00:00:00,Synthetic negative example,No recorded landslide at this location on 2016-07-15,none,India,IN,Arunachal Pradesh,95.4993,26.9986,89.3,100.8,165.1,286.0,89.3,641.0,31.568430941138818,50.0,Ao76-2/3c,Ao,0
2020-09-10 00:00:00,Synthetic negative example,No recorded landslide at this location on 2020-09-10,none,India,IN,Assam,93.0123,25.1775,1.9,9.2,11.9,70.2,4.4,652.0,15.42307118570718,5.0,Ao76-2/3c,Ao,0
2017-06-03 00:00:00,Synthetic negative example,No recorded landslide at this location on 2017-06-03,none,India,IN,Nagaland,94.1072,25.6623,7.8,103.3,198.0,290.3,75.0,1382.0,9.350342558119696,1.0,Ao76-2/3c,Ao,0
2015-07-22 00:00:00,22 kms to 30 kms between Sangkungmai and Willong,"Torrential rain in the last many days has created havoc in many places of Senapati district. According to sources, vehicular and human movements have been completely halted. Removal of trees and loose soil are expected to take many weeks before normal movement along the road can begin. Sources specified of major landslides in different locations including 15 kms from Maram, 22 kms to 30 kms between Sangkhumai and Willong, Willong-Yangkhullen stretch and Yangkhullen-Tamphung road till Nagaland border.",continuous_rain,India,IN,Manipur,93.9827,25.4538,10.3,41.39,117.9,163.55,33.49,1778.0,24.17357170238777,5.0,Bh16-2/3c,Bh,1
2015-07-31 09:00:00,Phungyar road,Massive landslide along the Phungyar road under Ukhrul District cut off Phungya Sub-Division from the rest the state on Friday.,continuous_rain,India,IN,Manipur,94.3551,24.819,79.86,103.04,118.66,224.46,79.86,1597.0,26.68126632136219,10.0,Bh16-2/3c,Bh,1
2010-10-09 00:00:00,"road between Haflong and Lanka, Assam","Road communication, too, has been disrupted in the district with the road connecting Haflong and Lanka severely damaged, sources said.",downpour,India,IN,Assam,92.9914,25.5242,26.53,110.95,121.17,143.76,58.94,156.0,16.865567463034814,50.0,Ao76-2/3c,Ao,1
2023-08-10 00:00:00,Synthetic negative example,No recorded landslide at this location on 2023-08-10,none,India,IN,Nagaland,94.5234,25.8376,9.9,49.800000000000004,177.8,283.2,66.4,797.0,2.767591398229724,,Ao76-2/3c,Ao,0
2013-08-03 00:00:00,Synthetic negative example,No recorded landslide at this location on 2013-08-03,none,India,IN,Nagaland,93.9136,25.7428,7.2,32.8,111.7,300.8,31.6,463.0,20.935780187981493,50.0,Ao76-2/3c,Ao,0
2008-10-29 00:00:00,North Lakhimpur ,"flooding and landslides, Floods and landslides caused by heavy rains over the last three days have killed at least seven people and displaced thousands more in the northeastern states of India",downpour,India,IN,Assam,94.1167,27.2333,0.0,19.84,31.21,31.26,17.71,87.0,2.2793545475188526,50.0,Be82-a,Be,1
2017-08-04 00:00:00,Synthetic negative example,No recorded landslide at this location on 2017-08-04,none,India,IN,Mizoram,92.8112,23.4495,15.9,23.8,75.3,270.2,15.9,869.0,31.16083503860741,25.0,Bh16-2/3c,Bh,0
2023-06-15 00:00:00,Synthetic negative example,No recorded landslide at this location on 2023-06-15,none,India,IN,Nagaland,94.5247,26.3185,6.7,25.6,137.9,181.3,46.2,1163.0,1.387753790258008,1.0,Ao76-2/3c,Ao,0
2019-06-14 00:00:00,Synthetic negative example,No recorded landslide at this location on 2019-06-14,none,India,IN,Nagaland,94.8133,26.2363,22.4,34.6,125.0,228.29999999999998,29.7,1559.0,14.352001947229548,5.0,Ao76-2/3c,Ao,0
2011-08-26 00:00:00,Synthetic negative example,No recorded landslide at this location on 2011-08-26,none,India,IN,Sikkim,88.3652,27.167,9.3,93.6,226.3,733.5,60.6,1483.0,23.74809153558515,10.0,Rd29-1a,Rd,0
2018-09-21 00:00:00,Synthetic negative example,No recorded landslide at this location on 2018-09-21,none,India,IN,Arunachal Pradesh,93.0515,27.8837,7.5,16.4,32.4,585.1,8.4,1585.0,44.95634585071402,10.0,Ao80-2bc,Ao,0
2016-07-10 00:00:00,"National Highway 2, near Kohima, Nagaland, India","Manipur's road-link with the rest of the country was severely disrupted on Sunday as a landslide blocked National Highway 2 near the Nagaland capital Kohima. ""All available personnel and machinery are being used to remove the debris from the road,"" an official told IANS over phone from Kohima. NH 2 and NH 37 are the two main road links between the state and the rest of the country. However, it is feared that there may be fresh landlsides as heavy downpour continued to lash most of the northeastern states.",downpour,India,IN,Nagaland,94.1318,25.7902,14.38,23.03,75.37,154.56,17.18,1283.0,12.456195843516292,25.0,Ao76-2/3c,Ao,1
2012-09-16 00:00:00,"Namchi to Phongla, Namchi to Melli ,Namchi to Sumbuk","Landslides caused by heavy rainfall has blocked several roads in the South district of Sikkim, official sources said today. The road from Namchi to Phongla, Namchi to Melli and Namchi to Sumbuk were blocked due to landslides, as were the roads from Phongla to Bermiok and Phongla to Mamring.he road from Melli to Phongla and Melli to Sadam is also blocked while last night's downpour also affected road connectivity from Yangang to Ravangla, Yangang to Singtam and Yangang to Lingmoo.",downpour,India,IN,Sikkim,88.3651,27.1675,36.17,98.58,150.96,170.03,43.3,1509.0,20.42254604983192,5.0,Rd29-1a,Rd,1
2016-07-10 00:00:00,Synthetic negative example,No recorded landslide at this location on 2016-07-10,none,India,IN,Assam,91.6469,26.1468,25.9,77.5,151.1,361.9,41.1,57.0,8.894608374531636,5.0,Ao79-a,Ao,0
2018-08-24 00:00:00,Synthetic negative example,No recorded landslide at this location on 2018-08-24,none,India,IN,Assam,91.8,26.1833,31.6,74.5,110.3,216.8,31.6,66.0,4.154096764309844,10.0,Af48-2ab,Af,0
2011-08-04 00:00:00,Synthetic negative example,No recorded landslide at this location on 2011-08-04,none,India,IN,Arunachal Pradesh,96.1779,27.8965,25.8,35.7,39.2,103.3,25.8,207.0,9.350473782917254,,Af48-2ab,Af,0
2011-09-24 00:00:00,Synthetic negative example,No recorded landslide at this location on 2011-09-24,none,India,IN,Mizoram,93.125,24.3069,2.7,35.7,94.4,157.9,23.3,750.0,29.11681749159973,5.0,Bh16-2/3c,Bh,0
2014-07-08 00:00:00,Synthetic negative example,No recorded landslide at this location on 2014-07-08,none,India,IN,Assam,91.3681,25.9611,7.8,9.1,369.1,520.7,143.9,181.0,5.635158792453883,50.0,Ao77-2a,Ao,0
2018-09-11 00:00:00,Synthetic negative example,No recorded landslide at this location on 2018-09-11,none,India,IN,Manipur,94.48214677,25.3098633,1.4,11.2,20.9,133.5,6.0,1552.0,29.263043895532036,25.0,Bh16-2/3c,Bh,0
2021-09-11 00:00:00,Synthetic negative example,No recorded landslide at this location on 2021-09-11,none,India,IN,Sikkim,88.3651,27.1675,6.4,48.6,171.3,400.7,53.5,1509.0,20.42254604983192,5.0,Rd29-1a,Rd,0
2023-09-17 00:00:00,Synthetic negative example,No recorded landslide at this location on 2023-09-17,none,India,IN,Mizoram,92.7878,23.3572,9.6,15.7,97.6,156.9,24.1,1370.0,9.18427544441587,5.0,Bd61-2c,Bd,0
2015-06-28 00:00:00,Synthetic negative example,No recorded landslide at this location on 2015-06-28,none,India,IN,Assam,91.7665,26.1978,24.9,26.4,94.5,234.1,39.4,90.0,18.979049044864023,,Ao79-a,Ao,0
2011-07-25 00:00:00,Manipur,"Manipur road links restored Sobhapati Samom  IMPHAL, July 29 – Road links to Manipur, which remained cut off from the rest of the country since the last three days following heavy landslides on the National Highways, has been re-opened on Thursday.  However, repairs of the road at the landslide prone Maram bazaar stretch of Imphal-Dimapur sector of the National Highway 2 (formerly known as NH 39) in Senapati district would take some time.  With the opening of the State’s life line, the 300 stranded goods laden trucks have resumed their journey for their destinations in the afternoon today.  But the more than 4,000 residents of Maram bazaar, a small hill town located on the highway are facing scarcity of potable water after the landslide buried the water supply pipelines.  “We have been buying water at the rate of Rs 20 per 40 litre tin since the last three weeks”, Kunjeshwori, a fish vendor at Maram Bazar said.  Economic blockade: An economic blockade on the two national highways – NH",downpour,India,IN,Manipur,93.9157,24.6869,2.86,6.69,86.47,208.01,35.46,777.0,0.0,50.0,Gh12-2a,Gh,1
2010-10-09 00:00:00,"between Mahur and Maigrandisa(?) or Lumding, Assam","Meanwhile, rail communication has been disrupted with landslides affecting railway tracks at 28 places between Mahur and Maigrandisa in the Lumding-Silchar section with 40metres of track completely washed away.  NF railways have suspended rail services in the section till the tracks can be repaired and restored.",downpour,India,IN,Assam,93.1477,25.4749,26.53,110.95,121.17,143.76,58.94,147.0,3.5885571438036794,50.0,Ao76-2/3c,Ao,1
2015-06-24 00:00:00,Synthetic negative example,No recorded landslide at this location on 2015-06-24,none,India,IN,Manipur,94.48214677,25.3098633,60.4,113.3,135.0,201.6,60.4,1552.0,29.263043895532036,25.0,Bh16-2/3c,Bh,0
2019-06-27 00:00:00,Synthetic negative example,No recorded landslide at this location on 2019-06-27,none,India,IN,Assam,94.0,27.163,28.7,54.4,92.8,223.1,28.7,93.0,2.0816688582685057,50.0,Be82-a,Be,0
2020-07-22 00:00:00,Synthetic negative example,No recorded landslide at this location on 2020-07-22,none,India,IN,Meghalaya,92.3636,25.0728,23.1,138.0,195.5,398.4,68.5,130.0,10.024134913751013,5.0,Ge53-3a,Ge,0
2022-08-06 00:00:00,Synthetic negative example,No recorded landslide at this location on 2022-08-06,none,India,IN,Manipur,94.3551,24.819,29.2,35.4,96.2,152.3,29.2,1597.0,26.68126632136219,10.0,Bh16-2/3c,Bh,0
2007-10-21 00:00:00,National Highway 53 at Nungba in Tamenglong district of Manipur,blocked road,rain,India,IN,Assam,93.4333,24.75,2.38,19.51,65.78,114.17,21.54,467.0,22.45952250962254,25.0,Bh16-2/3c,Bh,1
2016-06-12 00:00:00,"on road between Mon and Tobu near Telangsao Hydro project , Nagaland, India","Location estimated. Due to incessant rain for the last two days multiple landslide and mudslides near Telangsao Hydro project has once again caused blockage to vehicular movement from Mon to Tobu area. According to sources, Hongpi, DPRO Mon, two culverts have been completely washed away by the landslide while multiple mudslides occurred along the roads. He also informed that since the occurance of landslide, the BRO have been engaged to clear the road blockage.  It may be mentioned that there was a major mudslide in this particular area in the month of April. The situation is likely to deteriorate if it continues to rain in the days to come. This particular route is the life line of the Tobu subdivision of Mon district.",continuous_rain,India,IN,Nagaland,94.2442,26.1677,10.04,18.74,64.65,85.73,12.4,774.0,12.19922578147437,100.0,Ao76-2/3c,Ao,1
2011-08-18 00:00:00, Botsa  and Chiechama,affected area is the NH-61 between Botsa and Chiechama (34 Kms from Kohima) where a stretch of 500 feet has been affected by landslides.,monsoon,India,IN,Nagaland,94.13,25.83,4.67,37.16,91.83,180.17,24.98,1014.0,8.821089630664796,,Ao76-2/3c,Ao,1
2022-07-04 00:00:00,Synthetic negative example,No recorded landslide at this location on 2022-07-04,none,India,IN,Mizoram,92.7187,23.7348,7.1,24.5,60.9,88.3,19.3,1038.0,18.14421799352956,5.0,Bd61-2c,Bd,0
2015-07-25 09:00:00,"Dispur : According to report, a huge hillock slipped into the house after heavy rain where Dinesh Bodo along with his wife and daughter lived in. Thi*","According to report, a huge hillock slipped into the house after heavy rain where Dinesh Bodo along with his wife and daughter lived in. This incident occurred at Tamulkuchi village of Jorabat.  Bodo’s wife Bharati Bodo and his daughter were died and other more houses got damaged",continuous_rain,India,IN,Assam,91.8717,26.1062,11.76,44.78,112.45,200.86,31.29,246.0,6.166308477023598,5.0,Nd2-2b,Nd,1
2018-06-20 00:00:00,Synthetic negative example,No recorded landslide at this location on 2018-06-20,none,India,IN,Nagaland,94.7844,25.8702,0.9,2.9,24.200000000000003,270.1,10.8,1140.0,7.675353195263384,1.0,Ao76-2/3c,Ao,0
2022-07-27 00:00:00,Synthetic negative example,No recorded landslide at this location on 2022-07-27,none,India,IN,Nagaland,94.11603493,25.61560252,23.6,88.5,136.5,169.9,38.8,1610.0,29.53602090910925,5.0,Ao76-2/3c,Ao,0
2019-09-16 00:00:00,Synthetic negative example,No recorded landslide at this location on 2019-09-16,none,India,IN,Assam,91.25,26.3333,10.7,19.5,94.0,226.1,29.5,41.0,1.3878521111919373,50.0,Ao79-a,Ao,0
2014-07-10 00:00:00,Synthetic negative example,No recorded landslide at this location on 2014-07-10,none,India,IN,Manipur,94.0926,25.3908,8.3,11.8,53.5,142.70000000000002,20.8,1307.0,14.54418447986959,10.0,Ao76-2/3c,Ao,0
2023-09-23 00:00:00,Synthetic negative example,No recorded landslide at this location on 2023-09-23,none,India,IN,Arunachal Pradesh,92.2833,27.44,54.5,167.5,217.4,355.7,59.8,2613.0,1.0437789193849585,50.0,Ao80-2bc,Ao,0
2017-09-07 00:00:00,Synthetic negative example,No recorded landslide at this location on 2017-09-07,none,India,IN,Assam,93.5,24.9925,4.7,17.3,152.1,328.1,66.9,1218.0,11.982789615605451,10.0,Bh16-2/3c,Bh,0
2016-06-02 00:00:00,Synthetic negative example,No recorded landslide at this location on 2016-06-02,none,India,IN,Nagaland,94.6219,25.72,1.2,8.3,18.4,120.0,6.3,1708.0,46.91495762766459,10.0,Ao76-2/3c,Ao,0
2020-08-14 00:00:00,Synthetic negative example,No recorded landslide at this location on 2020-08-14,none,India,IN,Assam,91.8717,26.1062,4.1,27.0,85.3,100.8,28.0,246.0,6.166308477023598,5.0,Nd2-2b,Nd,0
2018-07-09 00:00:00,Synthetic negative example,No recorded landslide at this location on 2018-07-09,none,India,IN,Manipur,94.3429,24.3527,11.1,31.5,61.9,143.1,14.0,283.0,13.266819111186056,10.0,,,0
2012-09-23 00:00:00,Synthetic negative example,No recorded landslide at this location on 2012-09-23,none,India,IN,Nagaland,94.25,26.138,1.2,4.3999999999999995,11.8,107.6,5.2,1013.0,12.074502330273894,50.0,Ao76-2/3c,Ao,0
2010-04-20 00:00:00,"Raj Bhavan Guwahati, Assam","GUWAHATI, April 20 – Civic woes of Guwahatians is continuing to unfold its murkier side with incessant downpour today forcing district administration to engage National Disaster Response Force (NDRF) to facilitate movement of residents of low-lying areas at the heart of the capital city.   The incessant rains also led to landslide in the hilly areas of the city, including at Kharghuli hillside and the hills adjoining the Raj Bhavan.",downpour,India,IN,Assam,91.7665,26.1978,33.21,123.36,189.67,209.12,61.16,90.0,18.979049044864023,,Ao79-a,Ao,1
2018-08-02 00:00:00,Synthetic negative example,No recorded landslide at this location on 2018-08-02,none,India,IN,Arunachal Pradesh,92.6351,27.0136,39.4,74.7,142.4,238.29999999999998,39.4,221.0,4.832634573500187,1.0,Be82-a,Be,0
2013-07-23 00:00:00,Synthetic negative example,No recorded landslide at this location on 2013-07-23,none,India,IN,Nagaland,94.1192,25.4993,11.7,42.5,79.3,249.2,17.8,1944.0,11.543842645525167,25.0,Ao76-2/3c,Ao,0
2019-08-22 00:00:00,Synthetic negative example,No recorded landslide at this location on 2019-08-22,none,India,IN,Nagaland,94.9921,26.8716,18.2,18.5,57.0,103.6,27.1,283.0,10.501444158270422,25.0,Af48-2ab,Af,0
2022-08-12 00:00:00,Synthetic negative example,No recorded landslide at this location on 2022-08-12,none,India,IN,Manipur,93.9482,24.8063,0.1,2.9,11.0,38.699999999999996,4.8,780.0,1.3781307546716215,50.0,Ao76-2/3c,Ao,0
2021-09-19 00:00:00,Synthetic negative example,No recorded landslide at this location on 2021-09-19,none,India,IN,Assam,91.7986,26.1699,1.1,23.0,52.4,180.20000000000002,26.5,144.0,1.386771132207247,25.0,Af48-2ab,Af,0
2021-06-10 00:00:00,Synthetic negative example,No recorded landslide at this location on 2021-06-10,none,India,IN,Nagaland,95.0281,26.7225,8.1,19.4,99.7,146.2,53.4,699.0,8.28618530638979,5.0,Ao76-2/3c,Ao,0
2020-09-17 00:00:00,Synthetic negative example,No recorded landslide at this location on 2020-09-17,none,India,IN,Mizoram,92.694,23.7527,3.6,14.299999999999999,47.3,109.2,10.6,788.0,30.34177918841917,5.0,Bd61-2c,Bd,0
2018-06-08 00:00:00,Synthetic negative example,No recorded landslide at this location on 2018-06-08,none,India,IN,Meghalaya,92.2845,25.3612,8.8,38.5,80.7,150.8,20.3,1222.0,3.586080799213583,25.0,Ao74-2b,Ao,0
2020-06-09 00:00:00,Synthetic negative example,No recorded landslide at this location on 2020-06-09,none,India,IN,Nagaland,94.4619,26.0481,4.2,8.6,41.0,107.9,10.1,865.0,29.6360306360278,,Ao76-2/3c,Ao,0
2023-07-28 00:00:00,Synthetic negative example,No recorded landslide at this location on 2023-07-28,none,India,IN,Assam,93.5063,24.9829,11.3,56.6,101.7,175.8,32.6,1305.0,31.44272371697256,5.0,Bh16-2/3c,Bh,0
2019-08-23 00:00:00,Synthetic negative example,No recorded landslide at this location on 2019-08-23,none,India,IN,Nagaland,94.1139,25.6269,3.8,7.9,55.6,169.9,21.2,1566.0,13.286694596501158,10.0,Ao76-2/3c,Ao,0
2016-07-10 00:00:00,Synthetic negative example,No recorded landslide at this location on 2016-07-10,none,India,IN,Nagaland,94.3864,26.1147,22.0,83.5,138.8,215.9,38.2,350.0,5.226876247386835,1.0,Ao76-2/3c,Ao,0
2010-07-12 00:00:00,Synthetic negative example,No recorded landslide at this location on 2010-07-12,none,India,IN,Meghalaya,90.2191,25.5084,14.2,37.9,59.0,123.5,18.4,323.0,23.705749643396505,1.0,Nd2-2b,Nd,0
2016-07-07 00:00:00,Synthetic negative example,No recorded landslide at this location on 2016-07-07,none,India,IN,Assam,93.5,24.9925,1.0,26.5,98.8,146.8,28.5,1218.0,11.982789615605451,10.0,Bh16-2/3c,Bh,0
2019-07-23 00:00:00,Synthetic negative example,No recorded landslide at this location on 2019-07-23,none,India,IN,Nagaland,94.04,25.705,6.4,18.0,31.1,150.0,7.4,1036.0,16.860785495741176,10.0,Ao76-2/3c,Ao,0
2011-06-29 00:00:00,"Portions of NH 39, Connectin Manipur with Assam via Nagaland","Heavy downpour in the past few days threatens to cut off Nagaland and neighbouring Manipur from the rest of the country. Continuing heavy showers have caused landslides and led to the sinking of a portion of NH 39, creating immense hardship to the people residing here. NH 39, the lifeline of the two northeastern states, connects Manipur with Assam via Nagaland.  If the monsoon showers continue with the same intensity, it is expected that the sunken portion of the highway will have to be closed as it has already become difficult for vehicles to pass through the place.  The main concern of the administrative authorities is the landslide area at the old Kohima Municipal Council (KMC) dumping site about 7 km away from the state capital where mudslides have started with the arrival of the monsoon, leading to disruption of vehicular traffic. Passengers travelling between Kohima and Dimapur have also complained that it is already taking hours to reach their destination.",downpour,India,IN,Assam,93.3613,25.5125,20.83,75.23,123.36,173.29,44.04,317.0,8.604664913794034,,Af47-2b,Af,1
2015-09-14 03:10:00,"Aizawl, Mizoram, India","Landslides triggered by heavy downpour on Monday night have swept away two houses and damaged 39 graves in Aizawl. In Zemabawk neighbourhood in the eastern periphery of the city, two houses were carried away by landslide which also blocked the national highway 54, connecting Aizawl eastern parts of the state. There were no human casualties as family members of the two buildings managed to flee before the incident that took place around 3:10am this morning. The landslide also buried one maxicab and a truck parked on the roadside.",downpour,India,IN,Mizoram,92.7187,23.7348,13.58,44.56,78.75,137.25,17.41,1038.0,18.14421799352956,5.0,Bd61-2c,Bd,1
2007-08-28 00:00:00,Phesema area at National Highway 39,multiple landslides in  the area causing road closures,rain,India,IN,Nagaland,93.9136,25.7428,3.08,14.24,39.03,68.07,12.22,463.0,20.935780187981493,50.0,Ao76-2/3c,Ao,1
2014-06-03 00:00:00,Synthetic negative example,No recorded landslide at this location on 2014-06-03,none,India,IN,Nagaland,94.5163,26.0137,2.1,11.200000000000001,31.5,57.6,10.8,1723.0,11.387211682153785,25.0,Ao76-2/3c,Ao,0
2015-06-09 00:00:00,"Itanagar, Arunachal Pradesh",Two people died while two others were seriously injured when their dwelling was hit by a landslide on Tuesday,continuous_rain,India,IN,Arunachal Pradesh,93.816,27.0987,44.35,137.97,228.36,373.06,47.02,214.0,14.236549622926058,5.0,Be82-a,Be,1
2013-10-06 00:00:00,"Nilachal Hill, Guwahati, Assam","Heavy downpour in the last 24 hours paralyzed life in Guwahati and a landslide triggered by the rain claimed the life of an elderly person in the city on Sunday. The rain also dampened the spirit of Durga Puja shopping in the city. Kamrup (Metro) additional deputy commissioner Dhrubajyoti Das said one Man Bahadur Gurung (80) of Batahghuli area in the city died when a rock rolled down the hills and hit Gurung, who was sitting at the foothills. Another landslide occurred on the Nilachal Hill, but no one was injured in the incident.",downpour,India,IN,Assam,91.7049,26.1665,62.76,151.09,174.79,248.9,62.76,233.0,13.777425286985055,5.0,Ao79-a,Ao,1
2021-09-23 00:00:00,Synthetic negative example,No recorded landslide at this location on 2021-09-23,none,India,IN,Arunachal Pradesh,93.7525,27.1614,0.0,13.899999999999999,32.1,35.3,12.0,152.0,3.1207434178512083,,Be82-a,Be,0
2010-09-13 09:00:00,"road to Muanna Godown, Zuangtui, Mizoram",The heavy rain also caused landslides in several places blocking the road. The approach road to Muanna Godown in Zuangtui was blocked by a landslide since this morning.  It is expected to be restored this evening. ,downpour,India,IN,Mizoram,92.74128531,23.75406693,11.41,19.1,46.34,93.87,11.41,959.0,22.717560039379222,1.0,Bd61-2c,Bd,1
2022-09-22 00:00:00,Synthetic negative example,No recorded landslide at this location on 2022-09-22,none,India,IN,Assam,92.8025,25.0633,6.6,15.1,49.7,142.9,14.8,93.0,20.03237253917104,25.0,Gd25-2a,Gd,0
2013-08-01 00:00:00,"Polo River At Polosang, Arunachal Pradesh","Arunachal Pradesh Government today sounded red alert following reports of a massive landslide which blocked the flow of Polo river at Polosang last week, reversing the flow of its water toward China. Disaster management Director Y. W. Ringu alerted Kurung Kumey Deputy Commissioner and SP to take steps to evacuate the people living in flood-prone lower belt along Kurung river, to safer places to avoid loss of life and property, official sources informed. Polo is a major tributary of Kurung River in Sarli circle of remote Kurung Kumey district in the State.",rain,India,IN,Arunachal Pradesh,93.0515,27.8837,9.91,35.1,51.34,158.27,16.08,1585.0,44.95634585071402,10.0,Ao80-2bc,Ao,1
2011-07-01 00:00:00,Synthetic negative example,No recorded landslide at this location on 2011-07-01,none,India,IN,Manipur,93.5142,24.9818,10.0,35.9,69.3,107.7,20.9,1249.0,3.700645055238003,50.0,Bh16-2/3c,Bh,0
2021-09-19 00:00:00,Synthetic negative example,No recorded landslide at this location on 2021-09-19,none,India,IN,Mizoram,92.6921,24.1293,15.2,62.6,108.10000000000001,139.6,31.3,822.0,12.81474088364528,50.0,Bd61-2c,Bd,0
2010-06-03 05:00:00,Rongpur village under Bhairabhnagar panchayat in Karimganj district,"Two died and five others were injured yesterday around 5am when their bamboo huts were crushed in a mudslide on the foothills at Rongpur village under Bhairabhnagar panchayat in Karimganj district.  Sources in Karimganj police station today said the dead have been identified as Dhalai Mia, a 50-year-old farmer, and his youngest son Fakrul Islam, 12. The injured, including Mia’s wife Lesa Bibi, 45, and their granddaughter Nurana Begum, 5, are being treated in the nearby Ramkrishnanagar hospital.  The site of this mishap is about 85km from this town.  This is the third major landslide in the Barak valley in the past two years.",downpour,India,IN,Assam,92.3814,24.6005,54.42,121.7,190.57,295.51,54.42,86.0,17.429220646877386,25.0,Ge53-3a,Ge,1
2022-06-17 00:00:00,Synthetic negative example,No recorded landslide at this location on 2022-06-17,none,India,IN,Arunachal Pradesh,91.8569,27.5799,29.9,60.099999999999994,78.1,104.39999999999999,29.9,2757.0,26.387393427090977,5.0,Ao80-2bc,Ao,0
2012-06-27 00:00:00,Synthetic negative example,No recorded landslide at this location on 2012-06-27,none,India,IN,Assam,91.7049,26.1665,7.2,58.8,360.3,511.8,113.3,233.0,13.777425286985055,5.0,Ao79-a,Ao,0
2016-08-14 00:00:00,Synthetic negative example,No recorded landslide at this location on 2016-08-14,none,India,IN,Arunachal Pradesh,93.6884,27.1032,2.5,8.7,42.2,140.0,18.0,145.0,0.926369172997235,10.0,Be82-a,Be,0
2015-07-08 00:00:00,Synthetic negative example,No recorded landslide at this location on 2015-07-08,none,India,IN,Manipur,93.8443,24.9356,5.7,18.0,37.2,154.0,7.0,849.0,0.926369172997235,25.0,Ao76-2/3c,Ao,0
2013-08-08 00:00:00,Synthetic negative example,No recorded landslide at this location on 2013-08-08,none,India,IN,Manipur,94.0573,23.9939,7.9,40.4,88.0,183.8,26.2,976.0,12.803323355556538,50.0,Bh16-2/3c,Bh,0
2010-09-10 00:00:00,"districts Lakhimpur, Dhemaji, Golaghat, and Sonitpur, Assam province","Sep 10, 2010, 09.40pm IST  NEW DELHI: Thirteen people were killed as heavy monsoon rains wracked havoc in north and east India, triggering landslides and inundating lakhs of acres of farmland on Friday.  At least eight people were buried alive under the debris following massive landslides triggered by incessant rains in Arunachal Pradesh.  One person was drowned and around 1.5 lakh people were affected in the flash floods which hit the northern Assam districts of Lakhimpur, Dhemaji, Golaghat and Sonitpur following incessant rains in the upper reaches.",downpour,India,IN,Arunachal Pradesh,93.7273,27.0011,15.17,73.01,134.58,197.4,29.0,105.0,2.2754136063184394,,Be82-a,Be,1
2016-07-19 00:00:00,Synthetic negative example,No recorded landslide at this location on 2016-07-19,none,India,IN,Meghalaya,90.215,25.5114,16.5,68.4,115.5,139.0,40.4,306.0,8.213794389737659,1.0,Nd2-2b,Nd,0
2010-07-06 00:00:00,"Tuensang, Nagaland","Dimapur| July 12  : Yet another monsoon season in Nagaland and one has to batter bad roads.    This year’s monsoon has been the worse by far.  Most interior villagers of Mon, Tuensang and Kiphire are cut out from the rest of the state. With good roads beyond their dreams even on dry days, rainy days are a nightmare for the people. Journey to places like Mimi in Kiphire, Pangsha in Tuensang and parts of Mon and Peren can be made only on four wheel drive vehicles or on foot. Mud slides are common in almost all the highways leading to district headquarters. Exploitation of natural resources like boulders and deforestation is causing more landslides than before. The use of roads by all size vehicles has spoilt most of the soiled roads making it difficult for smaller vehicles to ply.",monsoon,India,IN,Nagaland,94.8133,26.2363,9.26,32.72,75.34,124.64,16.89,1559.0,14.352001947229548,5.0,Ao76-2/3c,Ao,1
2023-06-19 00:00:00,Synthetic negative example,No recorded landslide at this location on 2023-06-19,none,India,IN,Assam,91.7548,26.1314,49.6,148.7,217.0,458.5,52.3,74.0,7.148839105606214,1.0,Nd2-2b,Nd,0
2012-04-08 00:00:00,"Endulin Nallah, Mayodia, 17-camp, 83-camp","ITANAGAR: Surface communication to Dibang Valley district in Arunachal Pradesh is cut off for the past few days following landslides at various locations of the Anini-Roing Road. Heavy landsides occurred at many locations, including Endulin Nallah, Mayodia, 17-camp, 83-camp. The whole 120-km stretch of road between Mayudia and Endulin has been hit by landslides and it is feared that the situation may aggravate further if the downpour continues for a few more days. The BRO has pressed its men and machineries into service. However, considering massive landslides in many locations, the restoration of road link may take some more time, a source said. The event occured over the past few days, date uncertain.",downpour,India,IN,Arunachal Pradesh,95.86,28.4659,3.12,12.66,15.87,48.39,5.65,1066.0,27.396267400283048,50.0,I-Af-Bd-2c,I,1
2022-07-11 00:00:00,Synthetic negative example,No recorded landslide at this location on 2022-07-11,none,India,IN,Sikkim,88.609,27.337,1.6,11.3,32.8,233.2,9.1,1540.0,12.901696398278036,25.0,Bd32-2bc,Bd,0
2016-07-18 00:00:00,Synthetic negative example,No recorded landslide at this location on 2016-07-18,none,India,IN,Mizoram,92.7362,23.7131,1.1,19.7,32.0,112.60000000000001,10.9,893.0,22.497546016791755,50.0,Bd61-2c,Bd,0
2013-02-18 00:00:00,"East Siang, Arunachal Pradesh","At least three persons died on the spot while two were seriously injured in a massive landslide that occurred in East Siang district.The accident occurred at 20 mile, which is 38 km from Pasighat town in East Siang district on Monday, sources said here on Tuesday.",rain,India,IN,Arunachal Pradesh,95.1645,28.1193,2.93,5.34,5.34,5.34,2.93,777.0,38.50868136980543,5.0,Ao80-2bc,Ao,1
2013-07-15 00:00:00,Synthetic negative example,No recorded landslide at this location on 2013-07-15,none,India,IN,Nagaland,94.1079,25.4191,14.3,41.2,90.7,195.1,27.7,1392.0,10.209837985587429,5.0,Ao76-2/3c,Ao,0
2019-08-21 00:00:00,Synthetic negative example,No recorded landslide at this location on 2019-08-21,none,India,IN,Assam,91.7697,26.1619,0.5,1.8,65.6,109.2,45.0,55.0,1.852254273911334,,Af48-2ab,Af,0
2012-08-09 00:00:00,Synthetic negative example,No recorded landslide at this location on 2012-08-09,none,India,IN,Nagaland,94.6219,25.72,0.2,49.3,98.0,201.6,26.2,1708.0,46.91495762766459,10.0,Ao76-2/3c,Ao,0
2012-11-11 00:00:00,"Dapchhuah, Mamit, Mizoram","Four people were killed and several places remained inaccessible due to road blockade caused by landslides since yesterday as heavy rains lashed Mizoram since Wednesday night, police said. The driver and operator of an excavator and the driver of a private vehicle were killed following a massive landslide near Dapchhuah village on Mizoram-Tripura border Mamit district last evening.While the body of Nasim Uddin, working under Muzir Uddin, operator of the excavator, was found, the search for the bodies of Muzir Uddin and Lalnunsiama, the driver of the vehicle, was on.",downpour,India,IN,Mizoram,92.5217,23.7705,0.0,0.09,28.72,36.13,11.19,73.0,9.728201491806368,5.0,Bd61-2c,Bd,1
2017-06-03 00:00:00,Synthetic negative example,No recorded landslide at this location on 2017-06-03,none,India,IN,Assam,94.1167,27.2333,35.0,86.89999999999999,182.6,220.29999999999998,57.8,87.0,2.2793545475188526,50.0,Be82-a,Be,0
2014-08-03 00:00:00,Synthetic negative example,No recorded landslide at this location on 2014-08-03,none,India,IN,Meghalaya,92.0757,25.5498,9.2,25.7,42.2,135.9,9.2,1269.0,24.802602340897124,,Ao74-2b,Ao,0
2011-05-31 14:00:00,"Roads between Tamei(Tamma?), Kangpokpi and Chalwa, Manipur","June 01 2011: The denizens of Tamei subdivision while using the IT Road from Kangpokpi to Tamei stretch take immense risk as landslides have begun to occur as the rainy season begins.  As recent as on Tuesday, the flooding streams between Tamei and Chalwa had brought down debris and dumped along the road making the communters very hard to negotiate.  Communters pasing after 2 pm failed to reach their destination due to the road problem yesterday.",continuous_rain,India,IN,Manipur,93.8474,25.1555,15.72,45.38,50.95,196.32,16.66,1377.0,42.926248921460264,25.0,Bh16-2/3c,Bh,1
2023-06-14 00:00:00,Synthetic negative example,No recorded landslide at this location on 2023-06-14,none,India,IN,Manipur,94.2156,24.954,10.9,22.7,61.7,80.0,24.2,926.0,20.94185253514824,50.0,Ao76-2/3c,Ao,0
2007-09-10 00:00:00,Wamkhu village along the Tengnoupal-Joupi road in Chandel district,"50 meter stretch on road, timing is unknown but it blocked traffic",rain,India,IN,Manipur,94.0691,24.2451,0.73,10.16,46.05,51.86,13.56,1281.0,25.95439328643043,25.0,Bh16-2/3c,Bh,1
2015-08-16 00:00:00,Hawai,"The state's Anjaw district remains cut off from the rest of the state after a heavy landslide at Tiding Point, 88 km away from the district headquarters, blocked the road on August 16.",continuous_rain,India,IN,Arunachal Pradesh,96.9262,27.8835,7.42,24.99,52.36,122.72,9.96,976.0,39.35204569756175,50.0,I-Af-Bd-2c,I,1
2019-09-23 00:00:00,Synthetic negative example,No recorded landslide at this location on 2019-09-23,none,India,IN,Mizoram,92.694,23.7527,10.8,29.4,42.7,70.8,11.1,788.0,30.34177918841917,5.0,Bd61-2c,Bd,0
2017-06-15 00:00:00,Synthetic negative example,No recorded landslide at this location on 2017-06-15,none,India,IN,Arunachal Pradesh,96.5316,28.0822,3.3,29.200000000000003,50.4,223.8,17.6,582.0,31.735828847521173,1.0,I-Af-Bd-2c,I,0
2011-07-24 12:30:00,NH 37,"Mudslide blocks Imphal-Jiri Road Source: Hueiyen News Service  Imphal, July 24 2011: Apart from vast land agricultural areas of the state submerged under water, the incessant rain in the past few days has began to take its toll to the people of the state which in the most recent has blocked the Imphal-Jiri Highway near Barak River.  The mudslide which block the NH 37 between Barak River and Santi Khunou was occurred today afternoon at around 12.30 pm.  The huge mudslide which covered an area of more than 200 feet has totally blocked the NH 37 from Imphal to Jiri make it impossible for vehicles to ply along the highway.  According to BRTF officials, the clearing works of the mudslide will take at least two or three days depending on the weather condition.  Adding the woe of the BRTF officials in clearing the mudslide area is the incessant rain which still keeps pouring in the area.  In order to avoid any disturbances in the clearing work, BRTF officials appealed to the transporters and",downpour,India,IN,Assam,93.0038,26.5836,2.3,44.38,122.91,201.52,37.94,69.0,1.852254273911334,50.0,Af48-2ab,Af,1
2010-08-20 00:00:00,Synthetic negative example,No recorded landslide at this location on 2010-08-20,none,India,IN,Mizoram,92.6755,24.2315,11.1,20.1,49.2,110.4,11.1,672.0,5.527812889706318,50.0,Bd61-2c,Bd,0
2010-05-31 00:00:00,"Anini-Roing road,  Dibang Valley,  Arunachal Pradesh ","Its only link to the outside world, the Anini-Roing road, having been hit by landslides at several places, Dibang Valley district in eastern Arunachal Pradesh has remained cut off from the rest of the world for more than six weeks now. The district shares 200 km of international border with China.   Heavy rains and landslides have caused extensive damage to the two micro hydel projects in the district at Hawapani and Chini-Afra, both having an installed capacity of 50 KW each. “We are in total darkness as our stock of diesel to run generators have also exhausted,” Jempen informed. With roads to other parts of the district also cut off, there has been no link between Anini and other towns like Aruzo, Italin, Anelih, Mipi and Malini. Assam's flood-prone Lakhimpur district was on Monday hit by the third wave of floods following heavy rainfall in the foothills of the Himalayas in Arunachal Pradesh affecting more than 25,000 people. The rising waters of Ranganadi and Singora rivers, tributa",downpour,India,IN,Arunachal Pradesh,95.8776,28.4298,10.46,13.68,31.61,94.62,10.91,516.0,15.81679952401605,50.0,I-Af-Bd-2c,I,1
2019-09-02 00:00:00,Synthetic negative example,No recorded landslide at this location on 2019-09-02,none,India,IN,Assam,91.3681,25.9611,15.8,17.1,23.7,105.1,15.8,181.0,5.635158792453883,50.0,Ao77-2a,Ao,0
2011-07-26 00:00:00,Synthetic negative example,No recorded landslide at this location on 2011-07-26,none,India,IN,Sikkim,88.6065,27.339,75.5,140.6,290.9,649.4,75.5,1501.0,16.261579422291064,5.0,Bd32-2bc,Bd,0
2012-08-28 00:00:00,Synthetic negative example,No recorded landslide at this location on 2012-08-28,none,India,IN,Assam,89.9032,25.7238,6.1,34.3,82.1,148.0,19.3,33.0,14.316083944889312,5.0,Je38-2a,Je,0
2022-09-07 00:00:00,Synthetic negative example,No recorded landslide at this location on 2022-09-07,none,India,IN,Nagaland,93.8673,25.5265,4.8,22.8,30.9,83.3,16.0,1369.0,27.026628812346573,50.0,Bh16-2/3c,Bh,0
2023-07-05 00:00:00,Synthetic negative example,No recorded landslide at this location on 2023-07-05,none,India,IN,Manipur,93.9157,24.6869,21.4,30.299999999999997,32.6,95.6,21.4,777.0,0.0,50.0,Gh12-2a,Gh,0
2011-06-23 00:00:00,Synthetic negative example,No recorded landslide at this location on 2011-06-23,none,India,IN,Sikkim,88.7648,27.3746,31.1,68.7,166.3,220.3,33.4,3745.0,6.5001072439046315,25.0,I-Bh-U-c,I,0
2017-09-06 00:00:00,Synthetic negative example,No recorded landslide at this location on 2017-09-06,none,India,IN,Arunachal Pradesh,91.8644,27.5748,13.3,32.5,84.8,147.8,20.0,2687.0,11.67372935280908,5.0,Ao80-2bc,Ao,0
2021-08-28 00:00:00,Synthetic negative example,No recorded landslide at this location on 2021-08-28,none,India,IN,Manipur,94.1434,23.899,23.9,74.9,81.6,141.0,29.4,259.0,13.342372695937204,5.0,Bf17-2c,Bf,0
2010-08-06 00:00:00,"Dawrpui Vengthar cemetary, Aizwal, Mizoram","As per PTI report a massive landslide triggered by heavy rains on 6th August 2010 at the cemetery of Dawrpui Vengthar locality, Aizwal has swept away number of tombs.",downpour,India,IN,Mizoram,92.7146,23.7365,0.38,16.06,42.25,101.53,15.24,1024.0,35.93984192404095,1.0,Bd61-2c,Bd,1
2015-06-02 00:00:00,Synthetic negative example,No recorded landslide at this location on 2015-06-02,none,India,IN,Arunachal Pradesh,93.804,27.3034,31.2,95.1,175.3,384.2,52.5,724.0,48.952197016329734,5.0,Nd53-3bc,Nd,0
2018-06-10 00:00:00,Synthetic negative example,No recorded landslide at this location on 2018-06-10,none,India,IN,Manipur,94.0489,25.4477,8.4,14.5,47.4,63.4,16.0,1325.0,24.119907126086968,1.0,Ao76-2/3c,Ao,0
2015-08-19 00:00:00,Zunheboto district,"Sources said in Zunheboto district the rainfall had caused several landslides damaging scores of houses, roads, bridges, cultivation areas and paddy/terrace fields.",continuous_rain,India,IN,Nagaland,94.5224,26.0214,14.28,30.55,56.39,126.0,14.28,1621.0,30.342707714734605,50.0,Ao76-2/3c,Ao,1
2010-09-13 00:00:00,"Hunthar Veng, Mizoram","In Hunthar Veng, the kitchen side of H. Lalchhanhima’s house was damaged by a landslide while the road to Kanan Veng was blocked by a landslide. ",downpour,India,IN,Mizoram,92.7141905,23.74182634,9.93,17.18,36.45,64.21,9.93,930.0,14.76547201733368,1.0,Bd61-2c,Bd,1
2016-09-08 00:00:00,Synthetic negative example,No recorded landslide at this location on 2016-09-08,none,India,IN,Nagaland,94.9439,26.3897,10.6,43.199999999999996,111.89999999999999,217.7,24.5,522.0,5.15715117338214,10.0,Bh16-2/3c,Bh,0
2021-07-15 00:00:00,Synthetic negative example,No recorded landslide at this location on 2021-07-15,none,India,IN,Manipur,94.4703,25.6633,6.3,29.7,63.5,173.70000000000002,22.3,1447.0,8.21793936850887,5.0,Ao76-2/3c,Ao,0
2010-06-15 00:00:00,"Fazl Ali College, Mokokchung, Nagaland","On Tuesday, June 15, 2010 incessant rain triggered landslides at Falz Ali College Mokokchung, at one side of the 3-storied building Science Stream, damaging the Physics laboratory set up at the ground floor.  The Principal of the college, Kuholi Chishi reported the incident to the district administration. SDO (Civil) Nungsangmenla visited the college to ascertain the damage caused to the building, particularly the Physics lab of the college. Following the landslide, two pillars of the stairway connecting the Science Stream building with the premises of the main building were forced to hang precariously.",downpour,India,IN,Nagaland,94.5512,26.3335,40.07,75.47,135.07,246.39,40.07,1372.0,7.704690069377325,1.0,Ao76-2/3c,Ao,1
2012-06-07 04:30:00,"Rolep, South Sikkim( Mapping to Rhenock 12 miles from Rolep)","Seven persons, three of them children, were killed when landslides struck a village in East Sikkim after a spate of rain lashed the area last night. Four members of a family were also among those wiped out in the early morning strikes.",rain,India,IN,Sikkim,88.6458,27.1748,0.08,19.22,36.78,98.69,12.41,944.0,16.7960962530793,25.0,Bd32-2bc,Bd,1
2012-09-14 00:00:00,"Takdah, West Bengal","Landslides triggered by heavy overnight rain in the hills caused extensive damage in six tea gardens but planters said the digging being done under the 100-day rural job scheme was making the soil come loose.While work had to be stopped for the day in Takdah and Lopchu gardens because of the slides, Bannockburn, Phoobshering, Ging and Pussimbing reported loss of many tea bushes.“Takdah received around 18 inches of rainfall in the last 24 hours. Around 160 labourer quarters have suffered damage. A 40ft road in Takdah has been washed away in four places and five culverts have been damaged in landslides. There is no approach road to the garden factory now,” said Sandeep Mukherjee, the principal advisor to the Darjeeling Tea Association.",downpour,India,IN,Sikkim,88.3603,27.0377,19.11,59.31,73.96,114.52,34.67,1481.0,21.17647711915332,5.0,Ah12-2bc,Ah,1
2010-07-20 00:00:00,Synthetic negative example,No recorded landslide at this location on 2010-07-20,none,India,IN,Sikkim,88.5292,27.172,22.3,79.1,122.6,657.3,36.3,322.0,37.359591147855866,5.0,Bd32-2bc,Bd,0
2017-07-09 00:00:00,Synthetic negative example,No recorded landslide at this location on 2017-07-09,none,India,IN,Manipur,93.9482,24.8063,7.0,116.30000000000001,221.5,336.5,90.7,780.0,1.3781307546716215,50.0,Ao76-2/3c,Ao,0
2014-07-18 00:00:00,Synthetic negative example,No recorded landslide at this location on 2014-07-18,none,India,IN,Meghalaya,91.885,25.5728,7.0,81.4,122.9,240.2,53.9,1501.0,9.40412013238775,5.0,Ao74-2b,Ao,0
2013-06-13 00:00:00,Synthetic negative example,No recorded landslide at this location on 2013-06-13,none,India,IN,Nagaland,94.6654,26.2753,0.0,0.0,59.8,126.4,26.3,1150.0,30.949579012722413,25.0,Ao76-2/3c,Ao,0
2013-06-18 00:00:00,Synthetic negative example,No recorded landslide at this location on 2013-06-18,none,India,IN,Manipur,93.9877,25.0604,1.7,19.6,23.2,78.10000000000001,9.4,1519.0,37.35514278400912,50.0,Ao76-2/3c,Ao,0
2022-09-04 00:00:00,Synthetic negative example,No recorded landslide at this location on 2022-09-04,none,India,IN,Arunachal Pradesh,93.0153,27.4888,13.8,53.5,171.5,204.1,50.4,540.0,28.976817364678165,50.0,Ao80-2bc,Ao,0
2011-07-27 00:00:00,Synthetic negative example,No recorded landslide at this location on 2011-07-27,none,India,IN,Assam,91.7351,26.1548,12.9,45.7,196.7,429.2,80.6,56.0,1.852254273911334,,Ao79-a,Ao,0
2017-07-08 00:00:00,Synthetic negative example,No recorded landslide at this location on 2017-07-08,none,India,IN,Nagaland,94.6279,25.9466,59.6,93.7,254.1,451.90000000000003,59.6,1387.0,24.372477818489617,25.0,Ao76-2/3c,Ao,0
2021-06-04 00:00:00,Synthetic negative example,No recorded landslide at this location on 2021-06-04,none,India,IN,Arunachal Pradesh,95.2253,27.8458,30.8,71.2,112.3,179.1,30.8,131.0,0.926369172997235,1.0,Ao79-a,Ao,0
2011-08-15 00:00:00,"East Kameng, Arunachal Pradesh","landslides triggered off by heavy rain cutting off road communication in several districts of Arunachal Pradesh The situation has been particularly cut off in the East Kameng district in western Arunachal Pradesh, where incessant rains have played havoc with people's lives, washing away roads and disrupting power supply",downpour,India,IN,Arunachal Pradesh,93.0153,27.4888,42.1,67.64,79.22,144.29,42.1,540.0,28.976817364678165,50.0,Ao80-2bc,Ao,1
2017-07-04 00:00:00,Synthetic negative example,No recorded landslide at this location on 2017-07-04,none,India,IN,Mizoram,93.3783,23.5397,62.2,85.7,120.2,224.3,62.2,1564.0,10.138358485391878,1.0,Bh16-2/3c,Bh,0
2014-10-20 00:00:00,South West Garo Hills,Deputy commissioner of South West Garo Hills district Ram Singh said six people were killed by a landslide and one was swept away by floodwaters.,rain,India,IN,Meghalaya,90.0896,25.5006,0.0,0.07,8.69,36.6,7.56,45.0,4.806912083386269,50.0,Ge51-2a,Ge,1
2022-06-09 00:00:00,Synthetic negative example,No recorded landslide at this location on 2022-06-09,none,India,IN,Assam,91.7998,26.1985,8.6,45.1,64.7,129.5,28.0,82.0,10.286118871948458,5.0,Ao79-a,Ao,0
2014-08-21 00:00:00,Synthetic negative example,No recorded landslide at this location on 2014-08-21,none,India,IN,Nagaland,94.9152,26.222,6.5,50.6,147.3,265.6,35.7,1762.0,28.42576702358958,25.0,Ao76-2/3c,Ao,0
2014-08-20 00:00:00,Synthetic negative example,No recorded landslide at this location on 2014-08-20,none,India,IN,Assam,91.7702,26.1768,6.8,32.6,198.9,414.40000000000003,102.4,83.0,30.11204693140904,1.0,Ao79-a,Ao,0
2017-07-09 00:00:00,Synthetic negative example,No recorded landslide at this location on 2017-07-09,none,India,IN,Arunachal Pradesh,93.6885,27.1034,95.1,145.0,232.29999999999998,483.59999999999997,95.1,144.0,2.2771438387407703,5.0,Be82-a,Be,0
2013-09-14 00:00:00,Synthetic negative example,No recorded landslide at this location on 2013-09-14,none,India,IN,Manipur,93.55,24.9667,6.0,17.5,48.4,80.3,10.4,568.0,22.8550987968422,5.0,Bh16-2/3c,Bh,0
2023-06-28 00:00:00,Synthetic negative example,No recorded landslide at this location on 2023-06-28,none,India,IN,Manipur,93.6795,25.1604,4.4,40.0,57.300000000000004,97.9,29.1,1091.0,12.975482111654207,25.0,Bh16-2/3c,Bh,0
2015-09-23 00:00:00,Synthetic negative example,No recorded landslide at this location on 2015-09-23,none,India,IN,Assam,93.0123,25.1775,3.5,12.1,44.6,102.7,23.8,652.0,15.42307118570718,5.0,Ao76-2/3c,Ao,0
2015-08-01 00:00:00,between Tengnoupal-Sita junction and Tengnoupal Power Sub-Station,In between Tengnoupal-Sita junction and Tengnoupal Power Sub-Station landslide occurred at four locations and blocked the Tengnoupal-Sangshak road,continuous_rain,India,IN,Manipur,94.1913,24.4265,3.7,100.7,118.29,201.72,76.06,1309.0,11.243730344787089,25.0,Bh16-2/3c,Bh,1
2016-06-02 00:00:00,Synthetic negative example,No recorded landslide at this location on 2016-06-02,none,India,IN,Nagaland,94.5282,26.0101,1.9,7.199999999999999,16.2,125.6,4.5,1706.0,14.964338094507506,5.0,Ao76-2/3c,Ao,0
2023-08-25 00:00:00,Synthetic negative example,No recorded landslide at this location on 2023-08-25,none,India,IN,Nagaland,94.1054,25.4196,19.1,23.3,40.0,79.6,19.1,1400.0,22.47272827882763,5.0,Ao76-2/3c,Ao,0
2018-08-17 00:00:00,Synthetic negative example,No recorded landslide at this location on 2018-08-17,none,India,IN,Assam,93.8067,25.7713,11.3,25.900000000000002,115.8,208.4,55.0,234.0,6.172125181758627,10.0,Ao76-2/3c,Ao,0
2010-06-22 00:00:00,Synthetic negative example,No recorded landslide at this location on 2010-06-22,none,India,IN,Assam,91.7162,26.1226,17.0,55.7,165.9,205.6,74.2,72.0,15.288279133132818,5.0,Nd2-2b,Nd,0
2015-06-13 00:00:00,"Ratacherra village along the NH-44 connecting to Barak Valley in Assam and Tripura, Meghalaya, Mizoramon",At least four people including three women were killed and two others injured in landslide following heavy rainfall…when a tea shop was buried,continuous_rain,India,IN,Meghalaya,92.2121,25.463,32.26,105.13,265.65,345.41,96.34,1379.0,2.1170938186387036,5.0,Ao74-2b,Ao,1
2019-09-05 00:00:00,Synthetic negative example,No recorded landslide at this location on 2019-09-05,none,India,IN,Arunachal Pradesh,96.5242,28.0791,2.1,3.0,6.2,16.9,3.0,557.0,24.638327529773587,10.0,I-Af-Bd-2c,I,0
2019-08-18 00:00:00,Synthetic negative example,No recorded landslide at this location on 2019-08-18,none,India,IN,Manipur,94.1146,24.3481,3.5,17.2,70.8,214.5,23.9,1003.0,6.3503843875058354,10.0,Bh16-2/3c,Bh,0
2011-07-16 00:00:00,Mebua (8 km from Seppa),"Landslides triggered by torrential rain during the past couple of days have thrown life out of gear in many parts of Arunachal Pradesh disrupting surface communication and water supply.    The Bameng-Chayang Tajo road in East Kameng district has been snapped by flash-floods cutting off both the circles from the rest of the district.        Due to landslides, blockages have been reported at Mebua, some 8 kms off Seppa, the district headquarters.Official sources said today that many small streams in the area have swelled and are dangerously flowing above danger levels and have swept away many culverts along the Bameng -Chayang Tajo road.     Many vehicles from Bameng to Seppa were left stranded at Pachi following the situation.Movement of vehicles on the Seppa- Bameng-Chayang Tajo circuit had to be suspended temporarily, the sources said.",downpour,India,IN,Arunachal Pradesh,92.9064,27.2743,2.2,79.4,131.24,190.44,49.2,638.0,13.108321654365652,10.0,Ao80-2bc,Ao,1
2023-08-05 00:00:00,Synthetic negative example,No recorded landslide at this location on 2023-08-05,none,India,IN,Manipur,94.4759,24.9111,2.0,14.899999999999999,52.9,96.7,20.2,1827.0,25.70499440133583,10.0,Bh16-2/3c,Bh,0
2015-08-06 00:00:00,Synthetic negative example,No recorded landslide at this location on 2015-08-06,none,India,IN,Mizoram,92.967,22.479,3.2,9.1,178.1,751.8,151.0,443.0,19.352435158845225,25.0,Bh16-2/3c,Bh,0
2010-08-16 00:00:00,Synthetic negative example,No recorded landslide at this location on 2010-08-16,none,India,IN,Arunachal Pradesh,94.9829,28.611,9.5,33.7,60.7,122.5,18.5,1668.0,32.48339327835614,5.0,Ao80-2bc,Ao,0
2014-07-15 00:00:00,Synthetic negative example,No recorded landslide at this location on 2014-07-15,none,India,IN,Assam,91.8383,26.1309,14.6,110.6,151.1,282.0,57.7,105.0,8.517835654237123,5.0,Nd2-2b,Nd,0
2022-07-22 00:00:00,Synthetic negative example,No recorded landslide at this location on 2022-07-22,none,India,IN,Mizoram,93.125,24.3069,5.8,12.5,89.7,141.5,50.1,750.0,29.11681749159973,5.0,Bh16-2/3c,Bh,0
2010-05-31 23:00:00,"North Sikkiim Highway, periphery of Gangtok, Sikkim East district","Over 500 tourists were stranded in the periphery of Gangtok since Monday night following multiple landslides triggered by heavy rainfall in Sikkim.  Sikkim Deputy Inspector General of Police S. Rao said the landslides occurred in the Sikkim East district around this capital town and famous tourist resort.  'Over 500 stranded tourists had to spend the night under open skies. More than 100 vehicles were also stranded as the North Sikkim Highway was blocked,' Rao said.  The Border Roads Organisation (BRO) personnel began clearing the highway and other roads in the morning and rescued the trapped tourists, who were then brought here.  The vehicles were then removed to Gangtok, Rao said.  The East Sikkim district has experienced 100 mm rain since Sunday.",downpour,India,IN,Sikkim,88.6428,27.3543,4.53,9.04,21.88,85.33,7.34,2116.0,16.813128021329533,5.0,Bd32-2bc,Bd,1
2021-07-09 00:00:00,Synthetic negative example,No recorded landslide at this location on 2021-07-09,none,India,IN,Nagaland,94.25,26.138,21.1,41.7,52.1,116.4,21.1,1013.0,12.074502330273894,50.0,Ao76-2/3c,Ao,0
2015-06-15 00:00:00,Synthetic negative example,No recorded landslide at this location on 2015-06-15,none,India,IN,Arunachal Pradesh,93.871,27.6438,20.3,66.0,196.7,393.5,84.8,1708.0,22.834392972989953,10.0,Ao80-2bc,Ao,0
2014-07-09 00:00:00,Synthetic negative example,No recorded landslide at this location on 2014-07-09,none,India,IN,Nagaland,94.1884,25.3833,4.0,10.7,43.8,128.9,12.8,1679.0,28.085541778829267,5.0,Ao76-2/3c,Ao,0
2020-08-20 00:00:00,Synthetic negative example,No recorded landslide at this location on 2020-08-20,none,India,IN,Mizoram,93.125,24.3069,31.1,67.2,112.3,151.4,31.1,750.0,29.11681749159973,5.0,Bh16-2/3c,Bh,0
2011-09-28 00:00:00,Synthetic negative example,No recorded landslide at this location on 2011-09-28,none,India,IN,Nagaland,94.25,26.138,0.9,2.2,19.900000000000002,107.5,10.4,1013.0,12.074502330273894,50.0,Ao76-2/3c,Ao,0
2016-07-20 00:00:00,Synthetic negative example,No recorded landslide at this location on 2016-07-20,none,India,IN,Arunachal Pradesh,95.8011,27.174,5.2,21.6,256.09999999999997,368.0,182.6,295.0,1.041280595140532,10.0,Ao76-2/3c,Ao,0
2019-08-17 00:00:00,Synthetic negative example,No recorded landslide at this location on 2019-08-17,none,India,IN,Assam,91.7138,26.1662,3.1,58.0,79.7,101.9,47.0,140.0,21.63720584577714,50.0,Ao79-a,Ao,0
2015-08-15 00:00:00,Synthetic negative example,No recorded landslide at this location on 2015-08-15,none,India,IN,Manipur,93.948,24.7992,0.3,2.3,25.2,77.0,10.9,780.0,2.7545823875732576,,Ao76-2/3c,Ao,0
2010-09-13 00:00:00,"near Tuivawl(?), Aizawl-Champhai rd, Aizawl district, Mizoram","Sep 15, 2010  AIZAWL: Aizawl-Champhai road also was blocked by landslides in two places near Tuivawl and Tuichang.  ZONET Champhai Corr. said, the road block near Tuivawl was cleared while men are still at work till in the afternoon to clear the road block near Tuichang.",downpour,India,IN,Mizoram,92.9296,23.591,5.92,10.64,23.16,44.72,5.92,802.0,14.408778587162091,25.0,Bh16-2/3c,Bh,1
2015-09-24 00:00:00,Synthetic negative example,No recorded landslide at this location on 2015-09-24,none,India,IN,Nagaland,94.5238,26.0093,28.1,48.0,114.60000000000001,161.3,31.0,1808.0,20.62758173058563,5.0,Ao76-2/3c,Ao,0
2013-07-21 00:00:00,Synthetic negative example,No recorded landslide at this location on 2013-07-21,none,India,IN,Mizoram,92.7146,23.7365,5.8,19.2,46.7,78.1,13.6,1024.0,35.93984192404095,1.0,Bd61-2c,Bd,0
2011-09-06 08:00:00,NH 37 at Awang Khul,A massive landslide along the NH 37 at Awang Khul has cut off Imphal and Jiribam,rain,India,IN,Assam,93.117,24.808,22.29,30.58,45.24,61.51,22.29,39.0,5.900698486822301,1.0,Gd25-2a,Gd,1
2016-07-25 12:30:00,"Imphal-Dimapur road  in Tadubi, Senapati district, Manipur, India","Continuous downpour in the past three days led to a massive mudslide along Imphal-Dimapur road (NH-2) and destroyed 6 stalls constructed at the heart of Tadubi town at around 12.30pm today, reports NNN.  An 81 year old woman identified as S Koshuni, who was in one of the shops miraculously escaped with minor injuries.",continuous_rain,India,IN,Manipur,94.1383,25.48,18.3,31.65,48.82,130.34,18.3,1699.0,16.072160878428527,1.0,Ao76-2/3c,Ao,1
2010-06-28 00:00:00,"Borsorsa(?), West Khasi Hills, Meghalaya","Two missing, trucks under mud: The heavy downpour on Monday also caused heavy landslides at Borsorsa, West Khasi Hills, our Nongstoin Correspondent reports. 12 trucks and ten houses were swallowed by the mud and two persons were found missing. Some of the trucks have been recovered while some others are still trapped in the hill of mud. Authorities said the rescue operation was still on and actual report of the casualties is not yet clear.",downpour,India,IN,Meghalaya,91.2698,25.4916,47.18,124.26,152.18,243.7,51.72,1493.0,11.383724956082276,50.0,Ao75-2b,Ao,1
2011-08-08 00:00:00,Synthetic negative example,No recorded landslide at this location on 2011-08-08,none,India,IN,Manipur,93.9854,25.5007,45.8,150.5,215.3,304.4,66.0,1429.0,19.350128854289956,5.0,Bh16-2/3c,Bh,0
2016-07-17 00:00:00,Synthetic negative example,No recorded landslide at this location on 2016-07-17,none,India,IN,Nagaland,93.9136,25.7428,2.8,21.2,92.4,263.2,48.2,463.0,20.935780187981493,50.0,Ao76-2/3c,Ao,0
2012-07-13 00:00:00,Synthetic negative example,No recorded landslide at this location on 2012-07-13,none,India,IN,Arunachal Pradesh,95.4112,28.3036,59.0,223.7,320.4,504.5,115.0,1828.0,39.11774685252796,,Ao80-2bc,Ao,0
2010-08-17 00:00:00,"Dikhu bridge(?), Mokokchung-Tuensang road, Nagaland","On Tuesday, vehicles plying on the Mokokchung-Tuensang road were stranded for than 15 hours near the Dikhu Bridge under Mokokchung district due to mudslides and sinking caused by rains.  People cross a portion of the landslide area, along the National Highway 39, below Kohima, on Saturday, August 21, 2010. The calamities which affect the National Highway 39 started from August 7 after continuous heavy rainfall in the hilly state of Nagaland.",downpour,India,IN,Nagaland,94.6654,26.2753,17.35,49.71,103.86,127.65,26.91,1150.0,30.949579012722413,25.0,Ao76-2/3c,Ao,1
2010-09-02 00:00:00,Synthetic negative example,No recorded landslide at this location on 2010-09-02,none,India,IN,Nagaland,94.1399,25.4788,29.7,44.8,86.39999999999999,145.4,29.7,1640.0,14.637633427177526,10.0,Ao76-2/3c,Ao,0
2016-07-01 00:00:00,"Old Inspection Bungalow, Bhalukpong town, West Kameng, Arunachal Pradesh, India","At least five persons, including two women, were killed on Friday, while five others remained missing in a landslip that buried several houses in Arunachal Pradesh’s West Kameng district, which is being lashed by torrential rain.  The landslip occurred when a small hillock near the Old Inspection Bungalow caved in and buried several houses in Bhalukpong town, West Kameng district Superintendent of Police A. Koan said. While five bodies were retrieved from the debris, five others were still missing as rescue operation had to be suspended due to darkness.  Three rescued  The SP, who is camping at Bhalukpong to supervise rescue operations, said torrential rain in the past couple of days have triggered flood-like situation in the town bordering Assam.         Three persons have been rescued from the debris, but they have sustained serious injuries, he said.",downpour,India,IN,Arunachal Pradesh,92.6351,27.0136,7.67,13.51,20.96,60.96,7.67,221.0,4.832634573500187,1.0,Be82-a,Be,1
2013-06-26 00:00:00,Synthetic negative example,No recorded landslide at this location on 2013-06-26,none,India,IN,Assam,93.1658,25.2269,1.1,68.0,106.9,124.5,53.0,392.0,2.9593941376249964,25.0,Ao76-2/3c,Ao,0
2010-06-06 00:00:00,Synthetic negative example,No recorded landslide at this location on 2010-06-06,none,India,IN,Arunachal Pradesh,95.1645,28.1193,92.7,195.60000000000002,383.1,457.5,99.9,777.0,38.50868136980543,5.0,Ao80-2bc,Ao,0
2014-09-03 00:00:00,Synthetic negative example,No recorded landslide at this location on 2014-09-03,none,India,IN,Assam,91.7896,26.1844,3.4,47.2,125.0,215.6,39.0,61.0,4.818259994255743,5.0,Af48-2ab,Af,0
2017-07-17 00:00:00,Synthetic negative example,No recorded landslide at this location on 2017-07-17,none,India,IN,Sikkim,88.6236,27.3425,44.9,131.8,207.8,516.1,56.7,2045.0,35.90869349353838,10.0,Bd32-2bc,Bd,0
2017-08-17 00:00:00,Synthetic negative example,No recorded landslide at this location on 2017-08-17,none,India,IN,Arunachal Pradesh,91.9754,27.5754,38.1,88.4,136.0,313.5,48.3,2410.0,26.864068197615136,5.0,Ao80-2bc,Ao,0
2011-08-17 00:00:00,Synthetic negative example,No recorded landslide at this location on 2011-08-17,none,India,IN,Assam,92.8339,25.2946,4.4,54.8,98.9,226.6,28.7,885.0,17.07308516773084,,Ao74-2b,Ao,0
2008-06-15 00:00:00,"Lakhimpur district, Bihpuria, Assam","heavy flooding and landslides in Assam and Arunachal Pradesh, difficult to determine if casualties were from flooding or landslides",downpour,India,IN,Assam,94.0989,27.2298,1.5,64.37,149.51,193.92,37.41,94.0,2.1247789427521147,25.0,Be82-a,Be,1
2013-08-04 00:00:00,"Longsa, Nagaland","Incessant torrential rain, which began Sunday at around 11.30 p.m. has completely cut off Suruhuto town from the rest of the state. In a press release, NGZPMC joint secretary Hotoshe Sema said all three links connecting Zunheboto, Mokokchung and Tuensang have been cut off. Road to Zunheboto has been  blocked in 5-6 places and Mokokchung road has been blocked in two places near Zhekuto and Longsa. The valleys of Nanga (Dikhu), Phizo and Tizu, known as rice bowls of Suruhuto Area has been damaged by floods and landslides. Many terrace fields and canals have been washed away by flood. A team of Nanga (Dikhu) Greener Zone Project Management Committee (NGZPMC) who were on GPS mapping of Community Conserved Area (CCA) has been stranded at Nanga valley owing to flood. Log bridges connecting Phuye New/Old and Suruhuto/Surumi/Aichi Saghemi villages have been washed away. Travelers from Tuensang to Kohima/Dimapur via Suruhuto-Coco shortcut road have been requested to take the via Mokokchung rout",monsoon,India,IN,Nagaland,94.5438,26.2083,5.78,14.93,47.43,91.56,17.14,1477.0,7.149705606575251,1.0,Ao76-2/3c,Ao,1
2013-09-02 00:00:00,Arunachal Pradesh,"With improvement in the weather, the water level of major rivers in Eastern Arunachal showed a receding trend even as West and Upper Siang districts in the state remained cut off due to massive landslides triggered by torrential rain. Chief Minister Nabam Tuki on Saturday undertook an aerial survey of the affected areas accompanied by Chief Secretary Hari Krishna and Secretary, Disaster Management, Kapa Kholie, officials said on Sunday. Reports had poured in of the Noa Dihing River rising over danger level and inundating portions of Dumpani and four other villages under Diyun circle in Changlang district. At least 13,246 people of eleven villages have been affected by the current wave of flood. Landing at Diyun, Tuki took first hand report of the situation from local Legislator C C Singpho and officials of the district administration, sources said. The swollen river has triggered landslides in at least seven villages while about 85 hectares have been submerged in five villages, they sa",downpour,India,IN,Arunachal Pradesh,93.7525,27.1614,40.7,70.95,160.05,214.23,40.7,152.0,3.1207434178512083,,Be82-a,Be,1
2013-07-15 00:00:00,Synthetic negative example,No recorded landslide at this location on 2013-07-15,none,India,IN,Manipur,94.3619,25.0985,11.9,42.7,91.7,138.7,23.7,1892.0,10.523133627119554,5.0,Bh16-2/3c,Bh,0
2013-09-01 00:00:00,"Tamenglong, Manipur","The incessant rains have caused mudslides causing great havoc in different parts of Tamenglong district. Many people have also lost their properties in the mudslides at Tamenglong town areas. One major mudslide was occurred at Tamenglong ward No.IV near the petrol pump. One store belonging to DM Wangiangdin has been totally damaged. His Alto Maruti car (Suzuki MN01X3673) which was kept inside the store house was also partially damaged by the mudslide. The residence of one Asam Gonmei has also been submerged by the mudslide, leading to lose of all properties. On account of the mudslide, Tamei- Tamenglong road has remained cut off since September 1.",continuous_rain,India,IN,Assam,93.5063,24.9829,5.42,8.29,54.14,85.41,27.94,1305.0,31.44272371697256,5.0,Bh16-2/3c,Bh,1
2014-09-23 03:00:00,Mawbah under Mawprem area,"Eight persons including a pregnant woman were buried alive under the debris after a massive landslide occurred in Mawbah under Mawprem area in Meghalaya's East Khasi Hills District, officials said.",continuous_rain,India,IN,Meghalaya,91.8666,25.5772,73.98,252.28,349.11,400.48,106.85,1473.0,11.687392758994248,5.0,Ao74-2b,Ao,1
2011-07-22 00:00:00,Heibok Hills,"Mudslide alarm at Heibok hills Source: The Sangai Express  Imphal, July 22 2011: Following heavy mudslide on the western side of Heibok hills, people of Hiyangthang Tarahei Konjil are caught in a panicky situation.  Apprehension hangs heavy among the people that their homesteads might be buried by the falling mud and earth.  Following heavy downpour in the last 4/5 days, mud and earth started sliding down the hill side from a spot 40 feet above the ground, said the villagers.  Because of the heavy mudslide which occurred near a rice mill, one inter-village road located beneath the hill was closed for some period.  Even as the rice mill belonging to one Md Rabi (63) was saved from the devastating effect of the mudslide by putting wooden fence around it, one hand-pump, a tube-well and a cow shed have been buried by the mudslide.  The IVR was re-opened after the villagers cleared the mound of mud and earth.  The villagers said that a similar mudslide occurred in the other side of Heibok h",downpour,India,IN,Manipur,93.948,24.7992,6.93,43.74,140.61,213.93,37.74,780.0,2.7545823875732576,,Ao76-2/3c,Ao,1
2016-06-22 12:00:00,"Piyali Phukan Nagar, Guwahati, India","A woman was buried alive in Piyali Phukan Nagar in the city when the guard wall of her house collapsed after a landslide. No one else from her family was injured.The rescue official said Rukia's house was located just on the edge of a hill. ""After almost three hours of wroking through the debris, Rukia's body was found,"" an official of the rescue team said. The victim was identified as Rukia Khatun.The incident occurred around noon on Wednesday.Though an operation to extricate her began soon, she could not be saved. Around 120 families have been relocated and more than 50 others have been asked to shift.",downpour,India,IN,Assam,91.7825,26.1961,19.78,46.18,154.1,242.93,42.22,124.0,12.523591942861296,5.0,Ao79-a,Ao,1
2014-08-16 00:00:00,Synthetic negative example,No recorded landslide at this location on 2014-08-16,none,India,IN,Arunachal Pradesh,93.7706,27.1249,23.2,244.9,379.9,463.6,141.4,157.0,30.203926293037487,5.0,Be82-a,Be,0
2008-08-07 00:00:00,"National Highway-39, Dimapur-Imphal road and another under Kiphire district of Nagaland","Torrential rains during monsoon caused problems in Nagaland and Manipur, resulting in major landslides damaging bridges and sinking roads along the National Highway-39 and also in different parts of Nagaland. Occurred sometime 7th to 22nd",downpour,India,IN,Nagaland,94.04,25.705,0.82,12.78,35.98,88.22,12.35,1036.0,16.860785495741176,10.0,Ao76-2/3c,Ao,1
2014-10-01 11:00:00,Karsingsa block point,"The incident occurred around 11 am when a group of commuters were crossing the Karsingsa block point on foot towards Banderdewa, the gateway of Arunachal capital, Itanagar, when a massive landslide hit the victims and buried them alive after dragging them for about 100 metres.  The killed have been identified as 22-year-old Gichik Yake (Tagru) and her husband Tagru Tassa (27) of Tali in Kurung Kumey district, Kamgouthang Kipgen (29) and Jhon Kipgen (16) – both hailing from Manipur, and eight-year-old boy Hriky Dekam (Tamin) from Daporijo, Upper Subansiri district. The police later brought the bodies to the Arunachal State Hospital morgue for identification and later handed them over to their relatives after completing all formalities.",unknown,India,IN,Arunachal Pradesh,93.7706,27.1249,0.0,0.01,81.07,271.83,34.68,157.0,30.203926293037487,5.0,Be82-a,Be,1
2020-08-28 00:00:00,Synthetic negative example,No recorded landslide at this location on 2020-08-28,none,India,IN,Nagaland,94.1162,25.4379,2.8,6.3,15.9,155.3,5.0,1497.0,16.038678192026104,50.0,Ao76-2/3c,Ao,0
2020-09-20 00:00:00,Synthetic negative example,No recorded landslide at this location on 2020-09-20,none,India,IN,Nagaland,95.029,26.72,0.3,2.6999999999999997,53.4,125.1,15.0,689.0,8.43238623760218,5.0,Ao76-2/3c,Ao,0
2013-05-08 00:00:00,"Purba Simna, Tripura",A large landslide in western Tripura killed at least two people Wednesday night.,rain,India,IN,Tripura,91.4663,24.0896,45.59,126.29,207.05,260.03,45.59,107.0,7.483527022769612,5.0,Bd61-2c,Bd,1
2023-09-26 00:00:00,Synthetic negative example,No recorded landslide at this location on 2023-09-26,none,India,IN,Assam,91.7162,26.1226,11.8,24.400000000000002,97.8,149.0,34.6,72.0,15.288279133132818,5.0,Nd2-2b,Nd,0
2016-07-07 00:00:00,Synthetic negative example,No recorded landslide at this location on 2016-07-07,none,India,IN,Mizoram,92.7265,23.7269,2.5,39.4,110.5,193.3,46.9,864.0,25.896232878736683,5.0,Bd61-2c,Bd,0
2015-08-18 09:00:00,Tura Civil Hospital,A landslip on Tuesday also damaged shops in the Tura Civil Hospital vicinity.,continuous_rain,India,IN,Meghalaya,90.2023,25.5145,15.22,43.75,59.02,97.19,17.21,313.0,11.56504348955916,1.0,Nd2-2b,Nd,1
2019-07-15 00:00:00,Synthetic negative example,No recorded landslide at this location on 2019-07-15,none,India,IN,Arunachal Pradesh,96.1517,28.8254,35.4,165.7,400.7,564.9,85.1,3607.0,22.241130168890972,50.0,I-Af-Bd-2c,I,0
2016-07-02 00:00:00,Synthetic negative example,No recorded landslide at this location on 2016-07-02,none,India,IN,Nagaland,95.0283,26.7215,14.4,42.7,100.6,182.0,18.4,722.0,13.369645277910749,5.0,Ao76-2/3c,Ao,0
2016-06-27 00:00:00,Synthetic negative example,No recorded landslide at this location on 2016-06-27,none,India,IN,Nagaland,94.8133,26.2363,6.5,54.7,97.5,197.5,32.4,1559.0,14.352001947229548,5.0,Ao76-2/3c,Ao,0
2013-07-12 00:00:00,Synthetic negative example,No recorded landslide at this location on 2013-07-12,none,India,IN,Sikkim,88.3652,27.167,13.1,157.8,647.3,864.7,184.1,1483.0,23.74809153558515,10.0,Rd29-1a,Rd,0
2013-07-06 00:00:00,Synthetic negative example,No recorded landslide at this location on 2013-07-06,none,India,IN,Assam,93.1265,25.3056,14.9,28.200000000000003,75.1,172.6,29.7,309.0,17.86684892489941,5.0,Ao76-2/3c,Ao,0
2014-06-17 00:00:00,Synthetic negative example,No recorded landslide at this location on 2014-06-17,none,India,IN,Sikkim,88.5292,27.172,2.1,10.8,34.8,130.2,11.7,322.0,37.359591147855866,5.0,Bd32-2bc,Bd,0
2016-07-20 00:00:00,Synthetic negative example,No recorded landslide at this location on 2016-07-20,none,India,IN,Nagaland,94.0212,25.2745,11.0,21.3,58.0,113.7,13.0,1070.0,13.95022570481308,5.0,Ao76-2/3c,Ao,0
2023-06-28 00:00:00,Synthetic negative example,No recorded landslide at this location on 2023-06-28,none,India,IN,Manipur,94.0489,25.4477,3.0,18.799999999999997,36.4,73.6,9.2,1325.0,24.119907126086968,1.0,Ao76-2/3c,Ao,0
2021-06-27 00:00:00,Synthetic negative example,No recorded landslide at this location on 2021-06-27,none,India,IN,Meghalaya,91.893,25.583,1.5,6.1,14.1,66.9,3.3,1445.0,7.211180224347258,5.0,Ao74-2b,Ao,0
2014-07-05 00:00:00,Synthetic negative example,No recorded landslide at this location on 2014-07-05,none,India,IN,Arunachal Pradesh,92.35,27.4,21.4,91.7,194.3,469.0,41.3,2622.0,27.60616139709439,50.0,Ao80-2bc,Ao,0
2016-09-26 00:00:00,Synthetic negative example,No recorded landslide at this location on 2016-09-26,none,India,IN,Manipur,94.0144205,25.03561729,1.0,10.3,39.8,57.4,13.7,860.0,27.282090548675143,25.0,Ao76-2/3c,Ao,0
2016-10-15 00:00:00,Rangpo,"The road on way to Peiling in Sikkim remained cut off due to landslides at Namchi and Rangpo but the Lava-Lolegaon route in Darjeeling was still working, though only for cars and the small vehicles took long detour through the second route, the officials said.",downpour,India,IN,Sikkim,88.5292,27.172,0.46,24.83,85.99,123.02,25.99,322.0,37.359591147855866,5.0,Bd32-2bc,Bd,1
2016-07-26 23:00:00,"Zunheboto, Nagaland, India","Incessant heavy downpour since the past few weeks has caused landslides across Zunheboto district.  On July 26 night, the kitchen of one of the employees of Zunheboto Town Council (ZTC) was completely damaged by a retaining wall which fell due to landslide in the area.  On joint verification headed by Head DB, Zunheboto, Toyi and colony GB Vihoto Achumi it was learnt that the property was completely damaged by the landslide.",downpour,India,IN,Nagaland,94.5282,26.0101,1.68,31.23,61.28,139.95,23.43,1706.0,14.964338094507506,5.0,Ao76-2/3c,Ao,1
2018-07-07 00:00:00,Synthetic negative example,No recorded landslide at this location on 2018-07-07,none,India,IN,Manipur,94.0644,24.4072,4.7,8.6,33.0,80.5,11.6,1169.0,30.250220321793236,5.0,Ao76-2/3c,Ao,0
2013-06-07 00:00:00,"Helipong-Chessore Road, Nagaland","Chessore Area GBÕs Union (CAGBU) has expressed gratitude to parliamentary secretary CAWD R. Tohanba for deploying his own excavator and men for clearing up the landslide along Helipong-Chessore road. The road was blockade due to heavy landslide since early June 2013. Following the clearance of landslide, vehicles can now pass through this road. In a press release, CAGBU general secretary R. Ramji and vice president S. Neoji also appealed to the department  of PWD (R& B) to look after the road condition of Helipong- Chessore for the welfare of the general public",unknown,India,IN,Nagaland,94.7499,26.0977,9.11,20.54,30.52,61.92,9.11,1550.0,3.0918835620363234,10.0,Ao76-2/3c,Ao,1
2007-09-11 00:00:00,"NH-39 at Imphal-Moreh section, Lokchao largest event","multiple landslides (6 locations) along NH 39, blocked traffic",rain,India,IN,Manipur,94.0564,24.4279,6.06,13.55,105.1,125.51,33.58,895.0,8.395047652311604,50.0,Ao76-2/3c,Ao,1
2016-06-19 00:00:00,Synthetic negative example,No recorded landslide at this location on 2016-06-19,none,India,IN,Assam,93.117,24.808,6.9,78.0,238.0,380.6,102.9,39.0,5.900698486822301,1.0,Gd25-2a,Gd,0
2017-07-21 00:00:00,Synthetic negative example,No recorded landslide at this location on 2017-07-21,none,India,IN,Nagaland,94.5121,26.3186,12.9,66.2,84.10000000000001,194.4,36.2,1250.0,14.80546141353928,5.0,Ao76-2/3c,Ao,0
2023-08-10 00:00:00,Synthetic negative example,No recorded landslide at this location on 2023-08-10,none,India,IN,Nagaland,94.1054,25.4196,2.0,14.5,60.1,98.4,27.3,1400.0,22.47272827882763,5.0,Ao76-2/3c,Ao,0
2018-08-20 00:00:00,Synthetic negative example,No recorded landslide at this location on 2018-08-20,none,India,IN,Manipur,93.55,24.9667,11.1,11.299999999999999,34.1,112.7,11.1,568.0,22.8550987968422,5.0,Bh16-2/3c,Bh,0
2010-08-14 00:00:00,"Tuensang-Shamatore(Sampurre) rd, Nagaland","People cross a portion of the landslide area, along the National Highway 39, below Kohima, on Saturday, August 21, 2010. The calamities which affect the National Highway 39 started from August 7 after continuous heavy rainfall in the hilly state of Nagaland.   Almost all roads in Tuensang district including those connecting the district headquarters have become unpliable for both the Nagaland State Transport (NST) buses and private vehicles. Some of the roads worst hit by landslides and land-sinking are Tuensang-Shamatore road, Noklak-Tuensang road, Kiphire-Tuensang road and Tuensang-Mokokchung road. (Very unclear about the date, anytime between August 7th and August 21st)",downpour,India,IN,Nagaland,94.8422,26.148,11.86,53.09,65.68,97.18,26.51,1506.0,33.88948141819591,10.0,Ao76-2/3c,Ao,1
2009-08-12 00:00:00,"Upper Subansiri District, Arunanchal Pradesh",Torrential rain has triggered a series of landslides across Arunachal Pradesh. The worst affected by the deluge was the Upper Subansiri district which has been cut off from the rest of the country since August 12.,downpour,India,IN,Arunachal Pradesh,92.8,27.7,17.32,32.27,50.39,101.58,17.32,2445.0,17.488372713621818,5.0,Ao80-2bc,Ao,1
2022-06-05 00:00:00,Synthetic negative example,No recorded landslide at this location on 2022-06-05,none,India,IN,Manipur,94.3415,25.0634,4.7,19.3,68.2,85.39999999999999,19.9,1763.0,27.550445354076174,10.0,Bh16-2/3c,Bh,0
2023-06-01 00:00:00,Synthetic negative example,No recorded landslide at this location on 2023-06-01,none,India,IN,Assam,91.6849,26.1001,0.7,5.1000000000000005,28.1,120.9,11.8,84.0,24.925661978622223,5.0,Ao77-2a,Ao,0
2011-07-29 00:00:00,"Maram, Manipur","IMPHAL July 29: Several external factors are severely hindering the progress of road repair works being undertaken at the landslide affected area of Maram in Senapati and other developmental works being undertaken along the National Highway, stated works minister K Ranjit after a personal inspection tour of landslide affected area of Maram in Senapati.  Deliberating on the issue faced by the officials and personnel working at the sites, he told media persons accompanying hin that there have been several reported incidents of monetary demands on the officials made by anti-social individuals besides threatening and afflicting physical harms to the labourers working at the Maram landslide area.  Further elaborating, minister K Ranjit stated that the Border Road Organization has been controlling the renovation and repairing of the 27 kms long stretch from Mao to Maram in Senapati for the past 40 years, however considering the failure of the BRO to maintained the highway which is also the m",rain,India,IN,Nagaland,94.108,25.4192,4.21,9.26,33.41,164.08,10.07,1388.0,14.27107053574802,10.0,Ao76-2/3c,Ao,1
2022-06-26 00:00:00,Synthetic negative example,No recorded landslide at this location on 2022-06-26,none,India,IN,Arunachal Pradesh,91.8569,27.5799,10.1,25.5,34.8,142.2,10.1,2757.0,26.387393427090977,5.0,Ao80-2bc,Ao,0
2015-08-19 00:00:00,Tongseng,"Minor landslides were also reported in Tongseng, Ratacherra and Dona areas.",rain,India,IN,Meghalaya,92.3807,25.1416,41.24,100.47,149.45,253.17,41.77,158.0,10.756185231515634,5.0,Ge53-3a,Ge,1
2015-08-07 00:00:00,Synthetic negative example,No recorded landslide at this location on 2015-08-07,none,India,IN,Mizoram,92.7187,23.7313,12.7,15.799999999999999,35.699999999999996,487.7,16.2,1024.0,15.805360539732332,5.0,Bd61-2c,Bd,0
2014-08-22 00:00:00,Synthetic negative example,No recorded landslide at this location on 2014-08-22,none,India,IN,Sikkim,88.7334,27.3702,27.4,164.6,221.8,389.4,111.0,3523.0,13.824212020761683,10.0,I-Bh-U-c,I,0
2020-07-10 00:00:00,Synthetic negative example,No recorded landslide at this location on 2020-07-10,none,India,IN,Arunachal Pradesh,93.6885,27.1034,23.0,55.5,105.7,187.5,25.2,144.0,2.2771438387407703,5.0,Be82-a,Be,0
2013-08-12 00:00:00,Synthetic negative example,No recorded landslide at this location on 2013-08-12,none,India,IN,Assam,92.9974,24.7979,3.7,31.6,56.0,186.79999999999998,17.3,25.0,0.926369172997235,5.0,Ge53-3a,Ge,0
2010-06-15 00:00:00,Synthetic negative example,No recorded landslide at this location on 2010-06-15,none,India,IN,Assam,91.8074,26.1963,4.0,12.1,92.1,276.2,64.5,172.0,12.858314085836204,5.0,Ao79-a,Ao,0
2013-07-15 00:00:00,"National Highway 29 Near Phesama Village, Nagaland","Heavy landslide caused by incessant rain for the last couple of weeks has blocked National Highway 29 along Phesama village, about 12 km from here. This has affected Manipur as it is one of the main highways connecting the state with the rest of the country. A stretch of about 200 feet of the highway has been swept down to a distance of 500 to 600 feet into the valley. The landslide has completely cut off movement of vehicles, secluding the southern Angami areas and neighbouring state of Manipur.",rain,India,IN,Nagaland,94.1139,25.6269,14.57,35.52,150.03,209.87,51.78,1566.0,13.286694596501158,10.0,Ao76-2/3c,Ao,1
2010-07-06 00:00:00,"Mon, Nagaland","Dimapur| July 12  : Yet another monsoon season in Nagaland and one has to batter bad roads.    This year’s monsoon has been the worse by far.  Most interior villagers of Mon, Tuensang and Kiphire are cut out from the rest of the state. With good roads beyond their dreams even on dry days, rainy days are a nightmare for the people. Journey to places like Mimi in Kiphire, Pangsha in Tuensang and parts of Mon and Peren can be made only on four wheel drive vehicles or on foot. Mud slides are common in almost all the highways leading to district headquarters. Exploitation of natural resources like boulders and deforestation is causing more landslides than before. The use of roads by all size vehicles has spoilt most of the soiled roads making it difficult for smaller vehicles to ply.",monsoon,India,IN,Nagaland,95.0281,26.7225,13.18,37.16,73.13,128.95,13.18,699.0,8.28618530638979,5.0,Ao76-2/3c,Ao,1
2014-09-26 00:00:00,Synthetic negative example,No recorded landslide at this location on 2014-09-26,none,India,IN,Mizoram,92.6724,24.042,1.0,8.0,33.1,79.0,14.9,808.0,6.133310012526581,10.0,Bd61-2c,Bd,0
2014-09-23 00:00:00,Hatsingimari,"A child was killed in a landslide in Dhubri district’s Hatsingimari, while one person was electrocuted in Guwahati where a body floating on river Bharalu was also recovered, state government officials said.",continuous_rain,India,IN,Assam,89.9032,25.7238,13.14,178.28,279.82,387.34,90.9,33.0,14.316083944889312,5.0,Je38-2a,Je,1
2023-07-14 00:00:00,Synthetic negative example,No recorded landslide at this location on 2023-07-14,none,India,IN,Arunachal Pradesh,92.2833,27.44,38.8,254.2,565.2,1162.4,120.6,2613.0,1.0437789193849585,50.0,Ao80-2bc,Ao,0
2013-08-04 00:00:00,"Zhekuto, Nagaland","Incessant torrential rain, which began Sunday at around 11.30 p.m. has completely cut off Suruhuto town from the rest of the state. In a press release, NGZPMC joint secretary Hotoshe Sema said all three links connecting Zunheboto, Mokokchung and Tuensang have been cut off. Road to Zunheboto has been  blocked in 5-6 places and Mokokchung road has been blocked in two places near Zhekuto and Longsa. The valleys of Nanga (Dikhu), Phizo and Tizu, known as rice bowls of Suruhuto Area has been damaged by floods and landslides. Many terrace fields and canals have been washed away by flood. A team of Nanga (Dikhu) Greener Zone Project Management Committee (NGZPMC) who were on GPS mapping of Community Conserved Area (CCA) has been stranded at Nanga valley owing to flood. Log bridges connecting Phuye New/Old and Suruhuto/Surumi/Aichi Saghemi villages have been washed away. Travelers from Tuensang to Kohima/Dimapur via Suruhuto-Coco shortcut road have been requested to take the via Mokokchung rout",monsoon,India,IN,Nagaland,94.5497,26.1807,5.78,14.93,47.43,91.56,17.14,1650.0,31.579415431363547,5.0,Ao76-2/3c,Ao,1
2022-07-10 00:00:00,Synthetic negative example,No recorded landslide at this location on 2022-07-10,none,India,IN,Tripura,91.7599,23.8986,1.2,12.4,32.9,86.60000000000001,9.6,188.0,9.238837475306015,5.0,Bd61-2c,Bd,0
2013-09-11 00:00:00,Synthetic negative example,No recorded landslide at this location on 2013-09-11,none,India,IN,Mizoram,92.967,22.479,13.6,19.8,49.5,87.0,18.6,443.0,19.352435158845225,25.0,Bh16-2/3c,Bh,0
2020-08-28 00:00:00,Synthetic negative example,No recorded landslide at this location on 2020-08-28,none,India,IN,Arunachal Pradesh,96.174,27.9032,11.9,32.6,50.0,124.2,15.0,208.0,0.926369172997235,1.0,Af48-2ab,Af,0
2011-05-24 00:00:00,"Silchar-Haflong rd., at Reko(Rekha )(?), near Harangajao, Barail Hills, Assam","May 27, 2011, 12.15pm IST  SILCHAR: Traffic movement on the Silchar-Haflong Road (NH-54) has been hit following heavy landslide in a 200-metre area on the highway. The situation is expected to remain the same for the next two months.  According to reports, the landslide took place on Tuesday evening due to heavy rainfall in the Barail Hills range. Two rice-laden trucks also went under the debris. Officials said soil, mud, trees and debris came down to the road from the adjoining hills at Reko near Harangajao, 25 km from Haflong, the headquarters of Dima Hasao district. About 200 meters stretch of the road was washed away due to the impact of the mudslip, an official said on Thursday.  Sources said two trucks, which were on their way to Haflong from Silchar, went under the debris. However, there was no report of any casualty, the sources added. The trucks were loaded with rice meant for midday meal at schools in Dima Hasao.  ""The stretch of the road where the landslide took place has v",downpour,India,IN,Assam,92.8551,25.0888,15.2,50.01,141.96,173.02,47.2,260.0,26.254074995372054,10.0,Ao76-2/3c,Ao,1
2013-09-01 00:00:00,"Tamenglong- Khongsang Road, Manipur",Mudslides also occurred along Tamenglong- Khongsang road at many spots.,continuous_rain,India,IN,Manipur,93.487,24.9037,5.42,8.29,54.14,85.41,27.94,1248.0,32.47374462015055,25.0,Bh16-2/3c,Bh,1
2008-05-20 00:00:00,"A Cachar District village, near village of Srinager, Assam",villagers were cutting soil/earth for a road,mining,India,IN,Assam,92.8411,24.9849,5.6,22.56,69.88,83.69,23.36,262.0,19.51816573573522,50.0,Ge53-3a,Ge,1
2012-08-01 00:00:00,Synthetic negative example,No recorded landslide at this location on 2012-08-01,none,India,IN,Assam,91.7369,26.1049,30.5,64.8,321.3,599.0,91.4,156.0,16.672500924387776,1.0,Nd2-2b,Nd,0
2011-07-10 00:00:00,Synthetic negative example,No recorded landslide at this location on 2011-07-10,none,India,IN,Mizoram,92.5217,23.7705,0.9,15.200000000000001,23.7,113.2,12.9,73.0,9.728201491806368,5.0,Bd61-2c,Bd,0
2013-08-04 00:00:00,"Tizu, Nagaland","Incessant torrential rain, which began Sunday at around 11.30 p.m. has completely cut off Suruhuto town from the rest of the state. In a press release, NGZPMC joint secretary Hotoshe Sema said all three links connecting Zunheboto, Mokokchung and Tuensang have been cut off. Road to Zunheboto has been  blocked in 5-6 places and Mokokchung road has been blocked in two places near Zhekuto and Longsa. The valleys of Nanga (Dikhu), Phizo and Tizu, known as rice bowls of Suruhuto Area has been damaged by floods and landslides. Many terrace fields and canals have been washed away by flood. A team of Nanga (Dikhu) Greener Zone Project Management Committee (NGZPMC) who were on GPS mapping of Community Conserved Area (CCA) has been stranded at Nanga valley owing to flood. Log bridges connecting Phuye New/Old and Suruhuto/Surumi/Aichi Saghemi villages have been washed away. Travelers from Tuensang to Kohima/Dimapur via Suruhuto-Coco shortcut road have been requested to take the via Mokokchung rout",continuous_rain,India,IN,Nagaland,94.5234,25.8376,5.78,14.93,47.43,91.56,17.14,797.0,2.767591398229724,,Ao76-2/3c,Ao,1
2012-06-03 00:00:00," between Harangajao and Mailongdisa, Assa,","Torrential rain in the Barail Hill range for the past many days triggered landslides at least five places along the Lumding-Silchar section of Northeast Frontier Railway (NFR) early on Sunday. Authorities have suspended and regulated services of all the trains in this 214-km section until tracks are cleared.   A senior official of NFR here said at around 3am on Sunday, a large amount of soil and mud, boulders and trees came down the Borail Hill on the tracks at five different places in Dima Hasao district. The affected places are between Harangajao and Mailongdisa, Bandarkhal and Chandranathpur, Maibang and Daotohaja, Lower Haflong and Bagetar and between Mahur and Migrendisa.",downpour,India,IN,Assam,92.8573,25.1175,27.34,76.45,112.95,133.46,27.34,151.0,8.522096262869733,5.0,Ao76-2/3c,Ao,1
2014-06-27 00:00:00,Synthetic negative example,No recorded landslide at this location on 2014-06-27,none,India,IN,Meghalaya,91.8666,25.5772,35.7,55.5,454.20000000000005,765.4,151.8,1473.0,11.687392758994248,5.0,Ao74-2b,Ao,0
2010-06-26 00:00:00,Synthetic negative example,No recorded landslide at this location on 2010-06-26,none,India,IN,Meghalaya,91.8506,25.5576,94.0,223.4,367.9,538.0,95.4,1682.0,4.807840935153697,,Ao74-2b,Ao,0
2011-07-17 00:00:00,West Bengal-Sikkim at highway Rambi,"The ongoing monsoons have once again started to take its toll along NH-31A, with various places along the West Bengal-Sikkim highway being blocked because of landslides, police said.  After closing down the highway for over 12 hours at Rambi in the West Bengal side on June 17, the rains have once again disrupted traffic along the highway since Tuesday.  “The highway is blocked at a place around 200 meters from Teesta Bridge towards Siliguri. The spot which is near the Shiv Mandir at the infamous Likhey Bhir is informed to have lost a section of the road due to heavy rains,” Janmukti Chalak Mahasangh’s (JCM) president Milan Pradhan said.  The section of the road broke down at around mid-night on Tuesday after which traffic came to a standstill with vehicles on either side returning back to their destinations or taking alternative routes via Darjeeling, Kurseong or Mirik, police said.  Drivers are also taking the route via Kalimpong-Lava-Gurubathan and Damdim and entering Siliguri throug",rain,India,IN,Sikkim,88.42280921,26.99195749,6.33,24.99,77.76,172.28,18.98,268.0,25.893203347040103,5.0,Rd29-1a,Rd,1
2015-06-15 00:00:00,Synthetic negative example,No recorded landslide at this location on 2015-06-15,none,India,IN,Arunachal Pradesh,92.6351,27.0136,22.4,64.2,221.10000000000002,434.0,64.9,221.0,4.832634573500187,1.0,Be82-a,Be,0
2011-07-06 00:00:00,Synthetic negative example,No recorded landslide at this location on 2011-07-06,none,India,IN,Manipur,93.9815,24.004,8.5,50.4,142.1,239.2,34.3,1460.0,34.51751463643877,10.0,Ao76-2/3c,Ao,0
2014-07-19 00:00:00,Synthetic negative example,No recorded landslide at this location on 2014-07-19,none,India,IN,Manipur,93.5039,24.7543,17.0,59.3,101.4,134.9,23.8,403.0,16.099431076325118,50.0,Bh16-2/3c,Bh,0
2017-08-26 00:00:00,Synthetic negative example,No recorded landslide at this location on 2017-08-26,none,India,IN,Sikkim,88.7323,27.3736,21.5,47.9,112.0,288.2,24.8,3421.0,30.731772287991458,25.0,I-Bh-U-c,I,0
2016-06-11 00:00:00,Synthetic negative example,No recorded landslide at this location on 2016-06-11,none,India,IN,Meghalaya,91.8506,25.5576,33.5,97.9,151.2,191.9,34.6,1682.0,4.807840935153697,,Ao74-2b,Ao,0
2012-06-02 00:00:00,"Arunachal Pradesh, Dibang,","In Arunachal Pradesh, heavy landslides caused by torrential rain has disrupted surface communication between Dibang and Lower Diwang Valley districts. Since last three days there is no communication between Anini and Roing, the headquarters of both the districts. This is due to blockade at several points along the road caused by heavy downpour, officials said here today.",downpour,India,IN,Arunachal Pradesh,96.1517,28.8254,4.69,12.46,14.98,25.87,5.6,3607.0,22.241130168890972,50.0,I-Af-Bd-2c,I,1
2022-07-11 00:00:00,Synthetic negative example,No recorded landslide at this location on 2022-07-11,none,India,IN,Sikkim,88.6069,27.3383,3.7,13.8,28.2,207.29999999999998,9.5,1514.0,14.993125541982852,50.0,Bd32-2bc,Bd,0
2019-08-04 00:00:00,Synthetic negative example,No recorded landslide at this location on 2019-08-04,none,India,IN,Meghalaya,91.2,25.8833,11.8,32.9,80.9,165.6,27.6,252.0,26.701404884610746,50.0,Nd2-2b,Nd,0
2013-06-27 00:00:00,Synthetic negative example,No recorded landslide at this location on 2013-06-27,none,India,IN,Mizoram,92.74128531,23.75406693,2.8,5.6,120.3,164.8,53.7,959.0,22.717560039379222,1.0,Bd61-2c,Bd,0
2007-07-16 00:00:00,Bardang near Singtam,closest to predicted location of Gauhati (336.70 km),rain,India,IN,Sikkim,88.38,27.1499,15.14,46.44,126.22,165.56,30.06,1105.0,30.203926293037487,25.0,Rd29-1a,Rd,1
2013-09-12 00:00:00,Synthetic negative example,No recorded landslide at this location on 2013-09-12,none,India,IN,Mizoram,92.9296,23.591,6.1,28.0,49.6,89.1,16.7,802.0,14.408778587162091,25.0,Bh16-2/3c,Bh,0
2018-08-02 00:00:00,Synthetic negative example,No recorded landslide at this location on 2018-08-02,none,India,IN,Assam,94.693,26.7103,10.5,77.9,211.8,374.5,55.4,687.0,12.53647418327811,10.0,Ao76-2/3c,Ao,0
2013-09-01 18:00:00,Tamabong Village In Sikkim State,"A family of five were all killed by a landslide that struck their home in Tamabong village in Sikkim State, northeast India, on the evening of Sunday 1 September 2013. The incident reportedly happened following heavy rains; landslides are a common problem after severe weather events, as excess pore water pressure can overcome cohesion in soil and sediments, allowing them to flow like liquids",downpour,India,IN,Sikkim,88.2426,27.3425,4.12,12.85,49.72,86.59,16.14,1384.0,28.364376855574704,50.0,Bd32-2bc,Bd,1
2015-06-24 00:00:00,"New Land (""""New Colony"""")","Incessant rain and heavy downpour took its toll, in the form of huge landslide which destroyed several houses, properties and road connectivity affecting the normal and regular life of the residents here in New Colony, Zunheboto.",continuous_rain,India,IN,Nagaland,94.5466,26.0319,13.93,42.27,87.83,155.0,21.66,1554.0,40.77036050242681,5.0,Ao76-2/3c,Ao,1
2011-06-08 00:00:00,Synthetic negative example,No recorded landslide at this location on 2011-06-08,none,India,IN,Assam,92.801,25.0477,31.1,38.0,55.9,260.4,31.1,169.0,26.744232985272472,25.0,Gd25-2a,Gd,0
2020-07-20 00:00:00,Synthetic negative example,No recorded landslide at this location on 2020-07-20,none,India,IN,Sikkim,88.6188,27.3392,89.5,178.2,271.1,727.5,89.5,1859.0,28.525829141462467,5.0,Bd32-2bc,Bd,0
2008-06-19 00:00:00,"Namkaoluang village, Tamenglong-Sangrung (Khongsang) road, NH-53, Manipur",mudslide 30-40 feet long,monsoon,India,IN,Manipur,93.8275,24.9336,6.03,24.82,47.27,88.42,10.51,1027.0,16.02045964527659,25.0,Ao76-2/3c,Ao,1
2016-06-20 00:00:00,Synthetic negative example,No recorded landslide at this location on 2016-06-20,none,India,IN,Manipur,94.1913,24.4265,0.7,50.0,125.9,309.5,42.4,1309.0,11.243730344787089,25.0,Bh16-2/3c,Bh,0
2021-06-19 00:00:00,Synthetic negative example,No recorded landslide at this location on 2021-06-19,none,India,IN,Nagaland,94.564,26.0838,30.0,62.6,113.2,158.4,30.8,1834.0,13.9074099893744,25.0,Ao76-2/3c,Ao,0
2010-07-06 00:00:00,"Kiphire,  Nagaland","Dimapur| July 12  : Yet another monsoon season in Nagaland and one has to batter bad roads.    This year’s monsoon has been the worse by far.  Most interior villagers of Mon, Tuensang and Kiphire are cut out from the rest of the state. With good roads beyond their dreams even on dry days, rainy days are a nightmare for the people. Journey to places like Mimi in Kiphire, Pangsha in Tuensang and parts of Mon and Peren can be made only on four wheel drive vehicles or on foot. Mud slides are common in almost all the highways leading to district headquarters. Exploitation of natural resources like boulders and deforestation is causing more landslides than before. The use of roads by all size vehicles has spoilt most of the soiled roads making it difficult for smaller vehicles to ply.",monsoon,India,IN,Nagaland,94.7861,25.8877,9.26,32.72,75.34,124.64,16.89,1166.0,7.440685346262844,5.0,Ao76-2/3c,Ao,1
2015-08-27 00:00:00,three graveyards within Aizawl,"The landslides also damaged as many houses and dislodged, and in some cases swept away, about 160 graves in three graveyards within the city.",downpour,India,IN,Mizoram,92.7265,23.7269,3.73,7.18,36.98,223.35,15.3,864.0,25.896232878736683,5.0,Bd61-2c,Bd,1
2012-06-26 00:00:00,Synthetic negative example,No recorded landslide at this location on 2012-06-26,none,India,IN,Nagaland,94.5808,26.284,11.8,53.0,189.5,301.3,41.5,731.0,28.13851561288479,5.0,Ao76-2/3c,Ao,0
2010-09-13 00:00:00,"road to Kanan Veng from Hunthar Veng, Mizoram","In Hunthar Veng, the kitchen side of H. Lalchhanhima’s house was damaged by a landslide while the road to Kanan Veng was blocked by a landslide. ",downpour,India,IN,Mizoram,92.71060943,23.73504471,9.93,17.18,36.45,64.21,9.93,941.0,30.27625293414386,1.0,Bd61-2c,Bd,1
2010-09-22 00:00:00,Synthetic negative example,No recorded landslide at this location on 2010-09-22,none,India,IN,Meghalaya,90.3852,25.7354,17.3,48.1,82.8,137.6,21.1,338.0,5.210697816005832,25.0,Nd2-2b,Nd,0
2015-07-21 00:00:00,Synthetic negative example,No recorded landslide at this location on 2015-07-21,none,India,IN,Nagaland,94.5247,26.3185,23.3,90.8,206.3,280.40000000000003,48.9,1163.0,1.387753790258008,1.0,Ao76-2/3c,Ao,0
2022-06-23 00:00:00,Synthetic negative example,No recorded landslide at this location on 2022-06-23,none,India,IN,Assam,91.7369,26.1049,12.1,38.4,127.7,247.70000000000002,55.2,156.0,16.672500924387776,1.0,Nd2-2b,Nd,0
2013-09-06 00:00:00,Synthetic negative example,No recorded landslide at this location on 2013-09-06,none,India,IN,Manipur,94.1434,23.899,5.8,65.10000000000001,145.8,250.70000000000002,38.0,259.0,13.342372695937204,5.0,Bf17-2c,Bf,0
2017-06-15 00:00:00,Synthetic negative example,No recorded landslide at this location on 2017-06-15,none,India,IN,Assam,91.7652,26.1964,7.6,78.10000000000001,131.6,184.0,68.7,79.0,12.910612429743768,,Ao79-a,Ao,0
2012-07-06 00:00:00,Synthetic negative example,No recorded landslide at this location on 2012-07-06,none,India,IN,Meghalaya,91.8744337,26.09748244,8.5,73.6,160.6,342.8,56.7,185.0,35.452827191558235,25.0,Nd2-2b,Nd,0
2023-09-28 00:00:00,Synthetic negative example,No recorded landslide at this location on 2023-09-28,none,India,IN,Arunachal Pradesh,96.5242,28.0791,0.0,0.7,125.7,152.6,57.3,557.0,24.638327529773587,10.0,I-Af-Bd-2c,I,0
2010-09-16 03:00:00,"Taithu village, Churanchandpur district, Mizoram, Manipur","Sep 16, 2010  Rengkai: Landslide struck Taithu village in Churachandpur district of Manipur at around 3.00 AM on Thursday morning and sources said at least 22 people were inside the two houses that were completely destroyed. The village lies in a landslide-prone area and has witnessed several land slips in the past.  Earlier, sources said that at least 22 people were missing in the disaster. However, by 4.15 AM village elders who took a roll call said: “Luckily, no one was hurt in the incident. But the houses of Pu Remvel and Pu Rama were completely destroyed.”  Later, it was learnt that some of the youths were still awake when the landslide struck and they managed to alert their friends. “All of them somehow jumped out safely…some through the windows…some through the doors,” the source said.",downpour,India,IN,Mizoram,93.125,24.3069,11.4,30.38,48.75,115.28,11.4,750.0,29.11681749159973,5.0,Bh16-2/3c,Bh,1
2010-10-08 00:00:00,"Bungte Chiru village(?), Senapati district, Manipur","According to a delayed report reaching here atleast six houses have been damaged in landslides that occurred unexpectedly in the morning of October 8 at Bungte Chiru village under Saitu Assembly Constituency of Senapati district.  The report said that out of the six houses, one has been destroyed beyond redemption while the five others have been partially damaged.  Chief of Bungte Chiru village Rihangkha Thanglen said properties worth around Rs 5 lakhs have been destroyed in the landslides.",downpour,India,IN,Nagaland,94.0212,25.2745,53.95,91.32,93.44,122.96,53.95,1070.0,13.95022570481308,5.0,Ao76-2/3c,Ao,1
2023-08-19 00:00:00,Synthetic negative example,No recorded landslide at this location on 2023-08-19,none,India,IN,Meghalaya,92.2845,25.3612,4.3,21.2,72.0,325.4,27.0,1222.0,3.586080799213583,25.0,Ao74-2b,Ao,0
2014-06-26 23:00:00,Bamunimaidam,"At least eight people, including three members of a family, were killed here due to landslides and flash floods triggered by incessant rain since Thursday night, officials said Friday. Four persons were killed due to landslides in two places while another four died due to electrocution in four different locations, the officials said. Another person remained missing after he was washed away by the surging waters of the Bharalu river. ""Three members of a family Kanak Barman (45), Pratima Barman (12) and Tulasi Barman (8) lost their lives in a landslide that took place Thursday night in Narakasur area,"" said Rajib Prakash Baruah, deputy commissioner in-charge of Kamrup (Metro) district. He said another woman died in Bamunimaidam area due to landslide. Baruah said Bhaskarjyoti Das (48), Dinesh Das (55), Prafulla Das (46) and Suren Bharali (57) died due to electrocution.",continuous_rain,India,IN,Assam,91.7896,26.1844,14.23,20.69,180.1,290.92,52.32,61.0,4.818259994255743,5.0,Af48-2ab,Af,1
2022-09-02 00:00:00,Synthetic negative example,No recorded landslide at this location on 2022-09-02,none,India,IN,Meghalaya,90.2191,25.5084,17.8,55.099999999999994,65.5,77.3,20.9,323.0,23.705749643396505,1.0,Nd2-2b,Nd,0
2018-06-11 00:00:00,Synthetic negative example,No recorded landslide at this location on 2018-06-11,none,India,IN,Nagaland,94.1051,25.6278,21.5,46.9,116.4,242.3,41.5,1525.0,12.46880569721071,5.0,Ao76-2/3c,Ao,0
2023-07-18 00:00:00,Synthetic negative example,No recorded landslide at this location on 2023-07-18,none,India,IN,Nagaland,94.1739,25.8782,1.5,37.5,84.4,169.4,25.9,1349.0,23.36421636275217,10.0,Ao76-2/3c,Ao,0
2020-09-26 00:00:00,Synthetic negative example,No recorded landslide at this location on 2020-09-26,none,India,IN,Nagaland,94.11112157,25.63961883,27.0,91.10000000000001,214.6,543.3,57.2,1497.0,15.083960818078218,25.0,Ao76-2/3c,Ao,0
2018-07-16 00:00:00,Synthetic negative example,No recorded landslide at this location on 2018-07-16,none,India,IN,Assam,92.7264,24.5204,4.9,53.1,154.0,215.1,62.6,42.0,1.3764031215077237,1.0,Gd25-2a,Gd,0
2019-09-08 00:00:00,Synthetic negative example,No recorded landslide at this location on 2019-09-08,none,India,IN,Assam,92.8573,25.1175,16.3,33.3,122.39999999999999,170.1,80.1,151.0,8.522096262869733,5.0,Ao76-2/3c,Ao,0
2021-07-08 00:00:00,Synthetic negative example,No recorded landslide at this location on 2021-07-08,none,India,IN,Manipur,94.1146,24.3481,5.7,25.2,53.0,70.3,15.6,1003.0,6.3503843875058354,10.0,Bh16-2/3c,Bh,0
2020-07-21 00:00:00,Synthetic negative example,No recorded landslide at this location on 2020-07-21,none,India,IN,Manipur,93.9667,25.1333,5.1,16.8,31.1,93.3,9.0,1008.0,2.1157468041581975,25.0,Ao76-2/3c,Ao,0
2019-06-09 00:00:00,Synthetic negative example,No recorded landslide at this location on 2019-06-09,none,India,IN,Nagaland,94.4922,26.1699,12.9,49.9,88.8,101.6,21.9,1161.0,42.54038516410769,1.0,Ao76-2/3c,Ao,0
2012-09-08 00:00:00,Synthetic negative example,No recorded landslide at this location on 2012-09-08,none,India,IN,Arunachal Pradesh,95.86,28.4659,0.0,0.8,24.0,233.3,11.4,1066.0,27.396267400283048,50.0,I-Af-Bd-2c,I,0
2015-08-07 00:00:00,Synthetic negative example,No recorded landslide at this location on 2015-08-07,none,India,IN,Assam,91.7747,26.1097,31.5,58.4,99.2,159.6,31.5,58.0,2.260732414259265,5.0,Nd2-2b,Nd,0
2013-06-20 00:00:00,Synthetic negative example,No recorded landslide at this location on 2013-06-20,none,India,IN,Sikkim,88.7334,27.3702,9.8,32.8,70.6,188.70000000000002,18.1,3523.0,13.824212020761683,10.0,I-Bh-U-c,I,0
2016-07-14 00:00:00,"Noonmati Nijarapar area of the city, Guwahati, Assam, India","Trigger is most likely monsoon since this incident occurred during monsoon season.Two persons, including a girl, were killed in landslides in Assam on Thursday. In Noonmati Nijarapar area of the city, a class IV girl student was buried in another landslide which came crashing on her house.",monsoon,India,IN,Assam,91.8074,26.1963,7.89,16.48,48.2,189.46,11.26,172.0,12.858314085836204,5.0,Ao79-a,Ao,1
2021-09-12 00:00:00,Synthetic negative example,No recorded landslide at this location on 2021-09-12,none,India,IN,Nagaland,94.1136,25.6237,0.5,16.5,81.8,216.9,26.2,1604.0,33.42494578296137,5.0,Ao76-2/3c,Ao,0
2019-09-24 00:00:00,Synthetic negative example,No recorded landslide at this location on 2019-09-24,none,India,IN,Assam,91.7356,26.1475,15.2,58.5,79.1,166.3,31.2,52.0,0.0,5.0,Ao79-a,Ao,0
2013-08-04 00:00:00,Synthetic negative example,No recorded landslide at this location on 2013-08-04,none,India,IN,Manipur,93.487,24.9037,6.0,17.1,41.8,96.3,16.5,1248.0,32.47374462015055,25.0,Bh16-2/3c,Bh,0
2010-07-12 00:00:00,Synthetic negative example,No recorded landslide at this location on 2010-07-12,none,India,IN,Arunachal Pradesh,95.86,28.4659,10.5,148.7,349.4,475.40000000000003,70.5,1066.0,27.396267400283048,50.0,I-Af-Bd-2c,I,0
2014-06-26 23:00:00,Narakasur,"At least eight people, including three members of a family, were killed here due to landslides and flash floods triggered by incessant rain since Thursday night, officials said Friday. Four persons were killed due to landslides in two places while another four died due to electrocution in four different locations, the officials said. Another person remained missing after he was washed away by the surging waters of the Bharalu river. ""Three members of a family Kanak Barman (45), Pratima Barman (12) and Tulasi Barman (8) lost their lives in a landslide that took place Thursday night in Narakasur area,"" said Rajib Prakash Baruah, deputy commissioner in-charge of Kamrup (Metro) district. He said another woman died in Bamunimaidam area due to landslide. Baruah said Bhaskarjyoti Das (48), Dinesh Das (55), Prafulla Das (46) and Suren Bharali (57) died due to electrocution.",continuous_rain,India,IN,Assam,91.7645,26.1407,14.23,20.69,180.1,290.92,52.32,61.0,2.96212250130175,5.0,Af48-2ab,Af,1
2015-07-24 00:00:00,Tamenglong Ward No-IV,"Due to incessant rainfalls in the last few days, a huge mudslide occurred on Friday which destroyed a garage along with a Bolero jeep and other belongings of one Namthiurai Daimei of Tamenglong Ward No-IV.",monsoon,India,IN,Manipur,93.5142,24.9818,14.94,43.33,119.51,201.92,20.98,1249.0,3.700645055238003,50.0,Bh16-2/3c,Bh,1
2011-08-16 00:00:00,Synthetic negative example,No recorded landslide at this location on 2011-08-16,none,India,IN,Nagaland,94.6055,26.1498,7.1,22.4,75.1,254.6,32.1,1699.0,30.860938989120513,10.0,Ao76-2/3c,Ao,0
2009-08-26 00:00:00,"17th Mile towards Tsomgo Lake, near Kyongsala, Sikkim","A major landslide at 17th Mile towards Tsomgo Lake has become a major factor of disappointment for the tourists visiting Sikkim. Almost all the tourists visiting Sikkim have expressed dissatisfaction for losing their chance to visit the famous high altitude lake. The State Police Department, Check Post has stopped issuing permits to tourists visiting Tsomgo Lake, Baba Mandir and Nathu-La border following massive landslides, which occurred near Kyongsala on July 26.",rain,India,IN,Sikkim,88.7648,27.3746,5.78,16.5,52.29,128.34,25.26,3745.0,6.5001072439046315,25.0,I-Bh-U-c,I,1
2010-06-15 00:00:00,"rails between Mahur and Wadringdisa(?), Assam","Train services in central Assam's North Cachar Hills district have been disrupted due to heavy landslides and a three-day railway blockade called by a students organisation today.  The landslide and blockade affected the Agartala Special, Cachar Express, Barak Valley Passenger, Hill Queen and several other goods trains, railway sources said here today.  Landslides between Jatinga and Longrangjao as well as Mahur and Wadringdisa yesterday stopped rail traffic in the district, the sources said.",downpour,India,IN,Assam,93.1658,25.2269,23.82,45.04,129.3,234.34,43.33,392.0,2.9593941376249964,25.0,Ao76-2/3c,Ao,1
2011-08-05 00:00:00,Itanagar,"ITANAGAR: Heavy rainfall in the past 12 hours wrecked havoc in the Arunachal Pradesh capital with almost all major roads leading to the town being snapped off in many areas on the NH 52-A.  Rain induced landslides have cut off several places from the rest of the state, while many places within the capital complex near Karsingsa sinking zone, Lekhi village, A-sector Naharlagun and the Papunallah area have been severely affected by the calamity.  A bridge at Abotani Colony in Itanagar has been rendered unusable as siltation on the banks of the stream gave away. The onus for maintaining the bridge, which is frequented by VIPs, has fallen on the PWD as the urban department has expressed its inability to maintain the structure, official sources informed.",downpour,India,IN,Arunachal Pradesh,93.6885,27.1034,21.34,48.21,57.1,179.94,21.34,144.0,2.2771438387407703,5.0,Be82-a,Be,1
2023-06-14 00:00:00,Synthetic negative example,No recorded landslide at this location on 2023-06-14,none,India,IN,Assam,91.7138,26.1662,24.8,49.0,297.4,327.2,78.8,140.0,21.63720584577714,50.0,Ao79-a,Ao,0
2023-08-05 00:00:00,Synthetic negative example,No recorded landslide at this location on 2023-08-05,none,India,IN,Mizoram,92.71495623,23.72988966,5.1,19.6,72.1,165.6,20.1,980.0,23.342694612103696,1.0,Bd61-2c,Bd,0
2012-06-22 00:00:00,Lalunggaon near Gorchuk area,"On June 22, three people including two children of a family were killed in a landslide incident at Lalunggaon near Gorchuk area in the city.Thousands of families live at the bottom of 18 hills in the city. These families have allegedly encroached on the land of the hilly area.",downpour,India,IN,Assam,91.7162,26.1226,43.46,79.73,89.48,224.68,43.46,72.0,15.288279133132818,5.0,Nd2-2b,Nd,1
2020-06-20 00:00:00,Synthetic negative example,No recorded landslide at this location on 2020-06-20,none,India,IN,Sikkim,88.7323,27.3736,12.8,46.8,157.7,232.8,39.5,3421.0,30.731772287991458,25.0,I-Bh-U-c,I,0
2013-06-07 00:00:00,"Kuthur – Huker Road Via Y Anner, Chessore, Nagaland","Chessore  Area  Village  Councils  and VDBs comprising  of five villages _ Chessore, Huker, Aiponger, Y. Anner and  Kuthur villages _ after thoroughly deliberating on the issue of road blockade caused by heavy landslide from Kuthur to Huker road via Y/ Anner and  Chessore village, have resolved to clear the blockade road. S. Neoji and R. Ramji said a joint meeting of Chessore area village councils and VDBs held meeting August 31 at Chessore village wherein it was resolved to deploy bulldozer to clear landslide along the road. They also stated that expenditure would be contributed from each VDB of five villages under MGNRES scheme under 2013- 14, as the road was the lifeline of the people of the area.",unknown,India,IN,Nagaland,94.7031,26.0977,9.11,20.54,30.52,61.92,9.11,1703.0,27.369455013928143,25.0,Ao76-2/3c,Ao,1
2010-06-13 00:00:00,Synthetic negative example,No recorded landslide at this location on 2010-06-13,none,India,IN,Assam,91.7665,26.1978,1.1,12.3,117.8,282.3,64.5,90.0,18.979049044864023,,Ao79-a,Ao,0
2015-09-23 00:00:00,Kamakhya Temple,Surface communication remains heavily disrupted atop the Nilachal Hill when a huge rock collapsed on the road leading to the historic Kamakhya temple on Wednesday.It took several hours for PWD and forest officials to clear the road after the rock along with uprooted trees blocked a portion of the hillside road in the morning. There is no report of casualty. Local residents fear the repeat of more landslide in view of the non stopped rains during the last 48 hours. The authority have asked the residents in the hillock to come down to the safe places to avoid further disaster.Tourists from the far flung areas have been remaining stranded on way to the historic Kamakhya temple from early in the morning.,continuous_rain,India,IN,Assam,91.7042,26.1666,61.13,106.92,116.73,186.09,61.13,235.0,17.151823509523624,1.0,Ao79-a,Ao,1
2018-08-17 00:00:00,Synthetic negative example,No recorded landslide at this location on 2018-08-17,none,India,IN,Nagaland,94.5247,26.3185,8.7,39.0,96.6,181.1,36.1,1163.0,1.387753790258008,1.0,Ao76-2/3c,Ao,0
2015-08-09 00:00:00,Synthetic negative example,No recorded landslide at this location on 2015-08-09,none,India,IN,Assam,91.7998,26.1985,14.0,74.5,110.1,179.3,30.7,82.0,10.286118871948458,5.0,Ao79-a,Ao,0
2010-08-14 00:00:00,"Noklak-Tuensang road, Nagaland","People cross a portion of the landslide area, along the National Highway 39, below Kohima, on Saturday, August 21, 2010. The calamities which affect the National Highway 39 started from August 7 after continuous heavy rainfall in the hilly state of Nagaland.   Almost all roads in Tuensang district including those connecting the district headquarters have become unpliable for both the Nagaland State Transport (NST) buses and private vehicles. Some of the roads worst hit by landslides and land-sinking are Tuensang-Shamatore road, Noklak-Tuensang road, Kiphire-Tuensang road and Tuensang-Mokokchung road. (Very unclear about the date, anytime between August 7th and August 21st)",downpour,India,IN,Nagaland,94.9152,26.222,11.86,53.09,65.68,97.18,26.51,1762.0,28.42576702358958,25.0,Ao76-2/3c,Ao,1
2019-08-05 00:00:00,Synthetic negative example,No recorded landslide at this location on 2019-08-05,none,India,IN,Assam,89.9032,25.7238,13.8,21.1,33.300000000000004,139.8,13.8,33.0,14.316083944889312,5.0,Je38-2a,Je,0
2013-07-03 00:00:00,Synthetic negative example,No recorded landslide at this location on 2013-07-03,none,India,IN,Mizoram,92.74128531,23.75406693,2.9,15.2,80.39999999999999,202.5,31.4,959.0,22.717560039379222,1.0,Bd61-2c,Bd,0
2011-08-09 00:00:00,Synthetic negative example,No recorded landslide at this location on 2011-08-09,none,India,IN,Assam,92.8551,25.0888,20.3,97.0,142.7,175.8,40.3,260.0,26.254074995372054,10.0,Ao76-2/3c,Ao,0
2015-09-20 00:00:00,Synthetic negative example,No recorded landslide at this location on 2015-09-20,none,India,IN,Mizoram,92.7175,23.7281,11.2,43.0,86.7,132.8,21.7,1075.0,8.496937956006335,25.0,Bd61-2c,Bd,0
2013-09-24 00:00:00,Synthetic negative example,No recorded landslide at this location on 2013-09-24,none,India,IN,Manipur,93.9161,24.7339,2.9,3.6,7.6,34.8,2.9,879.0,14.24689258589194,5.0,Ao76-2/3c,Ao,0
2018-06-03 00:00:00,Synthetic negative example,No recorded landslide at this location on 2018-06-03,none,India,IN,Nagaland,94.2341227,25.51614662,3.6,6.9,21.7,42.4,9.2,1646.0,20.170835089310476,1.0,Ao76-2/3c,Ao,0
2022-09-09 00:00:00,Synthetic negative example,No recorded landslide at this location on 2022-09-09,none,India,IN,Manipur,93.9827,25.4538,4.9,11.5,54.5,103.5,15.8,1778.0,24.17357170238777,5.0,Bh16-2/3c,Bh,0
2023-06-03 00:00:00,Synthetic negative example,No recorded landslide at this location on 2023-06-03,none,India,IN,Arunachal Pradesh,93.0153,27.4888,5.6,44.9,47.1,118.4,23.7,540.0,28.976817364678165,50.0,Ao80-2bc,Ao,0
2010-08-27 16:30:00,"NH-39 at Ekai village(?), 2 km for Tadubi, Manipur","Imphal, August 27 2010: The state was cut off from the rest of the country as landslides triggered by torrential rains blocked both NH-39 and 53.The disturbances on the highways are amidst the extended 25-day economic blockade imposed by UNC which entered the third day today.  The landslide blocking NH-39 occurred at Ekai village, two kilometer away from Tadubi at about 4.30 pm today while the traffic on NH-53 was blocked by a heavy landslide at Kambirong only 10 metres away from Nungba police station, official reports said.  The report said that due to the landslide at Ekai village, highway traffic has been totally blocked.  A portion of around 10 metres of the hill face has slid due to torrential rains in the last few days, it added.  The road has been totally blocked by rocks and mud forcing freight trucks and other vehicles stranded on both sides of the landslide area.",downpour,India,IN,Nagaland,94.1327,25.4786,14.5,22.07,36.87,96.43,14.5,1751.0,9.58752644399106,5.0,Ao76-2/3c,Ao,1
2012-07-13 00:00:00,Synthetic negative example,No recorded landslide at this location on 2012-07-13,none,India,IN,Arunachal Pradesh,91.8644,27.5748,13.8,115.9,155.70000000000002,326.2,80.4,2687.0,11.67372935280908,5.0,Ao80-2bc,Ao,0
2014-06-20 00:00:00,Synthetic negative example,No recorded landslide at this location on 2014-06-20,none,India,IN,Meghalaya,90.3852,25.7354,53.9,84.5,114.1,297.5,53.9,338.0,5.210697816005832,25.0,Nd2-2b,Nd,0
2015-09-12 00:00:00,Synthetic negative example,No recorded landslide at this location on 2015-09-12,none,India,IN,Sikkim,88.2816,27.2872,13.1,18.0,73.2,466.0,32.8,572.0,20.504325237480952,50.0,Bd32-2bc,Bd,0
2023-09-08 00:00:00,Synthetic negative example,No recorded landslide at this location on 2023-09-08,none,India,IN,Assam,91.7356,26.1475,10.1,21.5,26.0,98.3,11.4,52.0,0.0,5.0,Ao79-a,Ao,0
2016-08-10 00:00:00,Synthetic negative example,No recorded landslide at this location on 2016-08-10,none,India,IN,Assam,91.7645,26.1407,14.1,64.7,243.0,353.7,92.5,61.0,2.96212250130175,5.0,Af48-2ab,Af,0
2014-08-17 00:00:00,Arunachal Pradesh/Itanagar,lat/long  27.086901	93.60861,downpour,India,IN,Arunachal Pradesh,93.6086,27.0869,4.65,43.69,146.25,214.99,58.57,316.0,9.327683683775282,10.0,Be82-a,Be,1
2020-06-04 00:00:00,Synthetic negative example,No recorded landslide at this location on 2020-06-04,none,India,IN,Nagaland,94.5234,25.8376,7.9,24.700000000000003,64.0,162.8,22.2,797.0,2.767591398229724,,Ao76-2/3c,Ao,0
2011-08-04 00:00:00,Synthetic negative example,No recorded landslide at this location on 2011-08-04,none,India,IN,Mizoram,92.7463,23.7327,4.3,48.7,76.6,126.8,29.5,839.0,23.47891185858705,5.0,Bd61-2c,Bd,0
2019-06-20 00:00:00,Synthetic negative example,No recorded landslide at this location on 2019-06-20,none,India,IN,Nagaland,94.11603493,25.61560252,29.3,100.3,215.8,320.9,49.3,1610.0,29.53602090910925,5.0,Ao76-2/3c,Ao,0
2013-08-13 00:00:00,Synthetic negative example,No recorded landslide at this location on 2013-08-13,none,India,IN,Arunachal Pradesh,93.6884,27.1032,6.0,28.799999999999997,99.7,200.2,32.7,145.0,0.926369172997235,10.0,Be82-a,Be,0
2013-09-25 00:00:00,Synthetic negative example,No recorded landslide at this location on 2013-09-25,none,India,IN,Manipur,93.3729,25.1019,6.9,17.4,24.5,72.2,6.9,1140.0,8.129596852486529,5.0,Bd61-2c,Bd,0
2012-09-10 00:00:00,Synthetic negative example,No recorded landslide at this location on 2012-09-10,none,India,IN,Assam,91.7599,26.1771,9.1,57.0,78.1,148.7,42.8,82.0,8.895692965992287,5.0,Ao79-a,Ao,0
2019-09-04 00:00:00,Synthetic negative example,No recorded landslide at this location on 2019-09-04,none,India,IN,Nagaland,94.13,25.83,0.1,2.5,14.5,42.7,9.5,1014.0,8.821089630664796,,Ao76-2/3c,Ao,0
2010-09-13 00:00:00,"Tuikual 'C', Aizawl, Mizoram","Landslide triggered by heavy rain in Tuikual ‘C’ on Monday killed a woman, R. Laltanpuii.  According to Aizawl Police sources, the landslide buried the woman while she was collecting water with her friend. Luckily, her friend who was nearby her escaped unhurt.  The dead body was handed over to her relatives after post mortem examination in Aizawl Civil Hospital. ",downpour,India,IN,Mizoram,92.71495623,23.72988966,9.93,17.18,36.45,64.21,9.93,980.0,23.342694612103696,1.0,Bd61-2c,Bd,1
2023-09-20 00:00:00,Synthetic negative example,No recorded landslide at this location on 2023-09-20,none,India,IN,Sikkim,88.3603,27.0377,2.0,4.6,10.700000000000001,53.400000000000006,2.2,1481.0,21.17647711915332,5.0,Ah12-2bc,Ah,0
2017-09-11 00:00:00,Synthetic negative example,No recorded landslide at this location on 2017-09-11,none,India,IN,Nagaland,94.5497,26.1807,20.5,38.3,62.7,170.3,20.5,1650.0,31.579415431363547,5.0,Ao76-2/3c,Ao,0
2022-08-07 00:00:00,Synthetic negative example,No recorded landslide at this location on 2022-08-07,none,India,IN,Manipur,94.3136,25.0118,2.0,13.7,64.2,115.7,17.9,1391.0,3.200508507855546,25.0,Bh16-2/3c,Bh,0
2017-06-01 00:00:00,Synthetic negative example,No recorded landslide at this location on 2017-06-01,none,India,IN,Assam,93.117,24.808,44.9,110.3,162.1,236.1,48.3,39.0,5.900698486822301,1.0,Gd25-2a,Gd,0
2014-07-19 00:00:00,Synthetic negative example,No recorded landslide at this location on 2014-07-19,none,India,IN,Nagaland,94.1066,25.67,22.4,82.2,156.8,238.3,34.2,1442.0,18.41213576563324,25.0,Ao76-2/3c,Ao,0
2014-06-26 23:00:00,Arunachal Pradesh,"Landslides, triggered by incessant rain in the past couple of days have wrecked havoc in several districts of Arunachal Pradesh throwing life out of gear. While flood-like situation prevails in low-lying areas of various districts, road link between Nirjuli and Banderdewa near here has been snapped due to damage of several culverts along the NH 52(A), the life line for the state capital, official sources said. PWD superintendent engineer (highway-western zone) Jumo Geiyi said the stretch of the highway between Nirjuli and Banderdewa has been temporarily closed due to damage to culverts in several places by incessant rain on the night of June 26. As a result, traffic was being diverted through Harmutty-Doimukh-Nirjuli road, instead of the usual route through Karsingsa. Besides, about 20 metre of NH 52(A) has been damaged at Karsingsa, besides Naharlagun, where portions of it have caved in, he said. More damage to the road, which has been breached near North East Regional Institute of Sc",continuous_rain,India,IN,Arunachal Pradesh,95.3429,28.9205,2.61,5.97,26.22,64.76,10.22,4053.0,30.316394624804257,,I-Be-2c,I,1
2020-06-21 00:00:00,Synthetic negative example,No recorded landslide at this location on 2020-06-21,none,India,IN,Nagaland,94.108,25.4192,6.5,28.9,106.8,136.1,24.4,1388.0,14.27107053574802,10.0,Ao76-2/3c,Ao,0
2015-09-27 00:00:00,Synthetic negative example,No recorded landslide at this location on 2015-09-27,none,India,IN,Manipur,94.2156,24.954,0.0,1.6,9.4,49.1,6.4,926.0,20.94185253514824,50.0,Ao76-2/3c,Ao,0
2011-07-09 00:00:00,Synthetic negative example,No recorded landslide at this location on 2011-07-09,none,India,IN,Sikkim,88.559,27.3773,29.3,116.2,341.1,681.0,105.5,1479.0,34.577439865993604,25.0,Bd32-2bc,Bd,0
2010-08-15 23:00:00,"Chingai-Kuingai(Quingai) route (16 kms), Chingai subdivision, Ukhrul district, Manipur","Since the Chingai-Quingai road has been sunk due to landslides at various points following heavy rainfall that occured twice during the past 20 days, nearly 5,000 villagers of five villages in the sub-division are facing the alarming possibility of starvation.  The road from Chingai to Quingai in Chingai sub-division of Ukhrul district connects Quingai, Chalou, New Tasom, Tasom CV and Tasom Khullen villages.  However, the road has been disconnected in various places due to heavy rainfall that occurred on the night between July 29 and 30 and again on the night of August 15 .  According to Secretary, Information and Publicity, Northern Raphei Students' Union (NRSU), HAS Thuingaleng, nearly 5,000 villagers of the said villages have been facing extreme hardship.  The wooden bridge over Rondei river had been washed away by the powerful current of the river disconnecting the road.  Moreover, landslides have occurred completely blocking the road at different places.  However, due to the heavy",downpour,India,IN,Manipur,94.48265093,25.31006064,10.62,28.36,32.48,50.8,12.04,1528.0,30.18256697884878,25.0,Bh16-2/3c,Bh,1
2010-09-15 00:00:00,Synthetic negative example,No recorded landslide at this location on 2010-09-15,none,India,IN,Assam,94.9275,26.8727,36.1,98.3,160.2,271.1,36.1,134.0,2.273255293928232,25.0,Af48-2ab,Af,0
2010-06-09 00:00:00,Synthetic negative example,No recorded landslide at this location on 2010-06-09,none,India,IN,Mizoram,92.71495623,23.72988966,1.7,4.8,23.8,115.2,16.1,980.0,23.342694612103696,1.0,Bd61-2c,Bd,0
2010-06-24 00:00:00,Synthetic negative example,No recorded landslide at this location on 2010-06-24,none,India,IN,Nagaland,94.1095,25.6703,45.1,87.0,190.5,298.1,52.4,1445.0,21.554870104453816,25.0,Ao76-2/3c,Ao,0
2017-08-13 00:00:00,Synthetic negative example,No recorded landslide at this location on 2017-08-13,none,India,IN,Meghalaya,90.5763,25.8143,5.2,232.9,261.2,338.7,168.6,59.0,2.2560210150566906,,Nd2-2b,Nd,0
2016-07-20 00:00:00,"Noonmati, Guwahati, Assam, India",This was not the only incident of landslide in the city on Wednesday as a similar episode was also reported from the Noonmati locality. Two houses were completely buried under debris. No one suffered any injury.,rain,India,IN,Assam,91.802,26.1966,32.15,108.99,231.77,297.09,57.12,105.0,10.085476299962467,5.0,Ao79-a,Ao,1
2021-08-12 00:00:00,Synthetic negative example,No recorded landslide at this location on 2021-08-12,none,India,IN,Meghalaya,92.3636,25.0728,24.1,72.7,184.20000000000002,387.5,37.2,130.0,10.024134913751013,5.0,Ge53-3a,Ge,0
2010-08-13 00:00:00,Synthetic negative example,No recorded landslide at this location on 2010-08-13,none,India,IN,Meghalaya,91.8744337,26.09748244,13.1,23.099999999999998,30.599999999999998,194.5,13.1,185.0,35.452827191558235,25.0,Nd2-2b,Nd,0
2013-09-16 00:00:00,Synthetic negative example,No recorded landslide at this location on 2013-09-16,none,India,IN,Mizoram,93.0514,23.8447,7.0,32.4,76.2,120.8,18.8,1086.0,27.867464228189014,10.0,Bh16-2/3c,Bh,0
2015-09-07 00:00:00,Synthetic negative example,No recorded landslide at this location on 2015-09-07,none,India,IN,Nagaland,94.1318,25.7902,4.0,28.5,125.8,252.0,28.3,1283.0,12.456195843516292,25.0,Ao76-2/3c,Ao,0
2011-08-24 00:00:00,Synthetic negative example,No recorded landslide at this location on 2011-08-24,none,India,IN,Assam,93.3613,25.5125,23.7,51.8,76.4,175.0,23.7,317.0,8.604664913794034,,Af47-2b,Af,0
2010-06-04 00:00:00,Synthetic negative example,No recorded landslide at this location on 2010-06-04,none,India,IN,Sikkim,88.6087,27.322,25.9,37.1,55.0,164.9,25.9,1509.0,32.9637078729091,1.0,Bd32-2bc,Bd,0
2022-08-07 00:00:00,Synthetic negative example,No recorded landslide at this location on 2022-08-07,none,India,IN,Sikkim,88.5292,27.172,1.3,44.3,106.10000000000001,285.9,32.7,322.0,37.359591147855866,5.0,Bd32-2bc,Bd,0
2022-08-25 00:00:00,Synthetic negative example,No recorded landslide at this location on 2022-08-25,none,India,IN,Nagaland,94.2442,26.1677,1.5,18.8,47.7,96.1,13.9,774.0,12.19922578147437,100.0,Ao76-2/3c,Ao,0
2010-04-21 00:00:00,Shillong-Jowai(Jwai)-Badarpur National Highway(NH 44) at Sunapur village in Jaintia Hills District,"Traffic movement on the Shillong-Jowai-Badarpur National Highway came to a standstill for the last two days due to heavy landslides at Sunapur village in Jaintia Hills district.  NH 44, the main road link via Shillong to Tripura, Mizoram and Barak Valley of Assam was severely affected for over 12 hours. Villages under Narpuh Elaka including Sunapur, Ratacherra, Lumshnong and Umkiang have been badly hit by heavy rain for the past eight days.  Heavy rains accompanied by high velocity winds hit some villages in the area and damaged several houses and uprooted hundreds of trees besides causing landslides at Sunapur village.  A small hillock including a number of huge trees collapsed on highway which resulted in a huge traffic jam as thousands of vehicle were stuck for last two days.",downpour,India,IN,Meghalaya,92.2845,25.3612,22.82,90.58,192.15,218.81,58.33,1222.0,3.586080799213583,25.0,Ao74-2b,Ao,1
2015-07-09 00:00:00,Synthetic negative example,No recorded landslide at this location on 2015-07-09,none,India,IN,Nagaland,94.8833,26.4333,21.3,38.300000000000004,116.60000000000001,207.8,25.3,554.0,27.021028298552192,25.0,Ao76-2/3c,Ao,0
2010-06-16 00:00:00,"rails between Jatinga and Longrangjao(?), Assam","Train services in central Assam's North Cachar Hills district have been disrupted due to heavy landslides and a three-day railway blockade called by a students organisation today.  The landslide and blockade affected the Agartala Special, Cachar Express, Barak Valley Passenger, Hill Queen and several other goods trains, railway sources said here today.  Landslides between Jatinga and Longrangjao as well as Mahur and Wadringdisa yesterday stopped rail traffic in the district, the sources said.",downpour,India,IN,Assam,92.8025,25.0633,14.74,62.96,129.34,320.6,39.68,93.0,20.03237253917104,25.0,Gd25-2a,Gd,1
2021-06-08 00:00:00,Synthetic negative example,No recorded landslide at this location on 2021-06-08,none,India,IN,Arunachal Pradesh,92.35,27.4,42.1,96.6,238.2,472.9,58.3,2622.0,27.60616139709439,50.0,Ao80-2bc,Ao,0
2012-09-14 00:00:00,Synthetic negative example,No recorded landslide at this location on 2012-09-14,none,India,IN,Manipur,93.9157,24.6869,17.5,25.6,40.3,106.60000000000001,17.5,777.0,0.0,50.0,Gh12-2a,Gh,0
2013-08-17 23:00:00,The Imphal-Jiribam Section Of Nh-37 In Tamenglong District,"Over 700 Imphal-bound freight trucks were Sunday stranded between Rengpan and Khambirong on the stretch of the Imphal-Jiribam section of NH-37 in Tamenglong district after the road was totally blocked by a landslide triggered by continuous heavy rainfall. An official report reaching here said that the landslide at various places between Rengpang and Khambirong of the highway was triggered by heavy rainfall last night blocking vehicular movement. Over 700 freight trucks including oil tankers and goods laden trucks heading Imphal from Jiribam with security escorts were reportedly stranded at various places beyond Rengpang on Jiribam side. The freight trucks include among other 250 trucks loaded with rice and other Food Corporation of India (FCI), 30 oil tanker and 10 trucks carrying life saving drugs. The landslide was triggered after around 150 trucks had crossed the area with security escort. Besides this, those vehicles which had already crossed the landslide area remained stranded be",continuous_rain,India,IN,Assam,93.4341,24.7625,8.13,26.33,125.91,211.13,51.71,657.0,36.59719885359989,10.0,Bh16-2/3c,Bh,1
2010-08-13 00:00:00,"NH-39 near Kohima Municipality Council(KMC) dumping ground, between Zubza(Sechu) and Kohima, Nagaland","Kohima cut off in both directions on NH 39 ... Imphal, August 20 2010: Landslides have occurred near the Kohima Municipality Council (KMC) dumping ground and its vicinity since a week ago.  Fresh landslides occurred again today.  Over 400 Manipur bound trucks are still stranded in the area.",downpour,India,IN,Nagaland,94.04619681,25.70223725,10.61,13.72,16.8,46.96,10.61,1013.0,9.356034364378676,5.0,Ao76-2/3c,Ao,1
2014-09-22 00:00:00,Garchuk,another road in Garchuk was also blocked due to landslide.,rain,India,IN,Assam,91.7082,26.1044,126.76,191.59,231.7,266.59,126.76,50.0,2.119791324560513,5.0,Nd2-2b,Nd,1
2018-08-25 00:00:00,Synthetic negative example,No recorded landslide at this location on 2018-08-25,none,India,IN,Mizoram,92.6921,24.1293,5.0,39.8,91.5,176.8,24.4,822.0,12.81474088364528,50.0,Bd61-2c,Bd,0
2019-08-15 00:00:00,Synthetic negative example,No recorded landslide at this location on 2019-08-15,none,India,IN,Meghalaya,91.8666,25.5772,3.0,24.7,49.3,97.0,17.7,1473.0,11.687392758994248,5.0,Ao74-2b,Ao,0
2010-08-09 00:00:00,Synthetic negative example,No recorded landslide at this location on 2010-08-09,none,India,IN,Meghalaya,92.2897,25.3433,2.7,6.7,33.0,152.1,12.0,1201.0,1.0249975202040136,25.0,Ao74-2b,Ao,0
2013-06-26 00:00:00,Synthetic negative example,No recorded landslide at this location on 2013-06-26,none,India,IN,Nagaland,94.7031,26.0977,8.1,23.2,28.9,56.8,10.1,1703.0,27.369455013928143,25.0,Ao76-2/3c,Ao,0
2020-06-18 00:00:00,Synthetic negative example,No recorded landslide at this location on 2020-06-18,none,India,IN,Arunachal Pradesh,93.804,27.3034,43.7,101.4,180.4,284.6,43.7,724.0,48.952197016329734,5.0,Nd53-3bc,Nd,0
2010-08-27 16:30:00,"NH-53 at Nungba police station, Kambirong(?), Manipur","Imphal, August 27 2010: The state was cut off from the rest of the country as landslides triggered by torrential rains blocked both NH-39 and 53.The disturbances on the highways are amidst the extended 25-day economic blockade imposed by UNC which entered the third day today.  The landslide blocking NH-39 occurred at Ekai village, two kilometer away from Tadubi at about 4.30 pm today while the traffic on NH-53 was blocked by a heavy landslide at Kambirong only 10 metres away from Nungba police station, official reports said.  The report said that due to the landslide at Ekai village, highway traffic has been totally blocked.  A portion of around 10 metres of the hill face has slid due to torrential rains in the last few days, it added.  The road has been totally blocked by rocks and mud forcing freight trucks and other vehicles stranded on both sides of the landslide area.",downpour,India,IN,Assam,93.4221,24.7505,8.73,15.13,35.38,96.58,8.73,784.0,10.96796618678514,5.0,Bh16-2/3c,Bh,1
2021-06-25 00:00:00,Synthetic negative example,No recorded landslide at this location on 2021-06-25,none,India,IN,Manipur,94.48214677,25.3098633,1.6,10.4,19.3,47.4,7.7,1552.0,29.263043895532036,25.0,Bh16-2/3c,Bh,0
2010-08-01 00:00:00,Synthetic negative example,No recorded landslide at this location on 2010-08-01,none,India,IN,Arunachal Pradesh,96.5316,28.0822,77.3,109.1,175.0,372.1,77.3,582.0,31.735828847521173,1.0,I-Af-Bd-2c,I,0
2018-08-13 00:00:00,Synthetic negative example,No recorded landslide at this location on 2018-08-13,none,India,IN,Meghalaya,90.232,25.5212,1.8,10.5,15.7,136.3,4.7,580.0,20.309247989722795,10.0,Nd2-2b,Nd,0
2013-09-11 00:00:00,Synthetic negative example,No recorded landslide at this location on 2013-09-11,none,India,IN,Meghalaya,92.3807,25.1416,7.4,22.900000000000002,104.10000000000001,223.3,34.1,158.0,10.756185231515634,5.0,Ge53-3a,Ge,0
2010-06-05 00:00:00,Synthetic negative example,No recorded landslide at this location on 2010-06-05,none,India,IN,Sikkim,88.708,27.3721,26.5,43.4,58.4,139.1,26.5,3159.0,38.00689623991378,25.0,Bd32-2bc,Bd,0
2020-07-12 00:00:00,Synthetic negative example,No recorded landslide at this location on 2020-07-12,none,India,IN,Manipur,93.5291,24.7016,10.6,27.2,69.8,121.3,13.8,657.0,12.984858642158148,5.0,Bh16-2/3c,Bh,0
2023-07-24 00:00:00,Synthetic negative example,No recorded landslide at this location on 2023-07-24,none,India,IN,Assam,92.4943,24.4638,27.5,57.7,113.7,170.7,32.1,94.0,12.933283004058028,10.0,Bd61-2c,Bd,0
2014-06-28 09:00:00,"Kharghuli Hills, Assam","Over 50 people had a narrow escape in Guwahati when 13 houses collapsed in landslide on Saturday. The incident took place in the morning at Kharghuli hilltop where 13 houses were damaged in landslide. The people inside the houses, who were remaining alert, however, managed to escape the tragedy. The incident took place 24 hours after three persons of a family died in landslide in Bhangagarh area.",rain,India,IN,Assam,91.7652,26.1964,10.84,31.92,109.1,284.38,45.0,79.0,12.910612429743768,,Ao79-a,Ao,1
2019-06-13 00:00:00,Synthetic negative example,No recorded landslide at this location on 2019-06-13,none,India,IN,Assam,92.3576,24.8669,2.5,8.8,51.0,200.6,17.1,20.0,2.0413777681804106,1.0,Ge53-3a,Ge,0
2010-10-10 06:00:00,"Lower Chandmari area, PWD department, Kohima, Manipur","Today, a government quarter belonging to PWD department and three private houses in Lower Chandmari area, Kohima started to sink around 6 am. Informing the media, a concerned citizen, Temjentiba, stated “I want to make the concerned authority aware of the damage and arrange necessary measures to help the effected victims who are like you and me. As a responsible citizen I’m sharing this with the rest of the people.” It was estimated that altogether, four houses were completely sunk and damages estimated to be worth 40 to 50 lakhs of rupees.",downpour,India,IN,Nagaland,94.1072,25.6623,0.87,76.09,120.34,131.06,52.1,1382.0,9.350342558119696,1.0,Ao76-2/3c,Ao,1
2017-09-07 00:00:00,Synthetic negative example,No recorded landslide at this location on 2017-09-07,none,India,IN,Mizoram,92.7146,23.7365,2.8,18.0,33.9,151.7,13.1,1024.0,35.93984192404095,1.0,Bd61-2c,Bd,0
2021-06-02 00:00:00,Synthetic negative example,No recorded landslide at this location on 2021-06-02,none,India,IN,Assam,93.0038,26.5836,7.6,70.8,123.7,201.0,44.7,69.0,1.852254273911334,50.0,Af48-2ab,Af,0
2021-08-25 00:00:00,Synthetic negative example,No recorded landslide at this location on 2021-08-25,none,India,IN,Sikkim,88.6586,27.6163,49.0,113.8,237.4,539.0,67.7,1842.0,31.364113895216203,1.0,Bd32-2bc,Bd,0
2018-06-11 00:00:00,Synthetic negative example,No recorded landslide at this location on 2018-06-11,none,India,IN,Assam,93.1477,25.4749,8.8,22.9,45.0,79.4,10.1,147.0,3.5885571438036794,50.0,Ao76-2/3c,Ao,0
2010-07-19 06:00:00,"Jahjon ward(?), Mon town, Nagaland","Due to heavy rainfall, one house was damaged while other was washed away by the landslide at Jahjon ward, Mon town on July 19 around 6 am.  Apart from the damage of properties and houses, no casualty was reported.",downpour,India,IN,Nagaland,95.0283,26.7215,13.18,50.87,108.57,173.74,20.09,722.0,13.369645277910749,5.0,Ao76-2/3c,Ao,1
2016-08-27 00:00:00,Synthetic negative example,No recorded landslide at this location on 2016-08-27,none,India,IN,Nagaland,94.5238,26.0093,0.4,5.3,10.9,36.7,3.1,1808.0,20.62758173058563,5.0,Ao76-2/3c,Ao,0
2019-07-20 00:00:00,Synthetic negative example,No recorded landslide at this location on 2019-07-20,none,India,IN,Mizoram,92.6755,24.2315,5.3,30.400000000000002,41.6,168.0,18.6,672.0,5.527812889706318,50.0,Bd61-2c,Bd,0
2011-09-09 00:00:00,Synthetic negative example,No recorded landslide at this location on 2011-09-09,none,India,IN,Manipur,94.0926,25.3908,26.5,64.6,108.3,148.1,26.5,1307.0,14.54418447986959,10.0,Ao76-2/3c,Ao,0
2017-09-11 00:00:00,Synthetic negative example,No recorded landslide at this location on 2017-09-11,none,India,IN,Meghalaya,90.5549,25.2193,12.3,59.2,83.2,192.7,28.7,271.0,4.622196164454146,10.0,Nd2-2b,Nd,0
2011-08-13 08:00:00,"Chumukedima, Dimapur","22 mudslides, 4 major slides. Road closed",downpour,India,IN,Assam,93.8067,25.7713,9.88,16.2,56.43,116.38,16.74,234.0,6.172125181758627,10.0,Ao76-2/3c,Ao,1
2021-06-19 00:00:00,Synthetic negative example,No recorded landslide at this location on 2021-06-19,none,India,IN,Mizoram,92.71060943,23.73504471,22.5,34.0,53.9,163.6,22.5,941.0,30.27625293414386,1.0,Bd61-2c,Bd,0
2016-08-05 00:00:00,Babrang village under Jang circle in Tawang district,"Three persons were injured and eight houses collapsed following landslides triggered by torrential rain at Barbara in Tawang district of Arunachal Pradesh, an official said today.",downpour,India,IN,Arunachal Pradesh,91.9754,27.5754,0.23,10.25,20.27,96.55,7.21,2410.0,26.864068197615136,5.0,Ao80-2bc,Ao,1
2012-06-11 00:00:00,Synthetic negative example,No recorded landslide at this location on 2012-06-11,none,India,IN,Assam,93.8067,25.7713,0.9,18.8,34.6,264.0,13.3,234.0,6.172125181758627,10.0,Ao76-2/3c,Ao,0
2022-09-27 00:00:00,Synthetic negative example,No recorded landslide at this location on 2022-09-27,none,India,IN,Assam,91.8717,26.1062,6.2,13.9,41.9,96.6,14.1,246.0,6.166308477023598,5.0,Nd2-2b,Nd,0
2015-07-12 00:00:00,Synthetic negative example,No recorded landslide at this location on 2015-07-12,none,India,IN,Arunachal Pradesh,93.7706,27.1249,1.0,14.100000000000001,43.7,85.4,16.8,157.0,30.203926293037487,5.0,Be82-a,Be,0
2015-08-01 00:00:00,between Bongyang and Lokchao along the Imphal-Moreh highway,"Meanwhile, landslides also wreaked havoc in between Bongyang and Lokchao along the Imphal-Moreh highway and Tengnoupal-Sangshak road in Chandel district.",continuous_rain,India,IN,Manipur,94.0644,24.4072,3.7,100.7,118.29,201.72,76.06,1169.0,30.250220321793236,5.0,Ao76-2/3c,Ao,1
2018-08-06 00:00:00,Synthetic negative example,No recorded landslide at this location on 2018-08-06,none,India,IN,Nagaland,94.4619,26.0481,1.5,17.2,222.4,368.2,100.9,865.0,29.6360306360278,,Ao76-2/3c,Ao,0
2013-08-04 00:00:00,"Suruhuto Town, Nagaland","Incessant torrential rain, which began Sunday at around 11.30 p.m. has completely cut off Suruhuto town from the rest of the state. In a press release, NGZPMC joint secretary Hotoshe Sema said all three links connecting Zunheboto, Mokokchung and Tuensang have been cut off. Road to Zunheboto has been  blocked in 5-6 places and Mokokchung road has been blocked in two places near Zhekuto and Longsa. The valleys of Nanga (Dikhu), Phizo and Tizu, known as rice bowls of Suruhuto Area has been damaged by floods and landslides. Many terrace fields and canals have been washed away by flood. A team of Nanga (Dikhu) Greener Zone Project Management Committee (NGZPMC) who were on GPS mapping of Community Conserved Area (CCA) has been stranded at Nanga valley owing to flood. Log bridges connecting Phuye New/Old and Suruhuto/Surumi/Aichi Saghemi villages have been washed away. Travelers from Tuensang to Kohima/Dimapur via Suruhuto-Coco shortcut road have been requested to take the via Mokokchung rout",monsoon,India,IN,Nagaland,94.6055,26.1498,5.78,14.93,47.43,91.56,17.14,1699.0,30.860938989120513,10.0,Ao76-2/3c,Ao,1
2018-07-03 00:00:00,Synthetic negative example,No recorded landslide at this location on 2018-07-03,none,India,IN,Mizoram,93.0514,23.8447,14.0,24.5,49.8,79.7,14.0,1086.0,27.867464228189014,10.0,Bh16-2/3c,Bh,0
2015-06-19 00:00:00,Synthetic negative example,No recorded landslide at this location on 2015-06-19,none,India,IN,Arunachal Pradesh,93.6885,27.1034,11.5,33.3,93.8,339.7,18.2,144.0,2.2771438387407703,5.0,Be82-a,Be,0
2013-06-09 00:00:00,Synthetic negative example,No recorded landslide at this location on 2013-06-09,none,India,IN,Manipur,93.686,25.16,15.5,40.7,84.5,115.3,21.6,1016.0,36.10655674778545,1.0,Bh16-2/3c,Bh,0
2011-06-28 00:00:00,"Ikou-Gangpijang road, near: Ikou, Saikul, and Gangpijang; Imphal India","June 28 2011: Ikou-Gangpijang road, development work of which was left incomplete following some disputes in awarding the contract, has been disconnected following landslide.  Consequent upon the landslide, passenger buses travelling from Imphal could not proceed beyond Ikou.  The passengers travelling to Saikul have to cross the landslide area on foot, and then travel forward till Saikul from Gangpijang in passenger jeeps.  In case passenger jeeps are not available, people have to walk all the way to Saikul which is about 2.5 Kms away.  Development work on Sagolmang-Saikul road which passes through Ikou and Gangpijang was abandoned after completing around 80 per cent of the following disputes in the contract deals.  The development work of the road was abandoned after the work order was given to a second contractor.  Notably, taking serious note of the abandonment of the road development work, KSO Saikul and Kuki Inpi Saikul appealed to the Chief Minister to finish the work before ons",rain,India,IN,Manipur,94.0144205,25.03561729,12.9,73.66,106.5,166.09,42.95,860.0,27.282090548675143,25.0,Ao76-2/3c,Ao,1
2012-07-05 00:00:00,"Tuting, Upper Siang , Arunachal Pradesh",Tuting in Upper Siang district of Arunachal Pradesh is cut off from the rest of the country following massive landslides triggered by torrential rain over the past couple of days.,downpour,India,IN,Arunachal Pradesh,94.8885,28.9986,4.3,30.75,65.95,162.1,23.62,587.0,9.700569437024638,5.0,I-Af-Bd-2c,I,1
2013-09-24 00:00:00,Synthetic negative example,No recorded landslide at this location on 2013-09-24,none,India,IN,Assam,92.9974,24.7979,10.3,14.600000000000001,28.8,118.8,10.3,25.0,0.926369172997235,5.0,Ge53-3a,Ge,0
2013-08-04 00:00:00,"Nanga, Nagaland","Incessant torrential rain, which began Sunday at around 11.30 p.m. has completely cut off Suruhuto town from the rest of the state. In a press release, NGZPMC joint secretary Hotoshe Sema said all three links connecting Zunheboto, Mokokchung and Tuensang have been cut off. Road to Zunheboto has been  blocked in 5-6 places and Mokokchung road has been blocked in two places near Zhekuto and Longsa. The valleys of Nanga (Dikhu), Phizo and Tizu, known as rice bowls of Suruhuto Area has been damaged by floods and landslides. Many terrace fields and canals have been washed away by flood. A team of Nanga (Dikhu) Greener Zone Project Management Committee (NGZPMC) who were on GPS mapping of Community Conserved Area (CCA) has been stranded at Nanga valley owing to flood. Log bridges connecting Phuye New/Old and Suruhuto/Surumi/Aichi Saghemi villages have been washed away. Travelers from Tuensang to Kohima/Dimapur via Suruhuto-Coco shortcut road have been requested to take the via Mokokchung rout",continuous_rain,India,IN,Nagaland,94.5808,26.284,5.53,15.66,54.81,110.52,23.76,731.0,28.13851561288479,5.0,Ao76-2/3c,Ao,1
2015-06-19 00:00:00,"Muanna locality, Mizoram",At least 27 graves of a cemetery were damaged in rain-triggered landslide,rain,India,IN,Mizoram,92.7362,23.7131,4.32,6.93,47.01,130.7,15.68,893.0,22.497546016791755,50.0,Bd61-2c,Bd,1
2022-09-07 00:00:00,Synthetic negative example,No recorded landslide at this location on 2022-09-07,none,India,IN,Manipur,94.4759,24.9111,6.6,38.3,52.3,91.5,19.9,1827.0,25.70499440133583,10.0,Bh16-2/3c,Bh,0
2008-08-14 00:00:00,"Kimin-Ziro road in Papum Pare district, road between Doimukh and Sagalee, Doimukh-Hoj road; Arunachal Pradesh",landslides triggered in various parts of Arunachal Pradesh,rain,India,IN,Assam,94.0,27.163,10.32,32.41,71.73,159.71,28.66,93.0,2.0816688582685057,50.0,Be82-a,Be,1
2020-08-14 00:00:00,Synthetic negative example,No recorded landslide at this location on 2020-08-14,none,India,IN,Meghalaya,92.0757,25.5498,4.9,7.6000000000000005,14.6,43.0,4.9,1269.0,24.802602340897124,,Ao74-2b,Ao,0
2016-08-10 00:00:00,Synthetic negative example,No recorded landslide at this location on 2016-08-10,none,India,IN,Manipur,93.6795,25.1604,9.1,27.0,72.7,113.1,19.9,1091.0,12.975482111654207,25.0,Bh16-2/3c,Bh,0
2019-07-22 00:00:00,Synthetic negative example,No recorded landslide at this location on 2019-07-22,none,India,IN,Nagaland,94.0132,25.7055,4.7,30.2,58.4,236.3,20.2,1451.0,14.569286101009892,5.0,Ao76-2/3c,Ao,0
2016-07-27 00:00:00,Synthetic negative example,No recorded landslide at this location on 2016-07-27,none,India,IN,Meghalaya,90.3852,25.7354,7.2,35.2,77.5,183.8,22.6,338.0,5.210697816005832,25.0,Nd2-2b,Nd,0
2020-07-09 00:00:00,Synthetic negative example,No recorded landslide at this location on 2020-07-09,none,India,IN,Sikkim,88.7628,27.3765,122.0,158.3,259.1,526.4,122.0,3756.0,12.964867886244122,1.0,I-Bh-U-c,I,0
2022-06-07 00:00:00,Synthetic negative example,No recorded landslide at this location on 2022-06-07,none,India,IN,Assam,91.7056,26.1295,11.7,13.1,60.6,89.2,18.6,142.0,5.55400861892472,5.0,Ao79-a,Ao,0
2010-08-21 00:00:00,Synthetic negative example,No recorded landslide at this location on 2010-08-21,none,India,IN,Meghalaya,90.0896,25.5006,10.0,20.3,76.5,105.5,33.3,45.0,4.806912083386269,50.0,Ge51-2a,Ge,0
2014-06-27 00:00:00,"Bhangagarh, Assam","Over 50 people had a narrow escape in Guwahati when 13 houses collapsed in landslide on Saturday. The incident took place in the morning at Kharghuli hilltop where 13 houses were damaged in landslide. The people inside the houses, who were remaining alert, however, managed to escape the tragedy. The incident took place 24 hours after three persons of a family died in landslide in Bhangagarh area.",rain,India,IN,Assam,91.7697,26.1619,6.85,21.91,150.58,273.66,52.32,55.0,1.852254273911334,,Af48-2ab,Af,1
2018-06-17 00:00:00,Synthetic negative example,No recorded landslide at this location on 2018-06-17,none,India,IN,Arunachal Pradesh,93.3497,27.8997,31.8,90.0,164.0,198.1,36.2,867.0,6.540767028653907,1.0,Ao80-2bc,Ao,0
2010-10-09 00:00:00,"Haflong, Assam","One person has died and both road and railway links between Assam's North Cachar Hills district and the rest of the country has been completely cut-off following continuous heavy rainfall for the last two days, official sources said here today.  One person, identified as 45-year old Isak Indu, died last night when his house was washed away by mudslides in Haflong town.",downpour,India,IN,Assam,93.0083,25.1796,31.14,154.03,172.87,195.88,86.18,688.0,6.536941433448177,5.0,Ao76-2/3c,Ao,1
2016-05-18 08:00:00,"Bilaipur, Hailakandi district, Assam, India","One of two landslides in Bilaipur triggered by the same rainfall event. Ten people were killed in landslides in Karimganj and Hailakandi districts in Barak Valley in Assam on Wednesday following incessant rains. In neighbouring Hailakandi district, two incidents of landslide killed four persons at Bilaipur and a six-year old boy at Ramchandi area, police officials said. The debris fell on two houses where the victims were sleeping early in the morning, they said. NDRF and police have been engaged in rescue and relief operations.",continuous_rain,India,IN,Assam,92.7264,24.5204,75.63,179.71,267.55,301.52,75.63,42.0,1.3764031215077237,1.0,Gd25-2a,Gd,1
2010-09-13 00:00:00,Synthetic negative example,No recorded landslide at this location on 2010-09-13,none,India,IN,Assam,91.7825,26.1961,8.3,22.900000000000002,68.5,186.9,20.2,124.0,12.523591942861296,5.0,Ao79-a,Ao,0
2011-03-22 00:00:00,"road from other districts to Hawai(Tawai?) which is  on Lojit river, near Hayuliang,  Anjaw district, Arunachal Pradesh","Mar 23, 2011, 11.15pm IST  ITANAGAR: Floods triggered by incessant rainfall for the last couple of days have snapped road links in several districts of Arunachal Pradesh. The water-level of Lohit and Dehing river have increased by two meters, posing threats to habitations in the catchments areas, a source said here on Wednesday.  Landslides triggered by flashfloods de-linked Hawai, the headquarters of Anjaw district, from the rest of the state on Monday, besides washing away a primary school building and a few houses near Hayuliang.",downpour,India,IN,Arunachal Pradesh,96.5242,28.0791,7.48,55.41,102.32,122.1,37.46,557.0,24.638327529773587,10.0,I-Af-Bd-2c,I,1
2012-09-28 00:00:00,Synthetic negative example,No recorded landslide at this location on 2012-09-28,none,India,IN,Nagaland,94.9439,26.3897,12.6,35.8,71.7,159.6,14.0,522.0,5.15715117338214,10.0,Bh16-2/3c,Bh,0
2013-06-12 00:00:00,Synthetic negative example,No recorded landslide at this location on 2013-06-12,none,India,IN,Assam,92.3567,25.0951,0.0,5.0,99.39999999999999,134.79999999999998,47.3,233.0,23.072954772058488,50.0,Ge53-3a,Ge,0
2022-09-23 00:00:00,Synthetic negative example,No recorded landslide at this location on 2022-09-23,none,India,IN,Assam,92.8411,24.9849,6.6,18.7,41.5,149.5,13.2,262.0,19.51816573573522,50.0,Ge53-3a,Ge,0
2015-08-27 00:00:00,"National Highway 54, at Kawnpui town","National Highway 54, the state’s lifeline, has also been blocked in several places, including at Kawnpui town",downpour,India,IN,Mizoram,92.6724,24.042,5.48,9.52,37.7,191.48,13.11,808.0,6.133310012526581,10.0,Bd61-2c,Bd,1
2021-06-20 00:00:00,Synthetic negative example,No recorded landslide at this location on 2021-06-20,none,India,IN,Meghalaya,90.5549,25.2193,12.4,60.1,97.4,190.3,31.1,271.0,4.622196164454146,10.0,Nd2-2b,Nd,0
2014-08-22 00:00:00,Synthetic negative example,No recorded landslide at this location on 2014-08-22,none,India,IN,Mizoram,92.7187,23.7348,0.9,9.3,45.9,81.1,27.2,1038.0,18.14421799352956,5.0,Bd61-2c,Bd,0
2011-07-01 00:00:00,NH-61 between Botsa and Chiechama,500 ft stretch of road affected by landslide.  Triggered by continuous rain,downpour,India,IN,Nagaland,94.1739,25.8782,19.89,41.75,91.78,141.73,21.69,1349.0,23.36421636275217,10.0,Ao76-2/3c,Ao,1
2018-08-28 00:00:00,Synthetic negative example,No recorded landslide at this location on 2018-08-28,none,India,IN,Assam,91.7825,26.1961,23.0,78.8,187.0,268.1,33.7,124.0,12.523591942861296,5.0,Ao79-a,Ao,0
2022-07-15 00:00:00,Synthetic negative example,No recorded landslide at this location on 2022-07-15,none,India,IN,Sikkim,88.609,27.337,9.4,27.1,38.8,123.5,12.1,1540.0,12.901696398278036,25.0,Bd32-2bc,Bd,0
2016-08-05 00:00:00,Synthetic negative example,No recorded landslide at this location on 2016-08-05,none,India,IN,Manipur,93.6795,25.1604,19.9,28.4,48.1,129.5,19.9,1091.0,12.975482111654207,25.0,Bh16-2/3c,Bh,0
2015-06-26 00:00:00,Synthetic negative example,No recorded landslide at this location on 2015-06-26,none,India,IN,Nagaland,95.0243,26.7223,7.7,28.7,101.1,250.0,24.7,698.0,15.584319140976891,1.0,Ao76-2/3c,Ao,0
2013-09-24 00:00:00,"Ukhrul, Manipur","Imphal, September 28 (NNN): The massive landslide that occurred in Ukhrul town has been cleared yesterday. The landslide had occurred at Police Bazar, also called Tangrei near Ukhrul police station. According to Kamphasom Tang chairman Alston T Shimrah and its secretary Khamung, the landslide that had given tremendous hardship to the people of the Ukhrul town in the last few days. The chairman and the secretary of Kamphasom Tang, Ukhrul have expressed their deep gratitude to Ukhrul deputy commissioner SK Chaurasoia, Ukhrul superintendent of police K Kabib, Ukhrul sub-divisional officer Worshang Hungyo, Officer commanding of 84 RCC/25 BRTF Asish Kumar, 2nd in command of the BRTF AK Mehra, Jr Engineer, 25 BRTF Swamy S and others for helping to clear the massive landslide yesterday. The Kamphasom Tang leaders also expressed their gratitude to RS Ngaranchui, the Ukhrul district representative of Lok Sabha MLA under whose supervision the slide was cleared.",unknown,India,IN,Manipur,94.3619,25.0985,0.3,0.56,1.4,69.36,0.37,1892.0,10.523133627119554,5.0,Bh16-2/3c,Bh,1
2017-08-05 00:00:00,Synthetic negative example,No recorded landslide at this location on 2017-08-05,none,India,IN,Manipur,93.5935,24.8286,23.8,46.6,127.1,192.6,44.8,729.0,37.974740545343984,50.0,Bh16-2/3c,Bh,0
2016-07-28 00:00:00,Synthetic negative example,No recorded landslide at this location on 2016-07-28,none,India,IN,Manipur,93.9854,25.5007,12.0,29.9,88.8,140.0,24.5,1429.0,19.350128854289956,5.0,Bh16-2/3c,Bh,0
2017-06-24 00:00:00,Synthetic negative example,No recorded landslide at this location on 2017-06-24,none,India,IN,Assam,93.4221,24.7505,50.7,74.2,171.1,379.5,50.7,784.0,10.96796618678514,5.0,Bh16-2/3c,Bh,0
2023-08-09 00:00:00,Synthetic negative example,No recorded landslide at this location on 2023-08-09,none,India,IN,Sikkim,88.42280921,26.99195749,23.0,65.60000000000001,163.0,275.2,42.8,268.0,25.893203347040103,5.0,Rd29-1a,Rd,0
2019-09-14 00:00:00,Synthetic negative example,No recorded landslide at this location on 2019-09-14,none,India,IN,Assam,93.0083,25.1796,0.9,11.5,22.400000000000002,99.0,6.4,688.0,6.536941433448177,5.0,Ao76-2/3c,Ao,0
2010-07-21 08:00:00,"Singtam-Mangan rd, Sikkim","Five houses were destroyed by landslides triggered by incessant rain at Zang in East Sikkim early this morning. Nobody was hurt as families living in these houses could escape just before the slides struck.  The mud slides also blocked the Singtam-Mangan road, which is an alternative route to North Sikkim Highway. The rubbles were cleared by the Border Roads Organisation for light vehicles later in the afternoon",downpour,India,IN,Sikkim,88.559,27.3773,7.3,45.36,99.3,173.87,23.15,1479.0,34.577439865993604,25.0,Bd32-2bc,Bd,1
2023-08-06 00:00:00,Synthetic negative example,No recorded landslide at this location on 2023-08-06,none,India,IN,Assam,91.8806,26.1028,45.8,87.39999999999999,147.6,317.4,45.8,133.0,15.471112076163267,5.0,Nd2-2b,Nd,0
2010-10-03 00:00:00,"Mosing village, Upper Siang district, Arunachal Pradesh","Ten people were killed and about 300,000 displaced in flash floods and landslides triggered by heavy rains in Arunachal Pradesh. Heavy rains triggered mudslides and flooding in at least three districts of Arunachal Pradesh, washing away bridges, huts and school buildings, besides devastating agriculture crops. ""The devastation caused by the floods and landslides had been extensive with eight people already killed in incidents of house collapse due to landslides, besides snapping road links in many areas."" The casualties were reported early on Saturday in Mosing village in Upper Siang district (of Arunachal Pradesh) bordering China, where several houses got buried under mounds of earth.",downpour,India,IN,Arunachal Pradesh,95.4149,28.3092,2.35,13.64,31.43,107.15,14.27,1851.0,50.98081968480692,25.0,Ao80-2bc,Ao,1
2011-07-15 18:00:00,Itanagar/Naharlagur/Nirjuli,"Meanwhile, massive rains have caused havoc in Seppa depositing boulders and loose sediments in various places in the township. The main thoroughfare Bazaarline and ALC line have been hit hard by the ravaging flood. Landslips also disrupted water supply in the twin capital cities of Itanagar and Naharlagun since yesterday. The 300 mm diameter ductile iron pipe carrying water from Nyroch river, one of the major sources that feeds about eight thousand population of Naharlagun and Nirjuli, was washed away at Tarajuli last evening. Flashflood cut off Seijosa in East Kameng district from rest of the state forcing people to abandon their homes and damaged colonies, mainly the medical, teacher and veterinary colonies, besides damaging the approach road to the government higher secondary school boys hostel, the sources added.",downpour,India,IN,Arunachal Pradesh,93.7145,27.125,22.61,108.87,132.86,237.04,55.16,128.0,5.56896198426521,5.0,Be82-a,Be,1
2013-10-05 23:00:00,"Chiechama, Nagaland","Continuous rainfall has caused massive mudslides blockingNH-2 between Kohima and Botsa in Nagaland, official sources said today. The mudslides on late last night has caused huge inconvenience, additional deputy commissioner Chiephobozou sub-division Bodeno Mero said. She said around 60 to 70 vehicles were stranded along the stretch since this morning. An electrical post was also damaged due to mudslide and power lines were cut off in and around Botsa area to avoid any mishap. Stating that all efforts are being made to see that the highway is cleared with PWD workers put to service, she however cautioned the public travelling on NH-2 of delayed journey. She expressed fear that the mudslides would continue till the rain stopped.",continuous_rain,India,IN,Nagaland,94.1497,25.8266,16.72,36.68,39.65,72.15,16.72,1394.0,29.25896401491808,5.0,Ao76-2/3c,Ao,1
2018-08-21 00:00:00,Synthetic negative example,No recorded landslide at this location on 2018-08-21,none,India,IN,Assam,92.8411,24.9849,23.6,38.7,64.5,187.6,23.6,262.0,19.51816573573522,50.0,Ge53-3a,Ge,0
2022-08-03 00:00:00,Synthetic negative example,No recorded landslide at this location on 2022-08-03,none,India,IN,Assam,93.4946,24.9926,11.8,39.8,59.4,95.9,22.9,1137.0,4.479758474096997,25.0,Bh16-2/3c,Bh,0
2012-07-21 00:00:00,Synthetic negative example,No recorded landslide at this location on 2012-07-21,none,India,IN,Manipur,93.8443,24.9356,11.2,20.0,60.8,109.6,13.5,849.0,0.926369172997235,25.0,Ao76-2/3c,Ao,0
2015-08-01 00:00:00,Chandel,Khengjoy village under sub-division headquarter in Chandel district has remained totally cut-off after a major landslide that occurred on August 1 on a 3 km long road stretch from Kemdo to Maokot Khengjoi.,unknown,India,IN,Manipur,94.1146,24.3481,3.7,100.7,118.29,201.72,76.06,1003.0,6.3503843875058354,10.0,Bh16-2/3c,Bh,1
2015-05-24 00:00:00,"Bop, Sikkim","Approximately 1200 tourists were stranded. The landslide blocked three switchbacks on the main road. By the evening, that stretch was impassable.",unknown,India,IN,Sikkim,88.6586,27.6163,0.21,9.49,26.27,51.07,11.83,1842.0,31.364113895216203,1.0,Bd32-2bc,Bd,1
2012-06-11 00:00:00,Synthetic negative example,No recorded landslide at this location on 2012-06-11,none,India,IN,Meghalaya,90.5573,25.203,12.3,46.8,101.2,248.3,25.7,139.0,16.68948805959749,5.0,Nd2-2b,Nd,0
2015-08-19 15:00:00,Phesama,Over 200 vehicles were stranded along NH-29 Phesama landslide area for almost four hours on Wednesday.,continuous_rain,India,IN,Nagaland,94.1051,25.6278,8.1,17.36,37.6,106.62,12.95,1525.0,12.46880569721071,5.0,Ao76-2/3c,Ao,1
2015-07-22 00:00:00,"15 kms from Maram, National Highway-102/A (Maram Peren road)",Reports collected from different areas of the district said that massive landslide along the newly christened National Highway-102/A (Maram Peren road) has totally cut off villages in Willong and Yangkhullen circle. Sources specified of major landslides in different locations including 15 kms from Maram,continuous_rain,India,IN,Manipur,94.0489,25.4477,10.3,41.39,117.9,163.55,33.49,1325.0,24.119907126086968,1.0,Ao76-2/3c,Ao,1
2012-07-27 00:00:00,Synthetic negative example,No recorded landslide at this location on 2012-07-27,none,India,IN,Tripura,91.4663,24.0896,2.6,4.8,21.6,54.9,8.0,107.0,7.483527022769612,5.0,Bd61-2c,Bd,0
2017-09-23 00:00:00,Synthetic negative example,No recorded landslide at this location on 2017-09-23,none,India,IN,Assam,93.4333,24.75,4.6,20.7,66.3,151.5,14.7,467.0,22.45952250962254,25.0,Bh16-2/3c,Bh,0
2023-06-22 00:00:00,Synthetic negative example,No recorded landslide at this location on 2023-06-22,none,India,IN,Manipur,94.0564,24.4279,7.9,11.2,24.1,86.5,7.9,895.0,8.395047652311604,50.0,Ao76-2/3c,Ao,0
2013-07-03 00:00:00,Synthetic negative example,No recorded landslide at this location on 2013-07-03,none,India,IN,Assam,91.7665,26.1978,23.6,60.699999999999996,176.79999999999998,390.9,54.8,90.0,18.979049044864023,,Ao79-a,Ao,0
2018-08-07 00:00:00,Synthetic negative example,No recorded landslide at this location on 2018-08-07,none,India,IN,Meghalaya,91.8584,25.9703,25.6,45.3,155.5,433.9,47.2,285.0,11.565823006032677,1.0,Nd2-2b,Nd,0
2013-08-19 00:00:00,Synthetic negative example,No recorded landslide at this location on 2013-08-19,none,India,IN,Nagaland,94.5512,26.3335,6.6,28.0,85.3,230.4,24.9,1372.0,7.704690069377325,1.0,Ao76-2/3c,Ao,0
2016-07-14 00:00:00,"Pub Sarania hill, South Sarania, Guwahati, Assam, India","Trigger is likely monsoon rains because the incident occurred during monsoon season.  Two persons, including a girl, were killed in landslides in Assam on Thursday. An octogenarian was killed when a sudden landslide buried his house at Pub Sarania hill, district deputy commissioner M Angamathu said.",monsoon,India,IN,Assam,91.7702,26.1768,7.89,16.48,48.2,189.46,11.26,83.0,30.11204693140904,1.0,Ao79-a,Ao,1
2021-06-14 00:00:00,Synthetic negative example,No recorded landslide at this location on 2021-06-14,none,India,IN,Mizoram,93.0514,23.8447,6.0,50.099999999999994,140.5,209.6,46.5,1086.0,27.867464228189014,10.0,Bh16-2/3c,Bh,0
2020-08-07 00:00:00,Synthetic negative example,No recorded landslide at this location on 2020-08-07,none,India,IN,Arunachal Pradesh,95.8011,27.174,21.0,28.0,34.5,147.7,21.0,295.0,1.041280595140532,10.0,Ao76-2/3c,Ao,0
2010-03-27 20:00:00,"LangthAbal Khoupum, Imphal, Manipur","Pre-monsoon rains and a heavy storm  have created havoc in Manipur state.  Sudden sporadic downpours accompanied by heavy storm, which struck late on Saturday (March 27), left a trail of mass destruction in both the valley and hilly areas, as several rooftops were blown away and houses collapsed. Several houses along Mayai Lambi, in the vicinity of Loktak Lake, are reported to have been either blown away, or damaged.  One house at LangthAbal Khoupum in Imphal has been completely damaged due to landslide.  No loss of human lives has been reported from anywhere in the State.  Locals are helping rescuers to help restore the damaged buildings.  ""At that time, those who woke up early morning, including my mother, survived the landslide. But two persons who were sleeping at that time were buried. So, all the villagers joined hands and rescued the two from the debris. No loss of lives was there but some have sustained injuries,"" said Thawaijao Kamei, a local resident, on Monday (March 29).",downpour,India,IN,Manipur,93.9161,24.7339,11.35,12.42,14.34,16.37,11.35,879.0,14.24689258589194,5.0,Ao76-2/3c,Ao,1
2010-07-14 00:00:00,Synthetic negative example,No recorded landslide at this location on 2010-07-14,none,India,IN,Arunachal Pradesh,96.1509,28.8254,6.6,25.3,121.9,189.5,28.1,3640.0,29.62275080740819,,I-Af-Bd-2c,I,0
2014-09-13 00:00:00,Synthetic negative example,No recorded landslide at this location on 2014-09-13,none,India,IN,Mizoram,92.7141905,23.74182634,1.7,10.4,42.199999999999996,138.4,24.4,930.0,14.76547201733368,1.0,Bd61-2c,Bd,0
2011-08-08 00:00:00,Synthetic negative example,No recorded landslide at this location on 2011-08-08,none,India,IN,Manipur,93.5291,24.7016,45.9,87.9,144.2,209.2,45.9,657.0,12.984858642158148,5.0,Bh16-2/3c,Bh,0
2012-07-12 00:00:00,Synthetic negative example,No recorded landslide at this location on 2012-07-12,none,India,IN,Assam,91.72137514,26.49349035,22.4,33.8,65.7,133.0,22.4,60.0,1.388921568190823,10.0,Ao79-a,Ao,0
2022-07-11 00:00:00,Synthetic negative example,No recorded landslide at this location on 2022-07-11,none,India,IN,Arunachal Pradesh,92.2833,27.44,3.3,11.2,38.1,155.4,18.5,2613.0,1.0437789193849585,50.0,Ao80-2bc,Ao,0
2012-09-02 00:00:00,Synthetic negative example,No recorded landslide at this location on 2012-09-02,none,India,IN,Assam,91.7548,26.1314,18.7,30.099999999999998,79.1,258.0,19.6,74.0,7.148839105606214,1.0,Nd2-2b,Nd,0
2022-07-09 00:00:00,Synthetic negative example,No recorded landslide at this location on 2022-07-09,none,India,IN,Assam,91.8806,26.1028,6.0,10.5,35.2,148.4,13.9,133.0,15.471112076163267,5.0,Nd2-2b,Nd,0
2023-08-25 00:00:00,Synthetic negative example,No recorded landslide at this location on 2023-08-25,none,India,IN,Meghalaya,91.893,25.583,2.6,8.7,18.5,109.2,6.0,1445.0,7.211180224347258,5.0,Ao74-2b,Ao,0
2014-08-04 00:00:00,Synthetic negative example,No recorded landslide at this location on 2014-08-04,none,India,IN,Mizoram,92.7362,23.7131,1.0,20.4,56.8,145.9,11.1,893.0,22.497546016791755,50.0,Bd61-2c,Bd,0
2013-09-11 00:00:00,Synthetic negative example,No recorded landslide at this location on 2013-09-11,none,India,IN,Meghalaya,91.8695,26.048,1.3,29.8,45.5,209.7,17.2,72.0,12.284413866136306,1.0,Nd2-2b,Nd,0
2008-08-28 00:00:00,"Ranka, Sikkim and Louing road","most affected villages of block level are Pabing, Changram, Doksing and Thami Dara",downpour,India,IN,Sikkim,88.609,27.337,3.56,14.14,30.97,94.54,7.65,1540.0,12.901696398278036,25.0,Bd32-2bc,Bd,1
2010-10-09 00:00:00,"NH-39 in Karong area, Manipur",Landslide has also been reported at a spot near Khongnem village while there are at least three landslides at Karong area.,downpour,India,IN,Nagaland,94.0462,25.3179,26.82,107.81,120.26,142.24,53.95,998.0,23.248847186308105,5.0,Ao76-2/3c,Ao,1
2010-07-29 23:00:00,"Chingai-Kuingai(Quingai) route (16 kms), Chingai subdivision, Ukhrul district, Manipur","Since the Chingai-Quingai road has been sunk due to landslides at various points following heavy rainfall that occured twice during the past 20 days, nearly 5,000 villagers of five villages in the sub-division are facing the alarming possibility of starvation.  The road from Chingai to Quingai in Chingai sub-division of Ukhrul district connects Quingai, Chalou, New Tasom, Tasom CV and Tasom Khullen villages.  However, the road has been disconnected in various places due to heavy rainfall that occurred on the night between July 29 and 30 and again on the night of August 15 .  According to Secretary, Information and Publicity, Northern Raphei Students' Union (NRSU), HAS Thuingaleng, nearly 5,000 villagers of the said villages have been facing extreme hardship.  The wooden bridge over Rondei river had been washed away by the powerful current of the river disconnecting the road.  Moreover, landslides have occurred completely blocking the road at different places.  However, due to the heavy",downpour,India,IN,Manipur,94.48214677,25.3098633,17.06,32.41,58.35,101.04,17.06,1552.0,29.263043895532036,25.0,Bh16-2/3c,Bh,1
2023-06-08 00:00:00,Synthetic negative example,No recorded landslide at this location on 2023-06-08,none,India,IN,Assam,91.7369,26.1049,34.7,65.0,66.60000000000001,89.9,34.7,156.0,16.672500924387776,1.0,Nd2-2b,Nd,0
2014-06-27 00:00:00,Synthetic negative example,No recorded landslide at this location on 2014-06-27,none,India,IN,Assam,92.7239,24.5202,11.5,36.3,138.0,263.9,44.8,40.0,0.0,1.0,Gd25-2a,Gd,0
2017-09-15 00:00:00,Synthetic negative example,No recorded landslide at this location on 2017-09-15,none,India,IN,Sikkim,88.2426,27.3425,9.6,41.3,176.6,393.6,65.6,1384.0,28.364376855574704,50.0,Bd32-2bc,Bd,0
2016-10-12 00:00:00,Legship,"Another landslip occurred at Legship, near the tourist spot of Pelling, in Sikkim severely affecting road traffic movement between Darjeeling and Legship, officials said.",continuous_rain,India,IN,Sikkim,88.2891,27.2676,14.2,33.71,54.64,78.0,17.16,604.0,48.99498819683531,10.0,Bd32-2bc,Bd,1
2016-07-28 23:00:00,"Government Middle School (GMS) Kiphire station “B”, Kiphire, Nagaland, India","Owing to heavy downpour in Kiphire, a retaining wall and water tank collapsed and destroyed the classrooms of Government Middle School (GMS) Kiphire station “B” on the night of July 28. According to the head teacher GMS Kiphire station “B” Lisecho Sangtam, class 6 and 7 classrooms have been completely damaged for which classes could not be held.  Sangtam has also informed that until the building was renovated classes would not resume. He also appealed the school education department to urgently look into the matter as students cannot attend schools if necessary action was not taken. Meanwhile, district administration and School education department Kiphire visited the school.",downpour,India,IN,Nagaland,94.7844,25.8702,28.36,51.51,114.4,171.55,28.36,1140.0,7.675353195263384,1.0,Ao76-2/3c,Ao,1
2013-07-22 00:00:00,Synthetic negative example,No recorded landslide at this location on 2013-07-22,none,India,IN,Assam,94.1167,27.2333,21.4,48.9,85.0,148.7,21.4,87.0,2.2793545475188526,50.0,Be82-a,Be,0
2023-06-11 00:00:00,Synthetic negative example,No recorded landslide at this location on 2023-06-11,none,India,IN,Meghalaya,91.27,25.52,37.2,112.10000000000001,123.4,132.9,56.7,1346.0,10.988566845299832,,Ao75-2b,Ao,0
2007-08-26 00:00:00,Shillong Road at Kuliang in the Jaintia Hills,Telegraph India,rain,India,IN,Assam,92.8339,25.2946,13.28,16.62,43.01,108.82,13.28,885.0,17.07308516773084,,Ao74-2b,Ao,1
2017-08-02 00:00:00,Synthetic negative example,No recorded landslide at this location on 2017-08-02,none,India,IN,Manipur,94.3429,24.3527,25.3,40.8,54.7,274.6,25.3,283.0,13.266819111186056,10.0,,,0
2011-09-10 00:00:00,Synthetic negative example,No recorded landslide at this location on 2011-09-10,none,India,IN,Arunachal Pradesh,93.6086,27.0869,8.9,17.4,62.8,66.9,19.1,316.0,9.327683683775282,10.0,Be82-a,Be,0
2011-08-13 00:00:00,Synthetic negative example,No recorded landslide at this location on 2011-08-13,none,India,IN,Meghalaya,91.885,25.5728,9.6,27.7,147.6,274.1,37.2,1501.0,9.40412013238775,5.0,Ao74-2b,Ao,0
2013-09-02 00:00:00,"Gosang Village Under Jengging Circle, Arunachal Pradesh","With improvement in the weather, the water level of major rivers in Eastern Arunachal showed a receding trend even as West and Upper Siang districts in the state remained cut off due to massive landslides triggered by torrential rain. Chief Minister Nabam Tuki on Saturday undertook an aerial survey of the affected areas accompanied by Chief Secretary Hari Krishna and Secretary, Disaster Management, Kapa Kholie, officials said on Sunday. Reports had poured in of the Noa Dihing River rising over danger level and inundating portions of Dumpani and four other villages under Diyun circle in Changlang district. At least 13,246 people of eleven villages have been affected by the current wave of flood. Landing at Diyun, Tuki took first hand report of the situation from local Legislator C C Singpho and officials of the district administration, sources said. The swollen river has triggered landslides in at least seven villages while about 85 hectares have been submerged in five villages, they sa",downpour,India,IN,Arunachal Pradesh,94.9829,28.611,24.66,57.5,122.63,157.11,24.66,1668.0,32.48339327835614,5.0,Ao80-2bc,Ao,1
2014-09-06 00:00:00,Synthetic negative example,No recorded landslide at this location on 2014-09-06,none,India,IN,Assam,91.7138,26.1662,13.8,34.6,107.7,212.3,25.9,140.0,21.63720584577714,50.0,Ao79-a,Ao,0
2007-07-30 00:00:00,Lawngtlai,road networks disrupted,downpour,India,IN,Mizoram,92.899,22.533,0.31,3.17,25.87,139.49,9.27,801.0,15.868646633497285,25.0,Bh16-2/3c,Bh,1
2013-06-06 00:00:00,Synthetic negative example,No recorded landslide at this location on 2013-06-06,none,India,IN,Assam,93.1645,25.5215,20.7,50.0,59.8,201.7,20.7,278.0,3.2128253404789087,25.0,Ao76-2/3c,Ao,0
2010-07-08 00:00:00,Synthetic negative example,No recorded landslide at this location on 2010-07-08,none,India,IN,Nagaland,94.1167,25.616,1.4,13.9,115.1,239.9,57.6,1589.0,29.56631726951452,10.0,Ao76-2/3c,Ao,0
2016-06-16 00:00:00,Synthetic negative example,No recorded landslide at this location on 2016-06-16,none,India,IN,Sikkim,88.38,27.1499,13.5,176.3,208.70000000000002,285.3,123.9,1105.0,30.203926293037487,25.0,Rd29-1a,Rd,0
2014-07-27 00:00:00,Synthetic negative example,No recorded landslide at this location on 2014-07-27,none,India,IN,Nagaland,94.0441,25.318,2.7,8.3,39.699999999999996,99.39999999999999,10.1,993.0,6.125906246428548,50.0,Ao76-2/3c,Ao,0
2013-07-17 00:00:00,"National Highway 29 Between Patkai Bridge And Kukidolong, Nagaland",Fresh mudslides were reported in some parts of Nagaland affecting the vehicular movements in Nagaland and Manipur. The mudslides had buried some portions of highways 2 and 29 on Tuesday. An 80 metre long breach at NH 2 near Kohima has disrupted all vehicular movements cutting off Manipur. Officials said that most of the debris were cleared by Wednesday night and vehicular movement restored. There will be free flow of traffic unless there is fresh rain.,rain,India,IN,Nagaland,93.9413,25.7658,5.65,24.17,83.82,142.35,32.24,808.0,44.2276920510005,50.0,Ao76-2/3c,Ao,1
2020-09-28 00:00:00,Synthetic negative example,No recorded landslide at this location on 2020-09-28,none,India,IN,Manipur,94.3136,25.0118,2.0,5.9,37.4,152.6,22.0,1391.0,3.200508507855546,25.0,Bh16-2/3c,Bh,0
2015-07-01 00:00:00,Synthetic negative example,No recorded landslide at this location on 2015-07-01,none,India,IN,Assam,93.0123,25.1775,1.4,23.400000000000002,93.0,218.20000000000002,34.7,652.0,15.42307118570718,5.0,Ao76-2/3c,Ao,0
2013-08-28 00:00:00,Synthetic negative example,No recorded landslide at this location on 2013-08-28,none,India,IN,Mizoram,92.7141905,23.74182634,1.3,39.0,53.1,212.0,19.0,930.0,14.76547201733368,1.0,Bd61-2c,Bd,0
2023-06-10 00:00:00,Synthetic negative example,No recorded landslide at this location on 2023-06-10,none,India,IN,Arunachal Pradesh,93.0153,27.4888,22.1,23.6,32.4,79.5,22.1,540.0,28.976817364678165,50.0,Ao80-2bc,Ao,0
2011-06-21 00:00:00,"Lasumi village in Phek district, Kohima","June 24 : A major landslide damaged a residential building including paddy fields at Lasumi village in Phek district on June 21 last, destroying properties and crops worth nearly Rs. 16 lakhs. The landslide carried away the whole residential building of Dipelo, G.B, Lasumi village, costing an estimated amount of Rs 4,07,000.   Besides damaging the residential building, about 30 households rice paddy fields where paddy transplantation already been done, also badly affected worth Rs 10,70,000. Meanwhile, the Zuketsa Area Public Organization (ZAPO) expressed its appreciation to the EAC Zuketsa, Police OC Khezhak committee, BDO Pfutsero, entire Lasumi villagers, neighbouring villages for coming forward to extend helping hand to retrieve the properties though it was not possible to rescue or take out anything.",rain,India,IN,Nagaland,94.2341227,25.51614662,8.32,18.31,51.05,87.17,11.49,1646.0,20.170835089310476,1.0,Ao76-2/3c,Ao,1
2017-07-01 00:00:00,Synthetic negative example,No recorded landslide at this location on 2017-07-01,none,India,IN,Nagaland,94.1351,25.4769,21.2,67.4,179.1,263.1,42.9,1673.0,19.73007978274894,5.0,Ao76-2/3c,Ao,0
2011-08-19 00:00:00,Synthetic negative example,No recorded landslide at this location on 2011-08-19,none,India,IN,Arunachal Pradesh,95.8776,28.4298,1.4,17.4,72.5,111.0,21.9,516.0,15.81679952401605,50.0,I-Af-Bd-2c,I,0
2014-06-24 00:00:00,Synthetic negative example,No recorded landslide at this location on 2014-06-24,none,India,IN,Manipur,94.4703,25.6633,13.5,31.0,164.0,255.3,60.8,1447.0,8.21793936850887,5.0,Ao76-2/3c,Ao,0
2017-09-12 00:00:00,Synthetic negative example,No recorded landslide at this location on 2017-09-12,none,India,IN,Arunachal Pradesh,92.9064,27.2743,51.0,83.1,236.1,349.6,51.0,638.0,13.108321654365652,10.0,Ao80-2bc,Ao,0
2013-07-06 00:00:00,Synthetic negative example,No recorded landslide at this location on 2013-07-06,none,India,IN,Sikkim,88.2426,27.3425,184.1,310.0,369.7,503.8,184.1,1384.0,28.364376855574704,50.0,Bd32-2bc,Bd,0
2016-08-01 00:00:00,Synthetic negative example,No recorded landslide at this location on 2016-08-01,none,India,IN,Assam,92.4584,25.0318,4.4,13.3,38.7,177.5,8.4,82.0,17.3079457888422,5.0,Ge53-3a,Ge,0
2014-07-14 00:00:00,Synthetic negative example,No recorded landslide at this location on 2014-07-14,none,India,IN,Manipur,93.9667,25.1333,5.4,9.4,20.0,57.1,5.4,1008.0,2.1157468041581975,25.0,Ao76-2/3c,Ao,0
2012-09-16 00:00:00,Synthetic negative example,No recorded landslide at this location on 2012-09-16,none,India,IN,Sikkim,88.6083,27.3341,65.3,172.0,315.59999999999997,356.7,65.3,1449.0,24.49385858982577,5.0,Bd32-2bc,Bd,0
2022-06-14 00:00:00,Synthetic negative example,No recorded landslide at this location on 2022-06-14,none,India,IN,Assam,91.7049,26.1665,21.1,81.8,145.6,205.0,49.5,233.0,13.777425286985055,5.0,Ao79-a,Ao,0
2015-08-01 00:00:00,between Chalong and Paraolon,Two landslides between Chalong to Paraolon,continuous_rain,India,IN,Manipur,94.1016,24.1988,2.09,71.58,85.55,145.97,50.65,1379.0,19.94576616473369,10.0,Bh16-2/3c,Bh,1
2020-07-01 00:00:00,Synthetic negative example,No recorded landslide at this location on 2020-07-01,none,India,IN,Manipur,94.1016,24.1988,1.8,16.0,38.2,139.7,18.0,1379.0,19.94576616473369,10.0,Bh16-2/3c,Bh,0
2015-08-04 00:00:00,Synthetic negative example,No recorded landslide at this location on 2015-08-04,none,India,IN,Meghalaya,90.2191,25.5084,2.5,5.7,131.6,236.5,45.0,323.0,23.705749643396505,1.0,Nd2-2b,Nd,0
2020-06-21 00:00:00,Synthetic negative example,No recorded landslide at this location on 2020-06-21,none,India,IN,Nagaland,94.1739,25.8782,5.2,27.8,71.10000000000001,140.7,20.6,1349.0,23.36421636275217,10.0,Ao76-2/3c,Ao,0
2016-06-16 00:00:00,Synthetic negative example,No recorded landslide at this location on 2016-06-16,none,India,IN,Assam,92.7239,24.5202,8.8,24.6,233.5,318.6,104.2,40.0,0.0,1.0,Gd25-2a,Gd,0
2019-08-09 00:00:00,Synthetic negative example,No recorded landslide at this location on 2019-08-09,none,India,IN,Nagaland,94.1051,25.6278,19.2,64.4,93.0,263.4,34.9,1525.0,12.46880569721071,5.0,Ao76-2/3c,Ao,0
2013-08-20 00:00:00,Synthetic negative example,No recorded landslide at this location on 2013-08-20,none,India,IN,Sikkim,88.3603,27.0377,4.5,9.8,39.7,238.9,10.6,1481.0,21.17647711915332,5.0,Ah12-2bc,Ah,0
2016-09-01 00:00:00,Synthetic negative example,No recorded landslide at this location on 2016-09-01,none,India,IN,Arunachal Pradesh,96.1509,28.8254,50.5,74.1,88.4,135.4,50.5,3640.0,29.62275080740819,,I-Af-Bd-2c,I,0
2022-07-03 00:00:00,Synthetic negative example,No recorded landslide at this location on 2022-07-03,none,India,IN,Arunachal Pradesh,91.9754,27.5754,7.0,38.0,101.3,133.0,31.0,2410.0,26.864068197615136,5.0,Ao80-2bc,Ao,0
2012-09-04 00:00:00,Synthetic negative example,No recorded landslide at this location on 2012-09-04,none,India,IN,Assam,91.763,26.1965,0.2,30.0,60.9,216.0,18.7,93.0,2.7771727466475022,1.0,Ao79-a,Ao,0
2016-08-22 00:00:00,Synthetic negative example,No recorded landslide at this location on 2016-08-22,none,India,IN,Arunachal Pradesh,95.2253,27.8458,2.3,2.9,9.6,87.0,4.3,131.0,0.926369172997235,1.0,Ao79-a,Ao,0
2022-07-19 00:00:00,Synthetic negative example,No recorded landslide at this location on 2022-07-19,none,India,IN,Nagaland,94.1076,25.682,54.6,89.9,96.9,151.1,54.6,1439.0,4.9508487656938565,1.0,Ao76-2/3c,Ao,0
2014-08-14 23:00:00,Sabroom,"A woman and her two children were killed when a landslide buried their house in Tripura, police said here Friday.",downpour,India,IN,Tripura,91.7174,23.0137,85.53,181.53,205.82,261.53,85.53,28.0,4.124319018386397,5.0,Af46-1/2a,Af,1
2019-08-25 00:00:00,Synthetic negative example,No recorded landslide at this location on 2019-08-25,none,India,IN,Nagaland,94.5224,26.0214,4.2,33.5,80.7,138.4,37.0,1621.0,30.342707714734605,50.0,Ao76-2/3c,Ao,0
2023-07-06 00:00:00,Synthetic negative example,No recorded landslide at this location on 2023-07-06,none,India,IN,Manipur,94.0144205,25.03561729,7.7,40.8,42.5,75.3,25.3,860.0,27.282090548675143,25.0,Ao76-2/3c,Ao,0
2018-09-06 00:00:00,Synthetic negative example,No recorded landslide at this location on 2018-09-06,none,India,IN,Nagaland,94.0132,25.7055,2.8,20.4,108.30000000000001,278.1,45.2,1451.0,14.569286101009892,5.0,Ao76-2/3c,Ao,0
2014-09-02 00:00:00,Synthetic negative example,No recorded landslide at this location on 2014-09-02,none,India,IN,Manipur,94.0984,24.416,0.8,10.1,39.6,80.3,12.9,1368.0,20.935033326099376,5.0,Bh16-2/3c,Bh,0
2011-07-22 00:00:00,Manipur,"PWD officials reject Moreh office collapse report Source: The Sangai Express  Moreh, July 26 2011: There is no question of caving in of the main building of Mini-Secretariat at Moreh and preparations are on for inauguration of the office building at the soonest possible, AE M Birla Singh and SO Senminthang of PWD, Moreh have clarified.  Following heavy rainfall, landslides occurred along some portion of the road running in between the Transit Hostel and the main building of the Mini Secretariat recently leading to debris falling against the western wall of the main office building of the Mini Secretariat.  Efforts are currently underway to remove the debris with deployment of excavators.  AE M Birla and SO Senminthang, who came to inspect the work, clarified that there is no damage caused to the main building of the Mini Secretariat in the recent landslide contrary to what had been reported in some section of the media.",downpour,India,IN,Manipur,94.3429,24.3527,5.5,39.36,128.4,197.44,37.53,283.0,13.266819111186056,10.0,,,1
2013-07-14 00:00:00,Synthetic negative example,No recorded landslide at this location on 2013-07-14,none,India,IN,Meghalaya,92.2897,25.3433,11.4,41.4,105.7,191.7,34.0,1201.0,1.0249975202040136,25.0,Ao74-2b,Ao,0
2015-09-01 00:00:00,Synthetic negative example,No recorded landslide at this location on 2015-09-01,none,India,IN,Sikkim,88.3651,27.1675,13.1,128.2,355.6,516.1,105.5,1509.0,20.42254604983192,5.0,Rd29-1a,Rd,0
2012-06-03 00:00:00,"between Haflong and  Bagetar, Assam","Torrential rain in the Barail Hill range for the past many days triggered landslides at least five places along the Lumding-Silchar section of Northeast Frontier Railway (NFR) early on Sunday. Authorities have suspended and regulated services of all the trains in this 214-km section until tracks are cleared.   A senior official of NFR here said at around 3am on Sunday, a large amount of soil and mud, boulders and trees came down the Borail Hill on the tracks at five different places in Dima Hasao district. The affected places are between Harangajao and Mailongdisa, Bandarkhal and Chandranathpur, Maibang and Daotohaja, Lower Haflong and Bagetar and between Mahur and Migrendisa.",downpour,India,IN,Assam,93.0123,25.1775,27.34,76.45,112.95,133.46,27.34,652.0,15.42307118570718,5.0,Ao76-2/3c,Ao,1
2010-08-05 00:00:00,Synthetic negative example,No recorded landslide at this location on 2010-08-05,none,India,IN,Assam,91.763,26.1965,36.7,60.400000000000006,133.3,234.1,36.7,93.0,2.7771727466475022,1.0,Ao79-a,Ao,0
2018-06-09 00:00:00,Synthetic negative example,No recorded landslide at this location on 2018-06-09,none,India,IN,Arunachal Pradesh,93.816,27.0987,0.5,5.5,19.7,47.6,12.1,214.0,14.236549622926058,5.0,Be82-a,Be,0
2014-08-10 00:00:00,Synthetic negative example,No recorded landslide at this location on 2014-08-10,none,India,IN,Arunachal Pradesh,95.8011,27.174,8.3,119.8,184.6,335.1,61.4,295.0,1.041280595140532,10.0,Ao76-2/3c,Ao,0
2017-06-15 00:00:00,Synthetic negative example,No recorded landslide at this location on 2017-06-15,none,India,IN,Nagaland,94.0212,25.2745,22.4,87.0,138.4,216.7,61.8,1070.0,13.95022570481308,5.0,Ao76-2/3c,Ao,0
2018-06-12 00:00:00,Synthetic negative example,No recorded landslide at this location on 2018-06-12,none,India,IN,Arunachal Pradesh,96.1779,27.8965,31.7,60.9,63.0,143.5,31.7,207.0,9.350473782917254,,Af48-2ab,Af,0
2010-10-08 00:00:00,"Tharon(?) and Langol Tarung villages, Thangmeiband constituency, Imphal, Manipur","On the other hand, landslides that occurred along the Langol foothill range following incessant rainfall during the last few days had affected residents of Tharon and Langol Tarung villages.  A team of Thangmeiband Assembly Constituency Development Forum (TACDF) Tribal Committee visited the affected sites to collect first hand report of the devastation and interacted with the affected families today.  Under the initiative of social worker Jyotin Waikhom, the Committee chairman Ajit Panmei handed over Rs 5000 to Amuba Golmei of Tharon village whose house was damaged by the landslide.  The team also visited the houses of Guanbilung Golmei, Dr Athui Gangmei and Chongpu Kom at Langol Tarung village, which have been partially damaged.",downpour,India,IN,Manipur,93.9128,24.837,76.95,132.5,135.86,160.16,76.95,792.0,17.946031415771497,5.0,Ao76-2/3c,Ao,1
2022-09-10 00:00:00,Synthetic negative example,No recorded landslide at this location on 2022-09-10,none,India,IN,Manipur,93.8794,25.5098,1.3,2.8,29.5,55.8,12.2,1646.0,15.451697691723982,10.0,Bh16-2/3c,Bh,0
2017-09-27 00:00:00,Synthetic negative example,No recorded landslide at this location on 2017-09-27,none,India,IN,Assam,93.4093,25.0672,15.7,24.6,40.6,110.4,15.7,459.0,17.05316578885703,25.0,Bh16-2/3c,Bh,0
2018-09-05 00:00:00,Synthetic negative example,No recorded landslide at this location on 2018-09-05,none,India,IN,Arunachal Pradesh,96.1779,27.8965,11.9,37.8,143.29999999999998,279.5,50.8,207.0,9.350473782917254,,Af48-2ab,Af,0
2023-07-09 00:00:00,Synthetic negative example,No recorded landslide at this location on 2023-07-09,none,India,IN,Manipur,94.0906,23.9278,14.3,64.1,96.7,199.9,48.5,935.0,13.089378757745736,5.0,Bf17-2c,Bf,0
2016-09-10 00:00:00,Synthetic negative example,No recorded landslide at this location on 2016-09-10,none,India,IN,Nagaland,94.0132,25.7055,15.2,35.0,130.0,207.5,29.8,1451.0,14.569286101009892,5.0,Ao76-2/3c,Ao,0
2010-09-17 00:00:00,Synthetic negative example,No recorded landslide at this location on 2010-09-17,none,India,IN,Sikkim,88.708,27.3721,11.8,32.7,133.0,238.5,50.7,3159.0,38.00689623991378,25.0,Bd32-2bc,Bd,0
2011-07-22 00:00:00,Synthetic negative example,No recorded landslide at this location on 2011-07-22,none,India,IN,Arunachal Pradesh,93.7273,27.0011,18.1,36.800000000000004,140.1,246.5,38.9,105.0,2.2754136063184394,,Be82-a,Be,0
2022-09-12 00:00:00,Synthetic negative example,No recorded landslide at this location on 2022-09-12,none,India,IN,Assam,94.0989,27.2298,8.1,24.299999999999997,78.3,241.0,28.2,94.0,2.1247789427521147,25.0,Be82-a,Be,0
2014-07-27 00:00:00,Synthetic negative example,No recorded landslide at this location on 2014-07-27,none,India,IN,Nagaland,94.9152,26.222,18.9,54.4,153.4,269.0,48.0,1762.0,28.42576702358958,25.0,Ao76-2/3c,Ao,0
2014-05-09 23:00:00,"Satgarakul Village, Karimganj, Assam State","Seven members of a single family have been killed by a landslide that struck their home in the village of Satkoragool in the Karimganj District of Assam State, India, overnight between Friday 9 May and Saturday 10 May/2014. Nobody witnessed the incident, which occurred during heavy rain, but neighbours found that part of a hillside had collapsed onto the home, burying it under a debris heap of mud rocks and trees. The bodies of Lubub Uddin (45), his wife Saina Begam (35). and their five children, aged between two and eleven were all recovered from the site.",rain,India,IN,Assam,92.3576,24.8669,43.71,124.37,171.03,215.65,44.97,20.0,2.0413777681804106,1.0,Ge53-3a,Ge,1
2010-07-27 00:00:00,Synthetic negative example,No recorded landslide at this location on 2010-07-27,none,India,IN,Nagaland,94.3864,26.1147,8.2,41.4,70.3,137.7,25.2,350.0,5.226876247386835,1.0,Ao76-2/3c,Ao,0
2008-10-29 00:00:00,"West Kameng, Arunachal Pradesh",So far about 12 people have died in separate incidents. Most victims died after hillocks caved in on their houses or they were washed away in flash floods caused by unseasonal heavy rains for the past four days,downpour,India,IN,Arunachal Pradesh,92.35,27.4,0.0,24.16,33.78,33.8,22.16,2622.0,27.60616139709439,50.0,Ao80-2bc,Ao,1
2017-06-23 00:00:00,Synthetic negative example,No recorded landslide at this location on 2017-06-23,none,India,IN,Manipur,93.9161,24.7339,8.9,21.5,67.6,237.4,20.2,879.0,14.24689258589194,5.0,Ao76-2/3c,Ao,0
2016-05-18 08:00:00,"Ramchandi , Hailakandi District, Assam, India","Ten people were killed in landslides in Karimganj and Hailakandi districts in Barak Valley in Assam on Wednesday following incessant rains. In neighbouring Hailakandi district, two incidents of landslide killed four persons at Bilaipur and a six-year old boy at Ramchandi area, police officials said. The debris fell on two houses where the victims were sleeping early in the morning, they said. NDRF and police have been engaged in rescue and relief operations.",continuous_rain,India,IN,Assam,92.5121,24.5308,75.63,179.71,267.55,301.52,75.63,58.0,10.280713071431196,1.0,Gd25-2a,Gd,1
2018-09-26 00:00:00,Synthetic negative example,No recorded landslide at this location on 2018-09-26,none,India,IN,Assam,93.0083,25.1796,1.1,3.1,13.4,28.7,4.1,688.0,6.536941433448177,5.0,Ao76-2/3c,Ao,0
2015-09-01 00:00:00,Amingaon,"A mother and her child were killed in a landslide at Amingaon area of Kamrup (Rural) district of Assam this morning, police said.  NDRF personnel from the nearby Changsari camp rushed to the spot and recovered their bodies from under a stone.  The woman has been identified as Sumita Khaklary and the child as Rashmi Khaklary.  The landslide occurred following heavy rainfall for the past few days.  A district official said that construction was banned in Kalipahar area but encroachment was continuing.  The matter would be investigated, he said.",rain,India,IN,Assam,91.72137514,26.49349035,10.67,74.71,148.2,265.34,32.22,60.0,1.388921568190823,10.0,Ao79-a,Ao,1
2021-07-15 00:00:00,Synthetic negative example,No recorded landslide at this location on 2021-07-15,none,India,IN,Manipur,93.686,25.16,0.0,37.4,78.9,148.0,31.7,1016.0,36.10655674778545,1.0,Bh16-2/3c,Bh,0
2017-08-24 00:00:00,Synthetic negative example,No recorded landslide at this location on 2017-08-24,none,India,IN,Nagaland,94.0462,25.3179,3.5,9.5,26.4,113.3,7.4,998.0,23.248847186308105,5.0,Ao76-2/3c,Ao,0
2018-06-28 00:00:00,Synthetic negative example,No recorded landslide at this location on 2018-06-28,none,India,IN,Manipur,94.1078,24.1419,18.5,57.1,104.9,124.7,23.1,1171.0,33.37106500187469,5.0,Bh16-2/3c,Bh,0
2010-04-01 00:00:00,"Paglanala village, Dholai Block, near Dwarbandh locality of the district, Cachar district (could only find district) 45 km from Silchar, Assam","The latest disaster has come from Assam where three children aged 7, 5 and 2 were crushed to death after the side of a mountain slid onto their house in Cachar, wiping it out. Their parents, Deepak and Supriti Roy, who survived the catastrophe were seriously injured.  A torrential downpour — some 26 inches on the rain gauge — over the past few days loosened the earth leading to the tragedy at the reserved forest village of Paglanala under Dholai block in the state’s Cachar district.  In the reckless destruction of mountains — be it in the name of “development” or the creation of more “living space” — there have been instances of entire convoys of passenger traffic being stranded in the mountains of the region because of landslides.  As per media report of 2nd April 2010 a landslide at the reserved forest village of Paglanala under Dholai block in the Cachar district, Assam has led to the death of three children and serious injury to two persons. The landslide was preceded by torrential",downpour,India,IN,Assam,93.028,25.1553,40.47,104.47,158.73,163.85,40.47,573.0,23.25770246880801,25.0,Ao76-2/3c,Ao,1
2021-09-07 00:00:00,Synthetic negative example,No recorded landslide at this location on 2021-09-07,none,India,IN,Manipur,93.8275,24.9336,1.7,6.8,23.2,94.1,7.1,1027.0,16.02045964527659,25.0,Ao76-2/3c,Ao,0
2023-09-10 00:00:00,Synthetic negative example,No recorded landslide at this location on 2023-09-10,none,India,IN,Nagaland,94.5438,26.2083,13.3,50.2,63.2,88.7,28.7,1477.0,7.149705606575251,1.0,Ao76-2/3c,Ao,0
2023-08-14 00:00:00,Synthetic negative example,No recorded landslide at this location on 2023-08-14,none,India,IN,Meghalaya,90.5573,25.203,4.8,79.2,120.0,263.2,38.7,139.0,16.68948805959749,5.0,Nd2-2b,Nd,0
2017-09-14 00:00:00,Synthetic negative example,No recorded landslide at this location on 2017-09-14,none,India,IN,Meghalaya,90.0896,25.5006,1.0,11.2,81.2,123.0,31.4,45.0,4.806912083386269,50.0,Ge51-2a,Ge,0
2018-08-11 00:00:00,Synthetic negative example,No recorded landslide at this location on 2018-08-11,none,India,IN,Nagaland,94.0885,25.7131,26.4,57.9,96.5,397.6,26.4,1413.0,25.132660081730556,50.0,Ao76-2/3c,Ao,0
2010-09-08 00:00:00,Synthetic negative example,No recorded landslide at this location on 2010-09-08,none,India,IN,Mizoram,92.7187,23.7313,6.8,17.6,56.4,99.6,16.3,1024.0,15.805360539732332,5.0,Bd61-2c,Bd,0
2013-09-15 00:00:00,Synthetic negative example,No recorded landslide at this location on 2013-09-15,none,India,IN,Nagaland,94.5224,26.0214,7.6,12.1,61.5,180.0,23.1,1621.0,30.342707714734605,50.0,Ao76-2/3c,Ao,0
2013-06-01 00:00:00,Synthetic negative example,No recorded landslide at this location on 2013-06-01,none,India,IN,Sikkim,88.6188,27.3392,16.4,144.2,189.5,237.1,73.9,1859.0,28.525829141462467,5.0,Bd32-2bc,Bd,0
2015-06-20 00:00:00,Synthetic negative example,No recorded landslide at this location on 2015-06-20,none,India,IN,Sikkim,88.6083,27.3341,10.5,48.0,90.7,229.2,29.4,1449.0,24.49385858982577,5.0,Bd32-2bc,Bd,0
2014-06-12 00:00:00,Synthetic negative example,No recorded landslide at this location on 2014-06-12,none,India,IN,Manipur,94.4759,24.9111,2.7,7.1,19.1,26.6,9.0,1827.0,25.70499440133583,10.0,Bh16-2/3c,Bh,0
2022-06-27 00:00:00,Synthetic negative example,No recorded landslide at this location on 2022-06-27,none,India,IN,Manipur,94.4182,24.8628,0.3,4.6,70.2,155.1,29.5,910.0,36.03357894696324,50.0,Bh16-2/3c,Bh,0
2015-09-18 00:00:00,Synthetic negative example,No recorded landslide at this location on 2015-09-18,none,India,IN,Assam,91.72137514,26.49349035,0.0,4.6,72.3,121.8,37.1,60.0,1.388921568190823,10.0,Ao79-a,Ao,0
2019-07-07 00:00:00,Synthetic negative example,No recorded landslide at this location on 2019-07-07,none,India,IN,Assam,92.8339,25.2946,15.7,46.8,91.3,140.0,35.4,885.0,17.07308516773084,,Ao74-2b,Ao,0
2010-08-19 18:00:00,"Kisima, Nagaland","At the same time, another landslide had occurred yesterday near Kisima between Mao Gate and Kohima which virtually cut off the Nagaland capital from the rest of the country.",downpour,India,IN,Nagaland,94.11603493,25.61560252,10.84,27.29,62.5,70.46,12.04,1610.0,29.53602090910925,5.0,Ao76-2/3c,Ao,1
2013-09-27 00:00:00,Synthetic negative example,No recorded landslide at this location on 2013-09-27,none,India,IN,Nagaland,94.8422,26.148,7.8,35.5,52.7,106.5,18.8,1506.0,33.88948141819591,10.0,Ao76-2/3c,Ao,0
2017-06-05 00:00:00,Synthetic negative example,No recorded landslide at this location on 2017-06-05,none,India,IN,Assam,94.0989,27.2298,9.5,47.7,193.7,218.79999999999998,57.8,94.0,2.1247789427521147,25.0,Be82-a,Be,0
2007-08-31 00:00:00,"Velnal village, Tamei sub-division and Toribari village (3 kilometer toward Tamei from Kangpokpi)","multiple events occurring over 3 days, isolated 70 villages along IT roadway",rain,India,IN,Manipur,93.9667,25.1333,1.28,4.27,19.59,43.47,5.9,1008.0,2.1157468041581975,25.0,Ao76-2/3c,Ao,1
2014-08-08 00:00:00,Synthetic negative example,No recorded landslide at this location on 2014-08-08,none,India,IN,Manipur,93.487,24.9037,10.6,23.7,55.1,86.0,10.6,1248.0,32.47374462015055,25.0,Bh16-2/3c,Bh,0
2013-08-04 00:00:00,"Phizo, Nagaland","Incessant torrential rain, which began Sunday at around 11.30 p.m. has completely cut off Suruhuto town from the rest of the state. In a press release, NGZPMC joint secretary Hotoshe Sema said all three links connecting Zunheboto, Mokokchung and Tuensang have been cut off. Road to Zunheboto has been  blocked in 5-6 places and Mokokchung road has been blocked in two places near Zhekuto and Longsa. The valleys of Nanga (Dikhu), Phizo and Tizu, known as rice bowls of Suruhuto Area has been damaged by floods and landslides. Many terrace fields and canals have been washed away by flood. A team of Nanga (Dikhu) Greener Zone Project Management Committee (NGZPMC) who were on GPS mapping of Community Conserved Area (CCA) has been stranded at Nanga valley owing to flood. Log bridges connecting Phuye New/Old and Suruhuto/Surumi/Aichi Saghemi villages have been washed away. Travelers from Tuensang to Kohima/Dimapur via Suruhuto-Coco shortcut road have been requested to take the via Mokokchung rout",continuous_rain,India,IN,Nagaland,94.4619,26.0481,5.78,14.93,47.43,91.56,17.14,865.0,29.6360306360278,,Ao76-2/3c,Ao,1
2012-07-04 00:00:00,Synthetic negative example,No recorded landslide at this location on 2012-07-04,none,India,IN,Arunachal Pradesh,96.9262,27.8835,7.0,28.8,63.400000000000006,266.5,13.4,976.0,39.35204569756175,50.0,I-Af-Bd-2c,I,0
2013-07-01 00:00:00,"Thillong Village, Doyang Along State Highway 1, Wokha To Merapani Road","Meanwhile, a massive landslide occurred at Thillong Village, Doyang along the state highway 1, Wokha to Merapani road. Chairman, Thillong Village Council, Wokha, Samuel, Y. Patton in a press release stated five residential buildings have been destroyed and human lives are put at stake if immediate steps are not initiated to clear this landslide.",downpour,India,IN,Nagaland,94.3864,26.1147,9.11,27.57,97.88,139.57,28.08,350.0,5.226876247386835,1.0,Ao76-2/3c,Ao,1
2014-08-14 00:00:00,Synthetic negative example,No recorded landslide at this location on 2014-08-14,none,India,IN,Assam,91.8342,26.1324,102.4,218.6,268.5,424.5,105.5,67.0,2.7771727466475022,5.0,Nd2-2b,Nd,0
2008-10-29 00:00:00,"Kamrup, and Sonitpur, Assam","flooding and landslides, Floods and landslides caused by heavy rains over the last three days have killed at least seven people and displaced thousands more in the northeastern states of India",downpour,India,IN,Assam,91.25,26.3333,0.03,26.54,52.6,52.6,26.04,41.0,1.3878521111919373,50.0,Ao79-a,Ao,1
2016-08-24 00:00:00,Synthetic negative example,No recorded landslide at this location on 2016-08-24,none,India,IN,Mizoram,92.5217,23.7705,6.2,11.0,78.39999999999999,128.6,62.8,73.0,9.728201491806368,5.0,Bd61-2c,Bd,0
2023-06-11 00:00:00,Synthetic negative example,No recorded landslide at this location on 2023-06-11,none,India,IN,Sikkim,88.6428,27.3543,3.0,10.1,17.4,22.1,6.3,2116.0,16.813128021329533,5.0,Bd32-2bc,Bd,0
2017-06-14 00:00:00,Synthetic negative example,No recorded landslide at this location on 2017-06-14,none,India,IN,Manipur,94.4182,24.8628,3.4,158.5,222.29999999999998,289.09999999999997,85.0,910.0,36.03357894696324,50.0,Bh16-2/3c,Bh,0
2020-09-19 00:00:00,Synthetic negative example,No recorded landslide at this location on 2020-09-19,none,India,IN,Assam,92.3814,24.6005,0.0,6.1000000000000005,51.6,108.3,15.5,86.0,17.429220646877386,25.0,Ge53-3a,Ge,0
2021-06-25 00:00:00,Synthetic negative example,No recorded landslide at this location on 2021-06-25,none,India,IN,Nagaland,94.11112157,25.63961883,15.7,53.1,184.8,411.7,67.0,1497.0,15.083960818078218,25.0,Ao76-2/3c,Ao,0
2012-07-05 00:00:00,Synthetic negative example,No recorded landslide at this location on 2012-07-05,none,India,IN,Manipur,94.1146,24.3481,7.3,25.799999999999997,44.3,104.9,14.3,1003.0,6.3503843875058354,10.0,Bh16-2/3c,Bh,0
2015-08-01 00:00:00,Ukhrul NH 201-Jessami road,"The landslides occurred at three places between Ukhrul to Nungbi Village, following which a team of RKL inspected the sites today.",continuous_rain,India,IN,Manipur,94.4481,25.1941,4.9,104.34,121.77,213.52,79.86,1720.0,13.629654547724757,25.0,Bh16-2/3c,Bh,1
2009-08-20 00:00:00,"Tamei, Tamenglong district on Imphal-Tamenglong (IT) road","Landslides on the Imphal-Tamenglong (IT) road have put the people of Tamei, Tamenglong district in difficult times as the stock of essential supplies required for daily use are running short and the concerned department of the state government is not doing anything about the matter, said Poujeng, chairman of Tamei headquarter authority. Due to the intermittent rains, landslides have occurred at 3/4 places on the IT road between Kangpokpi-Tamei and Tamei-Tamenglong at present and new landslides.",downpour,India,IN,Assam,93.5,24.9925,5.16,18.51,97.15,140.85,42.82,1218.0,11.982789615605451,10.0,Bh16-2/3c,Bh,1
2022-08-09 00:00:00,Synthetic negative example,No recorded landslide at this location on 2022-08-09,none,India,IN,Nagaland,94.1095,25.6703,2.6,5.5,99.2,346.1,34.9,1445.0,21.554870104453816,25.0,Ao76-2/3c,Ao,0
2013-07-01 00:00:00,"Walo Ward, Mon Town, Wokha District, Nagaland","Six houses have been damaged by landslide at Walo ward of Mon town. According to an official bulletin, the incident took place on July 1. In order to take note of the situation, the district administration led by deputy commissioner, Mon, Angau I Thou, SDO Civil Mon Sadar, Keyirangding Hgui and DBs visited the affected side and inspected the damaged area on July 2. After interacting with the people, the deputy commissioner announced to release Rs. 5000/- each as an immediate relief to the affected families. ÒIf heavy rain continues, more landslides are likely to occur in the area because there are many cracks in the earth due to unstable soilÓ, added the official bulletin.",downpour,India,IN,Nagaland,95.029,26.72,14.44,33.33,111.85,167.58,27.52,689.0,8.43238623760218,5.0,Ao76-2/3c,Ao,1
2012-06-02 00:00:00,Synthetic negative example,No recorded landslide at this location on 2012-06-02,none,India,IN,Manipur,94.1078,24.1419,13.7,99.1,123.8,126.1,54.7,1171.0,33.37106500187469,5.0,Bh16-2/3c,Bh,0
2021-08-08 00:00:00,Synthetic negative example,No recorded landslide at this location on 2021-08-08,none,India,IN,Manipur,93.4957,24.8961,8.7,44.4,76.6,127.2,23.8,1056.0,39.91619716692816,5.0,Bh16-2/3c,Bh,0
2015-08-25 00:00:00,Synthetic negative example,No recorded landslide at this location on 2015-08-25,none,India,IN,Nagaland,94.5121,26.3186,24.3,66.7,216.9,306.3,81.8,1250.0,14.80546141353928,5.0,Ao76-2/3c,Ao,0
2017-08-25 00:00:00,Synthetic negative example,No recorded landslide at this location on 2017-08-25,none,India,IN,Sikkim,88.3603,27.0377,4.4,7.1000000000000005,42.9,385.0,14.9,1481.0,21.17647711915332,5.0,Ah12-2bc,Ah,0
2010-04-20 00:00:00,"Kharghuli, Guwahati, Assam","GUWAHATI, April 20 – Civic woes of Guwahatians is continuing to unfold its murkier side with incessant downpour today forcing district administration to engage National Disaster Response Force (NDRF) to facilitate movement of residents of low-lying areas at the heart of the capital city.   The incessant rains also led to landslide in the hilly areas of the city, including at Kharghuli hillside and the hills adjoining the Raj Bhavan.",downpour,India,IN,Assam,91.763,26.1965,33.21,123.36,189.67,209.12,61.16,93.0,2.7771727466475022,1.0,Ao79-a,Ao,1
2016-08-05 00:00:00,Synthetic negative example,No recorded landslide at this location on 2016-08-05,none,India,IN,Meghalaya,90.215,25.5114,0.1,4.1,51.1,122.2,18.4,306.0,8.213794389737659,1.0,Nd2-2b,Nd,0
2015-09-19 00:00:00,Synthetic negative example,No recorded landslide at this location on 2015-09-19,none,India,IN,Assam,91.8806,26.1028,17.9,23.4,70.8,155.8,22.1,133.0,15.471112076163267,5.0,Nd2-2b,Nd,0
2020-08-25 00:00:00,Synthetic negative example,No recorded landslide at this location on 2020-08-25,none,India,IN,Mizoram,92.899,22.533,15.4,54.6,102.5,213.4,35.2,801.0,15.868646633497285,25.0,Bh16-2/3c,Bh,0
2013-07-01 00:00:00,Synthetic negative example,No recorded landslide at this location on 2013-07-01,none,India,IN,Nagaland,93.8673,25.5265,16.7,76.0,175.1,293.7,67.1,1369.0,27.026628812346573,50.0,Bh16-2/3c,Bh,0
2019-06-12 00:00:00,Synthetic negative example,No recorded landslide at this location on 2019-06-12,none,India,IN,Nagaland,94.1136,25.6237,17.6,86.7,110.9,193.5,40.7,1604.0,33.42494578296137,5.0,Ao76-2/3c,Ao,0
2018-08-18 00:00:00,Synthetic negative example,No recorded landslide at this location on 2018-08-18,none,India,IN,Nagaland,94.0885,25.7131,1.2,16.0,154.3,250.8,106.8,1413.0,25.132660081730556,50.0,Ao76-2/3c,Ao,0
2012-06-13 00:00:00,"NH44, Kuliang","Road communication between Guwahati and Silchar has been disrupted following landslides due to heavy rainfall at five places, official sources said here on Wednesday.  Landslides occurred at five places between Malidhor and Kuliang area at Baleswar near Meghalaya on NH 44 since last evening due to which vehicles, including night buses, were stranded.",downpour,India,IN,Meghalaya,92.0757,25.5498,27.68,87.41,124.29,334.29,43.96,1269.0,24.802602340897124,,Ao74-2b,Ao,1
2012-07-02 00:00:00,Synthetic negative example,No recorded landslide at this location on 2012-07-02,none,India,IN,Sikkim,88.42572376,27.05374234,6.9,10.3,52.300000000000004,248.20000000000002,17.3,229.0,28.07860733151429,1.0,Rd29-1a,Rd,0
2014-07-04 00:00:00,Synthetic negative example,No recorded landslide at this location on 2014-07-04,none,India,IN,Arunachal Pradesh,91.85672387,27.5798729,20.5,46.5,148.3,323.5,33.4,2745.0,23.60412220046119,1.0,Ao80-2bc,Ao,0
2013-05-12 00:00:00,"Khongsang, Tamenglong, Manipur,","With unprecedented heavy pre-monsoon rains making the condition of Tamenglong- Khongsang road to turn from bad to worse, one goods laden truck (Registration no.MN01-7681) has been washed away in the mudslides occurring at various points of the road which has not known maintenance for the last many years.The incident occurred at Sangrungpang village yesterday while the goods laden truck was heading towards Tamenglong District HQs.",rain,India,IN,Assam,93.4946,24.9926,10.44,45.62,108.43,237.48,27.78,1137.0,4.479758474096997,25.0,Bh16-2/3c,Bh,1
2014-06-06 00:00:00,Synthetic negative example,No recorded landslide at this location on 2014-06-06,none,India,IN,Meghalaya,90.232,25.5212,5.5,10.5,25.4,118.2,9.6,580.0,20.309247989722795,10.0,Nd2-2b,Nd,0
2009-08-27 00:00:00,between Mahur and Phaiding railway stations on Barail hills (Mahur and Barail hills located),"The landslides, triggered by torrential rains, took place between Mahur and Phaiding railway stations. The landslides and rock slips damaged the tracks extensively. A 100-metre stretch of track between Mahur and Phaiding had gone under the mud and soil that came down the Barail hills.",downpour,India,IN,Assam,93.123,25.1718,4.12,19.43,59.39,174.32,18.13,718.0,13.239755820989554,10.0,Ao76-2/3c,Ao,1
2023-08-27 00:00:00,Synthetic negative example,No recorded landslide at this location on 2023-08-27,none,India,IN,Mizoram,92.8416,22.7176,18.5,87.0,113.3,193.8,56.2,728.0,24.51559955702803,25.0,Bh16-2/3c,Bh,0
2020-08-10 00:00:00,Synthetic negative example,No recorded landslide at this location on 2020-08-10,none,India,IN,Manipur,94.4481,25.1941,5.5,21.9,76.5,157.5,27.9,1720.0,13.629654547724757,25.0,Bh16-2/3c,Bh,0
2013-06-04 00:00:00,Synthetic negative example,No recorded landslide at this location on 2013-06-04,none,India,IN,Assam,91.7697,26.1619,6.7,21.900000000000002,74.7,228.5,20.7,55.0,1.852254273911334,,Af48-2ab,Af,0
2017-09-23 00:00:00,Synthetic negative example,No recorded landslide at this location on 2017-09-23,none,India,IN,Sikkim,88.609,27.337,28.5,56.9,143.6,254.8,50.3,1540.0,12.901696398278036,25.0,Bd32-2bc,Bd,0
2013-10-06 12:45:00,"Batahguli, Guwahati, Assam","Heavy downpour in the last 24 hours paralyzed life in Guwahati and a landslide triggered by the rain claimed the life of an elderly person in the city on Sunday. The rain also dampened the spirit of Durga Puja shopping in the city. Kamrup (Metro) additional deputy commissioner Dhrubajyoti Das said one Man Bahadur Gurung (80) of Batahghuli area in the city died when a rock rolled down the hills and hit Gurung, who was sitting at the foothills. Another landslide occurred on the Nilachal Hill, but no one was injured in the incident.",downpour,India,IN,Assam,91.8383,26.1309,62.76,151.09,174.79,248.9,62.76,105.0,8.517835654237123,5.0,Nd2-2b,Nd,1
2023-07-24 00:00:00,Synthetic negative example,No recorded landslide at this location on 2023-07-24,none,India,IN,Nagaland,94.6279,25.9466,23.8,36.6,40.800000000000004,159.1,23.8,1387.0,24.372477818489617,25.0,Ao76-2/3c,Ao,0
2020-08-07 00:00:00,Synthetic negative example,No recorded landslide at this location on 2020-08-07,none,India,IN,Mizoram,92.7463,23.7327,3.9,28.0,50.7,68.9,12.1,839.0,23.47891185858705,5.0,Bd61-2c,Bd,0
2019-08-23 00:00:00,Synthetic negative example,No recorded landslide at this location on 2019-08-23,none,India,IN,Assam,93.4946,24.9926,20.6,32.6,121.80000000000001,250.3,60.7,1137.0,4.479758474096997,25.0,Bh16-2/3c,Bh,0
2015-07-07 00:00:00,"NH-10, Sepi Jhora, Kalimpong",the road was cleared by 7 am the next day.,continuous_rain,India,IN,Sikkim,88.4397,27.0816,9.06,26.94,83.13,191.03,18.37,249.0,23.119881010719286,5.0,Rd29-1a,Rd,1
2012-08-19 00:00:00,Synthetic negative example,No recorded landslide at this location on 2012-08-19,none,India,IN,Manipur,94.2156,24.954,6.9,10.9,30.9,69.7,11.7,926.0,20.94185253514824,50.0,Ao76-2/3c,Ao,0
2020-09-07 00:00:00,Synthetic negative example,No recorded landslide at this location on 2020-09-07,none,India,IN,Meghalaya,90.5763,25.8143,24.8,39.9,77.0,122.3,33.3,59.0,2.2560210150566906,,Nd2-2b,Nd,0
2013-07-23 00:00:00,Synthetic negative example,No recorded landslide at this location on 2013-07-23,none,India,IN,Nagaland,94.9731,26.4205,17.8,48.7,83.60000000000001,199.3,17.8,690.0,25.176293155000685,5.0,Bh16-2/3c,Bh,0
2020-09-13 00:00:00,Synthetic negative example,No recorded landslide at this location on 2020-09-13,none,India,IN,Nagaland,94.1057,25.6263,23.2,100.60000000000001,225.0,302.1,46.4,1511.0,16.03432433908622,5.0,Ao76-2/3c,Ao,0
2013-08-19 00:00:00,Synthetic negative example,No recorded landslide at this location on 2013-08-19,none,India,IN,Nagaland,94.5466,26.0319,0.1,8.0,39.0,135.1,9.9,1554.0,40.77036050242681,5.0,Ao76-2/3c,Ao,0
2014-08-15 00:00:00,Synthetic negative example,No recorded landslide at this location on 2014-08-15,none,India,IN,Meghalaya,91.88,25.38,79.9,235.6,311.3,378.9,91.8,1305.0,40.39713922078188,50.0,Ao78-3c,Ao,0
2018-09-09 00:00:00,Synthetic negative example,No recorded landslide at this location on 2018-09-09,none,India,IN,Meghalaya,90.2023,25.5145,3.6,8.2,44.6,63.9,19.9,313.0,11.56504348955916,1.0,Nd2-2b,Nd,0
2012-08-02 00:00:00,Synthetic negative example,No recorded landslide at this location on 2012-08-02,none,India,IN,Arunachal Pradesh,94.8885,28.9986,67.0,141.6,235.8,502.9,67.0,587.0,9.700569437024638,5.0,I-Af-Bd-2c,I,0
2014-07-28 00:00:00,Synthetic negative example,No recorded landslide at this location on 2014-07-28,none,India,IN,Assam,92.9974,24.7979,22.6,71.9,111.7,226.1,40.0,25.0,0.926369172997235,5.0,Ge53-3a,Ge,0
2017-07-06 00:00:00,Synthetic negative example,No recorded landslide at this location on 2017-07-06,none,India,IN,Mizoram,92.72124394,23.73478778,7.3,26.0,52.4,105.5,14.3,980.0,23.248272553867388,5.0,Bd61-2c,Bd,0
2022-09-01 00:00:00,Synthetic negative example,No recorded landslide at this location on 2022-09-01,none,India,IN,Mizoram,92.7265,23.7269,1.5,4.0,38.7,92.4,31.5,864.0,25.896232878736683,5.0,Bd61-2c,Bd,0
2017-07-17 00:00:00,Synthetic negative example,No recorded landslide at this location on 2017-07-17,none,India,IN,Mizoram,92.7362,23.7131,0.8,20.0,64.5,110.9,22.1,893.0,22.497546016791755,50.0,Bd61-2c,Bd,0
2010-06-14 00:00:00,Synthetic negative example,No recorded landslide at this location on 2010-06-14,none,India,IN,Nagaland,94.9731,26.4205,27.1,66.5,99.8,312.3,27.1,690.0,25.176293155000685,5.0,Bh16-2/3c,Bh,0
2012-06-03 00:00:00,"between Maibang and Daotohaja, Assam","Torrential rain in the Barail Hill range for the past many days triggered landslides at least five places along the Lumding-Silchar section of Northeast Frontier Railway (NFR) early on Sunday. Authorities have suspended and regulated services of all the trains in this 214-km section until tracks are cleared.   A senior official of NFR here said at around 3am on Sunday, a large amount of soil and mud, boulders and trees came down the Borail Hill on the tracks at five different places in Dima Hasao district. The affected places are between Harangajao and Mailongdisa, Bandarkhal and Chandranathpur, Maibang and Daotohaja, Lower Haflong and Bagetar and between Mahur and Migrendisa.",downpour,India,IN,Assam,93.1265,25.3056,26.59,84.45,114.11,138.49,38.61,309.0,17.86684892489941,5.0,Ao76-2/3c,Ao,1
2011-07-11 00:00:00,Synthetic negative example,No recorded landslide at this location on 2011-07-11,none,India,IN,Assam,91.7049,26.1665,5.6,11.0,63.3,269.4,40.6,233.0,13.777425286985055,5.0,Ao79-a,Ao,0
2021-07-28 00:00:00,Synthetic negative example,No recorded landslide at this location on 2021-07-28,none,India,IN,Nagaland,94.11603493,25.61560252,5.9,33.7,80.2,261.8,17.7,1610.0,29.53602090910925,5.0,Ao76-2/3c,Ao,0
2014-09-22 00:00:00,Noonmati,"On the other hand, several incidents of landslides were reported from Dhirenpara, Koinadhara, Gorhchuk, Noonmati and Pamohi.",rain,India,IN,Assam,91.7998,26.1985,126.76,191.59,231.7,266.59,126.76,82.0,10.286118871948458,5.0,Ao79-a,Ao,1
2010-06-23 00:00:00,Synthetic negative example,No recorded landslide at this location on 2010-06-23,none,India,IN,Assam,91.8178,26.159,12.6,33.8,121.9,169.0,32.7,61.0,6.774041654801501,5.0,Af48-2ab,Af,0
2017-08-04 00:00:00,Synthetic negative example,No recorded landslide at this location on 2017-08-04,none,India,IN,Mizoram,92.7265,23.7269,7.7,15.3,54.9,209.0,17.4,864.0,25.896232878736683,5.0,Bd61-2c,Bd,0
2019-08-15 00:00:00,Synthetic negative example,No recorded landslide at this location on 2019-08-15,none,India,IN,Manipur,94.1383,25.48,13.8,20.400000000000002,47.7,109.0,16.3,1699.0,16.072160878428527,1.0,Ao76-2/3c,Ao,0
2010-07-31 09:00:00,Dimapur-Imphal highway (NH 39) near Manipur,Heavy rains triggered a landslide along NH 30 near Imphal. The landslide blocked a 100 ft stretch of road and trucks and cars were stranded on either side. The landslide occurred in the morning. There has been significant deforestation in the area.,rain,India,IN,Manipur,93.8443,24.9356,17.28,60.98,86.61,142.16,24.02,849.0,0.926369172997235,25.0,Ao76-2/3c,Ao,1
2014-06-19 00:00:00,Synthetic negative example,No recorded landslide at this location on 2014-06-19,none,India,IN,Assam,91.8178,26.159,34.1,41.6,61.4,188.1,34.1,61.0,6.774041654801501,5.0,Af48-2ab,Af,0
2019-09-21 00:00:00,Synthetic negative example,No recorded landslide at this location on 2019-09-21,none,India,IN,Manipur,93.9815,24.004,4.5,24.9,67.89999999999999,110.7,18.7,1460.0,34.51751463643877,10.0,Ao76-2/3c,Ao,0
2018-08-02 00:00:00,Synthetic negative example,No recorded landslide at this location on 2018-08-02,none,India,IN,Assam,91.7747,26.1097,13.5,66.6,158.8,291.7,35.9,58.0,2.260732414259265,5.0,Nd2-2b,Nd,0
2016-09-18 00:00:00,Synthetic negative example,No recorded landslide at this location on 2016-09-18,none,India,IN,Assam,93.8067,25.7713,11.2,40.0,88.4,177.5,19.0,234.0,6.172125181758627,10.0,Ao76-2/3c,Ao,0
2016-04-19 00:00:00,"Techahan Ward, Mon, Nagaland, India","(Landslide may have occurred within a week of April 19. )Altogether, 200 hailstorm affected families in Mon town of Nagaland have been given cash relief under the State Disaster Response Fund. Nagaland State Disaster Management Authority (NSDMA) and District Disaster Management Authority (DDMA) officials had undertaken a field assessment of the damages caused by heavy rainfall, hailstorm and windstorm in Mon district in April. Accordingly, relief was given to the families affected by landslide at Techahan Ward of Mon town.  Techahan Ward was affected by a massive landslide triggered by the incessant heavy rainfall that lashed the town for about six days in a row during the third week of April. About 70 houses were completely damaged and 130 houses severely affected displacing about 125 families.  One Government Primary School building located in the ward was also damaged by the landslide. Massive landslide had caused road blockage of Tobu-Mon BRO road.",continuous_rain,India,IN,Nagaland,95.0243,26.7223,10.83,37.9,68.11,126.33,19.13,698.0,15.584319140976891,1.0,Ao76-2/3c,Ao,1
2019-08-25 00:00:00,Synthetic negative example,No recorded landslide at this location on 2019-08-25,none,India,IN,Arunachal Pradesh,94.25,27.8776,0.0,14.200000000000001,95.6,259.4,44.3,945.0,42.26732210621416,50.0,Ao80-2bc,Ao,0
2013-09-11 00:00:00,Synthetic negative example,No recorded landslide at this location on 2013-09-11,none,India,IN,Nagaland,94.6654,26.2753,13.7,35.0,84.2,140.1,20.3,1150.0,30.949579012722413,25.0,Ao76-2/3c,Ao,0
2023-06-01 00:00:00,Synthetic negative example,No recorded landslide at this location on 2023-06-01,none,India,IN,Sikkim,88.2891,27.2676,0.8,2.1,25.1,82.1,14.0,604.0,48.99498819683531,10.0,Bd32-2bc,Bd,0
2016-08-17 00:00:00,Synthetic negative example,No recorded landslide at this location on 2016-08-17,none,India,IN,Manipur,93.3729,25.1019,0.0,13.2,31.4,119.8,8.5,1140.0,8.129596852486529,5.0,Bd61-2c,Bd,0
2013-06-27 23:00:00,"Near Changu Lake, 15Km Away From Nathu La, On India-China Border In Eastern Sikkim","The Mountain Black Cat Division of the Indian Army has rescued 230 tourists last night when they were stranded near Changu Lake (13300 ft height) , 15 km away from Nathu La, on India-China border in eastern Sikkim. Heavy rain and landslides in this area has cut off traffic. The nearest regiment of army jawans noticed nearly 47 vehicles carrying tourists who were stranded at night.",downpour,India,IN,Sikkim,88.7628,27.3765,10.5,37.88,89.33,108.19,20.53,3756.0,12.964867886244122,1.0,I-Bh-U-c,I,1
2019-08-07 00:00:00,Synthetic negative example,No recorded landslide at this location on 2019-08-07,none,India,IN,Assam,93.4108,24.7679,21.6,21.900000000000002,87.0,258.3,24.7,508.0,24.05432434868892,25.0,Bh16-2/3c,Bh,0
2008-06-14 00:00:00,"Itanagar-Naharlagun, Arunachal Pradesh","bodies pulled from debris in and around Itnagar, 300 mud huts washed away at banks of Dikrong river",rain,India,IN,Arunachal Pradesh,93.6287,27.0998,42.4,85.43,148.59,254.87,42.4,406.0,7.160045497826495,25.0,Nd53-3bc,Nd,1
2013-09-23 00:00:00,Synthetic negative example,No recorded landslide at this location on 2013-09-23,none,India,IN,Arunachal Pradesh,96.1517,28.8254,2.4,7.9,28.5,57.0,9.9,3607.0,22.241130168890972,50.0,I-Af-Bd-2c,I,0
2022-06-25 00:00:00,Synthetic negative example,No recorded landslide at this location on 2022-06-25,none,India,IN,Arunachal Pradesh,94.9612,28.235,29.5,114.6,211.3,438.3,44.0,312.0,43.508931111637935,50.0,Ao80-2bc,Ao,0
2022-06-08 00:00:00,Synthetic negative example,No recorded landslide at this location on 2022-06-08,none,India,IN,Mizoram,93.3783,23.5397,20.3,34.7,57.6,83.8,20.3,1564.0,10.138358485391878,1.0,Bh16-2/3c,Bh,0
2018-06-28 00:00:00,Synthetic negative example,No recorded landslide at this location on 2018-06-28,none,India,IN,Assam,93.4108,24.7679,61.3,114.3,221.7,321.8,61.3,508.0,24.05432434868892,25.0,Bh16-2/3c,Bh,0
2022-08-23 00:00:00,Synthetic negative example,No recorded landslide at this location on 2022-08-23,none,India,IN,Arunachal Pradesh,93.7145,27.125,5.8,9.1,14.1,54.1,5.8,128.0,5.56896198426521,5.0,Be82-a,Be,0
2014-08-27 00:00:00,Synthetic negative example,No recorded landslide at this location on 2014-08-27,none,India,IN,Manipur,93.5039,24.7543,21.6,33.300000000000004,70.0,185.4,21.6,403.0,16.099431076325118,50.0,Bh16-2/3c,Bh,0
2008-08-19 00:00:00,"Akuk village, Wokha District, Nagaland",mudslide occurred in afternoon when men were paving a road between Mekokla village and Sanis town,downpour,India,IN,Nagaland,94.25,26.138,29.74,62.14,110.29,165.67,29.74,1013.0,12.074502330273894,50.0,Ao76-2/3c,Ao,1
2014-06-08 00:00:00,Synthetic negative example,No recorded landslide at this location on 2014-06-08,none,India,IN,Assam,94.9275,26.8727,5.2,16.8,22.3,52.8,6.8,134.0,2.273255293928232,25.0,Af48-2ab,Af,0
2007-09-09 00:00:00,Hingdam village in South Sikkim,"many people displaced, houses damaged",rain,India,IN,Sikkim,88.35,27.1667,4.33,53.08,140.42,194.55,42.18,1154.0,24.48993370133901,50.0,Rd29-1a,Rd,1
2016-07-16 00:00:00,"Hoj-Potin Highway, Arunachal Pradesh, India",In an unfortunate accident one Amit Lama was washed away by mudslide when he came out of his car to inspect the block point in the Hoj-Potin Highway. The district administration immediately pressed men and machines to recover the body. Till the filling of this report the body could not be recovered. However roads have opened for vehicle movement late in the evening.,downpour,India,IN,Arunachal Pradesh,93.804,27.3034,39.81,124.73,205.07,292.04,57.02,724.0,48.952197016329734,5.0,Nd53-3bc,Nd,1
2021-07-28 00:00:00,Synthetic negative example,No recorded landslide at this location on 2021-07-28,none,India,IN,Tripura,91.7174,23.0137,28.1,68.4,121.8,183.6,28.1,28.0,4.124319018386397,5.0,Af46-1/2a,Af,0
2016-07-28 00:00:00,"Dolma Lhakang complex, Lumla, Tawang,  Arunachal Pradesh, India","Monsoon fury continues to pound Tawang with the rain not stopping, triggering heavy landslide causing extensive damages to roads, snapping water and power supplies in large part of the district. Fresh incidents of landslides and house collapses were reported on Friday after moderate to heavy rains lashed the region. Already cut-off from the mainland with water and power supply snapped, the connectivity inside the Lumla sub-division has been choked, bringing administrative functioning to a grinding halt. A major landslide has occurred at Dolma Lhakang complex on Thursday posing threat to the Tara Devi statue which is religious tourist place. “Landslide was taking place since last few days but it has reached near the statue due to continuous rain since Thursday. Immediate measures are needed to prevent further damage”, said Lama Tsedar, a monk. “Dolma Lhakang is an important landmark for Lumla, both from religious and tourism point of view. We are positive that administration will work o",monsoon,India,IN,Arunachal Pradesh,91.8644,27.5748,14.04,27.35,78.71,147.03,22.38,2687.0,11.67372935280908,5.0,Ao80-2bc,Ao,1
2013-07-06 00:00:00,Synthetic negative example,No recorded landslide at this location on 2013-07-06,none,India,IN,Manipur,94.0144205,25.03561729,13.9,21.3,60.6,147.1,13.9,860.0,27.282090548675143,25.0,Ao76-2/3c,Ao,0
2020-09-25 00:00:00,Synthetic negative example,No recorded landslide at this location on 2020-09-25,none,India,IN,Arunachal Pradesh,91.9754,27.5754,13.9,18.0,80.2,154.9,19.2,2410.0,26.864068197615136,5.0,Ao80-2bc,Ao,0
2021-08-21 00:00:00,Synthetic negative example,No recorded landslide at this location on 2021-08-21,none,India,IN,Mizoram,92.7878,23.3572,6.6,25.2,76.7,141.2,18.1,1370.0,9.18427544441587,5.0,Bd61-2c,Bd,0
2022-07-13 00:00:00,Synthetic negative example,No recorded landslide at this location on 2022-07-13,none,India,IN,Nagaland,94.5512,26.3335,5.0,37.1,127.7,218.5,67.5,1372.0,7.704690069377325,1.0,Ao76-2/3c,Ao,0
2020-06-24 00:00:00,Synthetic negative example,No recorded landslide at this location on 2020-06-24,none,India,IN,Nagaland,94.1211,25.5718,26.8,35.5,103.2,281.1,34.6,1623.0,11.162178370173905,10.0,Ao76-2/3c,Ao,0
2017-06-25 00:00:00,Synthetic negative example,No recorded landslide at this location on 2017-06-25,none,India,IN,Mizoram,92.7187,23.7348,5.0,13.1,78.6,223.5,42.8,1038.0,18.14421799352956,5.0,Bd61-2c,Bd,0
2010-08-27 00:00:00,Synthetic negative example,No recorded landslide at this location on 2010-08-27,none,India,IN,Assam,91.7351,26.149,7.7,27.6,58.6,200.9,15.0,52.0,1.852254273911334,1.0,Ao79-a,Ao,0
2020-06-07 00:00:00,Synthetic negative example,No recorded landslide at this location on 2020-06-07,none,India,IN,Mizoram,92.72124394,23.73478778,1.8,4.7,16.2,101.3,7.0,980.0,23.248272553867388,5.0,Bd61-2c,Bd,0
2013-05-11 09:00:00,"Nursery, North Guwahati, Guwahati, Assam,","Landslides occurred in the Nursery area and Maligaon in Nilachal Hills, Sarania Hills and Boragaon on Saturday, alarming hill residents, whose number has crossed two lakh in Guwahati, said sources. Junu Chakraborty (50) was injured in the Nursery area after a wall of her house collapsed on Saturday morning. However, she is out of danger. There are no reports of injury from other parts of the city. A family miraculously escaped unhurt when earth fell on their house in the Sarania Hills.",rain,India,IN,Assam,91.7138,26.1662,38.98,109.25,235.03,314.09,55.66,140.0,21.63720584577714,50.0,Ao79-a,Ao,1
2016-05-01 00:00:00,"Hayuliang, Anjaw district,Arunachal Pradesh, India",Landslide triggered by heavy rains have cut off road communication to Hayuliang in remote Anjaw district of Arunachal Pradesh but there was no report of any loss of life.   Heavy rains have lashed Anjaw for the past 26 days and official sources said Hayuliang has remained cut off since yesterday.,downpour,India,IN,Arunachal Pradesh,96.5316,28.0822,6.31,22.57,39.76,175.28,13.47,582.0,31.735828847521173,1.0,I-Af-Bd-2c,I,1
2015-08-01 00:00:00,Synthetic negative example,No recorded landslide at this location on 2015-08-01,none,India,IN,Assam,92.562,24.6108,27.6,132.9,162.1,355.4,74.0,30.0,4.921340582296557,5.0,Ge53-3a,Ge,0
2015-06-16 00:00:00,Akonggre,Chotelal Prasad was severely injured after boulders fell on his house and was rushed to Tura Civil Hospital where he succumbed to his injuries.,downpour,India,IN,Meghalaya,90.2191,25.5084,27.16,62.64,230.34,245.52,61.76,323.0,23.705749643396505,1.0,Nd2-2b,Nd,1
2015-09-06 00:00:00,Synthetic negative example,No recorded landslide at this location on 2015-09-06,none,India,IN,Assam,91.8,26.1833,7.8,44.2,222.4,360.9,86.9,66.0,4.154096764309844,10.0,Af48-2ab,Af,0
2011-06-09 00:00:00,Synthetic negative example,No recorded landslide at this location on 2011-06-09,none,India,IN,Manipur,94.0984,24.416,77.7,129.8,144.6,222.9,77.7,1368.0,20.935033326099376,5.0,Bh16-2/3c,Bh,0
2015-06-11 00:00:00,Synthetic negative example,No recorded landslide at this location on 2015-06-11,none,India,IN,Arunachal Pradesh,96.1517,28.8254,7.5,84.0,206.5,288.6,63.0,3607.0,22.241130168890972,50.0,I-Af-Bd-2c,I,0
2023-09-28 00:00:00,Synthetic negative example,No recorded landslide at this location on 2023-09-28,none,India,IN,Nagaland,94.7844,25.8702,0.0,1.5999999999999999,6.8999999999999995,17.099999999999998,2.8,1140.0,7.675353195263384,1.0,Ao76-2/3c,Ao,0
2021-07-16 00:00:00,Synthetic negative example,No recorded landslide at this location on 2021-07-16,none,India,IN,Manipur,94.1016,24.1988,4.7,28.3,57.5,88.0,19.8,1379.0,19.94576616473369,10.0,Bh16-2/3c,Bh,0
2017-08-04 00:00:00,Synthetic negative example,No recorded landslide at this location on 2017-08-04,none,India,IN,Assam,91.7645,26.1407,14.7,86.6,119.2,192.8,47.3,61.0,2.96212250130175,5.0,Af48-2ab,Af,0
2017-06-12 00:00:00,Synthetic negative example,No recorded landslide at this location on 2017-06-12,none,India,IN,Manipur,93.4957,24.8961,31.9,58.6,78.8,348.2,31.9,1056.0,39.91619716692816,5.0,Bh16-2/3c,Bh,0
2013-09-24 00:00:00,Synthetic negative example,No recorded landslide at this location on 2013-09-24,none,India,IN,Nagaland,94.9921,26.8716,11.6,14.7,59.6,114.3,21.0,283.0,10.501444158270422,25.0,Af48-2ab,Af,0
2013-08-04 00:00:00,"Zunheboto, Nagaland","The Chief Engineer, PHED Er Kevisekho Kruse along with Superintending Engineer, Er Moa Longchar and a host of field officers and staff on August 22 conducted a physical verification of the huge damages of the main pipeline for water supply to Zunheboto town caused by natureÕs fury on August 4. It stated in a press release that the site visit took stock of the whole situation and made a detailed assessment of the materials that can be salvaged and the additional pipes etc that would be required for restoration of the disrupted water supply.  The Chief Engineer observed the damage caused to be most unexpected and first occurrence of such fierce landslides and flood in the area since the commissioning of the water supply scheme in the year 2000. He added that a total of 790 metres of 150 mm dia main pipelines have either being totally damaged or carried downhill, resulting in complete stoppage of water supply to the town. He also stated that steps have been already initiated to restore th",continuous_rain,India,IN,Nagaland,94.5163,26.0137,5.78,14.93,47.43,91.56,17.14,1723.0,11.387211682153785,25.0,Ao76-2/3c,Ao,1
2014-09-18 00:00:00,Synthetic negative example,No recorded landslide at this location on 2014-09-18,none,India,IN,Nagaland,94.1327,25.4786,9.0,16.1,56.9,151.2,14.5,1751.0,9.58752644399106,5.0,Ao76-2/3c,Ao,0
2010-09-13 00:00:00,Synthetic negative example,No recorded landslide at this location on 2010-09-13,none,India,IN,Nagaland,95.0243,26.7223,29.3,70.7,110.6,219.5,29.3,698.0,15.584319140976891,1.0,Ao76-2/3c,Ao,0
2014-10-05 17:45:00,Jorabat-Umiam route,"Last evening, a massive landslide at Umling in Ri Bhoi district, around 42km from here, claimed one life while several others had a providential escape. Umling is located along the Jorabat-Umiam route. Around 6pm yesterday, six light vehicles and a tanker travelling on that stretch were pushed away by the potent debris, leaving one person from Nagaland in an i20 dead.",rain,India,IN,Meghalaya,91.8587,25.9702,0.0,0.0,0.02,226.15,0.02,282.0,9.707649981037308,5.0,Nd2-2b,Nd,1
2010-08-14 00:00:00,Synthetic negative example,No recorded landslide at this location on 2010-08-14,none,India,IN,Manipur,94.3415,25.0634,7.1,27.099999999999998,60.0,131.2,15.7,1763.0,27.550445354076174,10.0,Bh16-2/3c,Bh,0
2015-07-07 00:00:00,Synthetic negative example,No recorded landslide at this location on 2015-07-07,none,India,IN,Assam,93.5027,24.9786,4.4,23.400000000000002,45.4,161.9,15.9,1312.0,18.801212904229484,10.0,Bh16-2/3c,Bh,0
2022-07-04 00:00:00,Synthetic negative example,No recorded landslide at this location on 2022-07-04,none,India,IN,Mizoram,92.694,23.7527,8.5,29.3,70.5,91.6,16.1,788.0,30.34177918841917,5.0,Bd61-2c,Bd,0
2017-06-06 00:00:00,Synthetic negative example,No recorded landslide at this location on 2017-06-06,none,India,IN,Assam,92.562,24.6108,0.4,28.7,192.70000000000002,335.1,86.4,30.0,4.921340582296557,5.0,Ge53-3a,Ge,0
2011-07-01 00:00:00,Synthetic negative example,No recorded landslide at this location on 2011-07-01,none,India,IN,Tripura,91.4663,24.0896,43.3,109.9,150.3,221.1,45.1,107.0,7.483527022769612,5.0,Bd61-2c,Bd,0
2011-06-02 00:00:00,Synthetic negative example,No recorded landslide at this location on 2011-06-02,none,India,IN,Arunachal Pradesh,95.3429,28.9205,55.4,109.5,177.4,316.3,55.4,4053.0,30.316394624804257,,I-Be-2c,I,0
2016-07-11 23:00:00,"North Point Colony, Akuluto, Nagaland, India","A massive landslide occurred at North Point Colony, Akuluto on July 11 at around 11p.m. According an official bulletin, SDO (civil) Akuluto, Kikumsangla Jamir, who visited the affected area, said five houses were damaged badly and the road leading to colony was also blocked.  Local residents and personnel of 8th NAP, B Coy helped in clearing the road and also the affected families.",unknown,India,IN,Nagaland,94.4922,26.1699,8.39,28.43,66.58,162.44,16.82,1161.0,42.54038516410769,1.0,Ao76-2/3c,Ao,1
2015-08-22 09:00:00,Natonal Highway in Jorabat area,Hundreds of vehicles have been remaining stranded on the Natonal Highway in Jorabat area where a huge hillock slipped on road the in the wee hours. It took several hours to clear the road. - See more at: http://www.assamtimes.org/node/14643#sthash.6wgmNZxM.dpuf,continuous_rain,India,IN,Assam,91.8806,26.1028,4.42,70.45,153.53,189.48,44.17,133.0,15.471112076163267,5.0,Nd2-2b,Nd,1
2017-06-10 00:00:00,Synthetic negative example,No recorded landslide at this location on 2017-06-10,none,India,IN,Nagaland,94.7499,26.0977,1.6,9.8,31.0,196.0,8.5,1550.0,3.0918835620363234,10.0,Ao76-2/3c,Ao,0
2018-07-21 00:00:00,Synthetic negative example,No recorded landslide at this location on 2018-07-21,none,India,IN,Arunachal Pradesh,92.9064,27.2743,2.7,5.3,18.0,87.5,6.4,638.0,13.108321654365652,10.0,Ao80-2bc,Ao,0
2023-08-07 00:00:00,Synthetic negative example,No recorded landslide at this location on 2023-08-07,none,India,IN,Manipur,93.9784,24.6596,11.5,26.0,58.6,95.6,14.7,772.0,3.8377078345156304,,Gh12-2a,Gh,0
2007-09-10 00:00:00,Rhodong village near Rhey in East Sikkim,"destroyed a house, killed 1 and injured 1",rain,India,IN,Sikkim,88.6236,27.3425,3.95,11.79,84.86,119.85,24.1,2045.0,35.90869349353838,10.0,Bd32-2bc,Bd,1
2019-06-08 00:00:00,Synthetic negative example,No recorded landslide at this location on 2019-06-08,none,India,IN,Nagaland,94.6654,26.2753,10.5,47.2,77.3,91.2,26.9,1150.0,30.949579012722413,25.0,Ao76-2/3c,Ao,0
2010-07-28 00:00:00,Synthetic negative example,No recorded landslide at this location on 2010-07-28,none,India,IN,Meghalaya,92.0757,25.5498,7.9,17.6,71.2,210.20000000000002,17.5,1269.0,24.802602340897124,,Ao74-2b,Ao,0
2020-08-02 00:00:00,Synthetic negative example,No recorded landslide at this location on 2020-08-02,none,India,IN,Sikkim,88.6428,27.3543,2.1,85.0,161.3,345.2,49.3,2116.0,16.813128021329533,5.0,Bd32-2bc,Bd,0
2015-08-26 00:00:00,Phullen’s main road,"At least three houses have been swept away by a mudslide and several others vacated in a north-eastern Mizoram town, an official said Wednesday, the latest in several weather-related incidents that have damaged property and caused hardship in the remote state over the past one week.",continuous_rain,India,IN,Mizoram,93.0514,23.8447,3.95,11.51,44.23,141.39,9.76,1086.0,27.867464228189014,10.0,Bh16-2/3c,Bh,1
2010-06-07 00:00:00,"Irang(?) and Barak(?) and Makru(?) on highway 53 between Imphal and Jiribam, Manipur","The Ministerial team led by Works Minister K Rajit, along with 450 loaded trucks carrying different commodities, arrived at Imphal after over-coming landslides in different parts of the National Highway 53 .  The team returned after inspecting the condition of National Highway 53.The team accompanied 850 loaded trucks which were stranded at different places on the highway due to landslides at Irang and different portions.  The Ministerial team left Jiribam in this morning on their return journey to Imphal with the loaded trucks stranded at Barak and Makru respectively. As per media report landslides triggered by heavy rains on 8th June 2010 along NH-53 at Irang, Awang Khul and at a spot located about 4 kms from Noney, near Irang, Manipur have suspended traffic along the highway. Around 50 mm rainfall was recorded at Imphal.",rain,India,IN,Manipur,93.5039,24.7543,7.71,43.91,88.84,166.03,23.93,403.0,16.099431076325118,50.0,Bh16-2/3c,Bh,1
2012-06-03 00:00:00,Synthetic negative example,No recorded landslide at this location on 2012-06-03,none,India,IN,Assam,91.7056,26.1295,35.2,66.6,124.1,157.7,35.2,142.0,5.55400861892472,5.0,Ao79-a,Ao,0
2020-08-20 00:00:00,Synthetic negative example,No recorded landslide at this location on 2020-08-20,none,India,IN,Arunachal Pradesh,94.25,27.8776,4.3,9.2,189.7,485.2,93.6,945.0,42.26732210621416,50.0,Ao80-2bc,Ao,0
2017-09-17 00:00:00,Synthetic negative example,No recorded landslide at this location on 2017-09-17,none,India,IN,Manipur,93.5935,24.8286,10.1,10.799999999999999,43.9,161.3,19.0,729.0,37.974740545343984,50.0,Bh16-2/3c,Bh,0
2013-08-17 00:00:00,Synthetic negative example,No recorded landslide at this location on 2013-08-17,none,India,IN,Assam,92.801,25.0477,13.7,33.6,81.4,178.1,19.5,169.0,26.744232985272472,25.0,Gd25-2a,Gd,0
2020-08-22 00:00:00,Synthetic negative example,No recorded landslide at this location on 2020-08-22,none,India,IN,Assam,91.7825,26.1961,12.6,51.4,127.1,200.6,37.4,124.0,12.523591942861296,5.0,Ao79-a,Ao,0
2015-07-10 00:00:00,Synthetic negative example,No recorded landslide at this location on 2015-07-10,none,India,IN,Meghalaya,92.3825,25.2568,6.0,56.4,126.3,253.4,34.0,798.0,8.522642338386635,25.0,Ao74-2b,Ao,0
2011-09-01 00:00:00,Synthetic negative example,No recorded landslide at this location on 2011-09-01,none,India,IN,Sikkim,88.6586,27.6163,14.0,44.3,81.4,310.8,20.7,1842.0,31.364113895216203,1.0,Bd32-2bc,Bd,0
2014-09-22 00:00:00,Lalmati,"Flash flood and landslides continued to cause devastation in Guwahati for the second day today with the death toll due to landslip rising to four. Two persons died in two separate incidents of landslides in Lalmati and Dakhingaon, whereas a woman was injured in another landslide incident at Batahghuli.",rain,India,IN,Assam,91.7747,26.1097,126.76,191.59,231.7,266.59,126.76,58.0,2.260732414259265,5.0,Nd2-2b,Nd,1
2012-06-20 00:00:00,"Lalunggaon, Guwahati,  Assam","A man and his two minor sons were killed after their house here collapsed following a landslide Friday, police said. The accident took place in Lalunggaon area.Police said that incessant rains in the area since Thursday evening led to the landslide. ",downpour,India,IN,Assam,91.7351,26.149,32.69,36.57,116.35,187.68,50.7,52.0,1.852254273911334,1.0,Ao79-a,Ao,1
2010-07-21 00:00:00,Synthetic negative example,No recorded landslide at this location on 2010-07-21,none,India,IN,Sikkim,88.6458,27.1748,90.2,154.8,286.9,723.4,90.2,944.0,16.7960962530793,25.0,Bd32-2bc,Bd,0
2012-08-12 00:00:00,Synthetic negative example,No recorded landslide at this location on 2012-08-12,none,India,IN,Assam,92.4584,25.0318,28.6,52.1,122.30000000000001,209.0,44.7,82.0,17.3079457888422,5.0,Ge53-3a,Ge,0
2020-06-16 00:00:00,Synthetic negative example,No recorded landslide at this location on 2020-06-16,none,India,IN,Sikkim,88.42280921,26.99195749,43.2,155.3,211.4,407.8,75.4,268.0,25.893203347040103,5.0,Rd29-1a,Rd,0
2018-07-04 00:00:00,Synthetic negative example,No recorded landslide at this location on 2018-07-04,none,India,IN,Assam,93.028,25.1553,14.0,87.39999999999999,105.6,123.89999999999999,63.3,573.0,23.25770246880801,25.0,Ao76-2/3c,Ao,0
2012-08-01 00:00:00,Synthetic negative example,No recorded landslide at this location on 2012-08-01,none,India,IN,Manipur,93.8474,25.1555,4.2,11.4,35.3,129.5,7.4,1377.0,42.926248921460264,25.0,Bh16-2/3c,Bh,0
2011-09-24 00:00:00,Synthetic negative example,No recorded landslide at this location on 2011-09-24,none,India,IN,Meghalaya,91.88,25.38,10.7,29.9,74.4,197.3,16.1,1305.0,40.39713922078188,50.0,Ao78-3c,Ao,0
2021-07-23 00:00:00,Synthetic negative example,No recorded landslide at this location on 2021-07-23,none,India,IN,Nagaland,94.108,25.4192,10.7,14.799999999999999,42.0,87.0,12.8,1388.0,14.27107053574802,10.0,Ao76-2/3c,Ao,0
2015-07-26 00:00:00,Synthetic negative example,No recorded landslide at this location on 2015-07-26,none,India,IN,Arunachal Pradesh,96.9262,27.8835,5.1,15.2,76.8,143.4,25.2,976.0,39.35204569756175,50.0,I-Af-Bd-2c,I,0
2011-06-28 00:00:00,"Ruzapfu valley, Kikruma Village, Phek District, Nagaland","Kikruma | June 28 : Following the heavy down-pour of incessant monsoon rain for the last few weeks, paddy fields belonging to six families at Ruzapfu valley, Kikruma Village under Phek District have submerged under overflowing streams. The relentless rain has caused massive landslides and mudslides damaging paddy and also partially affecting the NH-129. Kikruma Village is located some 50 Kms away from Kohima Talking to The Morung Express, Kasahi Vero one of the affected paddy field owner stated, “The water in the streams and rivulets at the adjoining areas has carried downstream the mud and wrought havoc and calamity by destroying major portion of already planted paddy fields at Ruzapfu valley.” Earlier, it was reported that on June 21 last, the threat caused by the rainfall was beyond human control and the farmers suffered heavy loses, approximately estimated to be worth more than five lakh rupees. It is to be noted that the annual yield of paddy was roughly measured around 200 head l",downpour,India,IN,Nagaland,94.1099,25.6682,10.59,57.37,84.92,135.97,25.25,1428.0,12.471496205387888,50.0,Ao76-2/3c,Ao,1
2015-09-18 00:00:00,Synthetic negative example,No recorded landslide at this location on 2015-09-18,none,India,IN,Assam,91.7082,26.1044,0.4,5.2,35.1,108.2,15.2,50.0,2.119791324560513,5.0,Nd2-2b,Nd,0
2007-09-09 00:00:00,"Mao in Manipur, Phipema and Chunikhudima in Nagaland","along NH 39, multiple heavy events, blocked traffic significantly",rain,India,IN,Nagaland,94.1192,25.4993,7.1,33.68,96.99,114.66,23.76,1944.0,11.543842645525167,25.0,Ao76-2/3c,Ao,1
2011-07-19 00:00:00,200 meters from Teesta Bridge towards Siliguri,"The ongoing monsoons have once again started to take its toll along NH-31A, with various places along the West Bengal-Sikkim highway being blocked because of landslides, police said.  After closing down the highway for over 12 hours at Rambi in the West Bengal side on June 17, the rains have once again disrupted traffic along the highway since Tuesday.  “The highway is blocked at a place around 200 meters from Teesta Bridge towards Siliguri. The spot which is near the Shiv Mandir at the infamous Likhey Bhir is informed to have lost a section of the road due to heavy rains,” Janmukti Chalak Mahasangh’s (JCM) president Milan Pradhan said.  The section of the road broke down at around mid-night on Tuesday after which traffic came to a standstill with vehicles on either side returning back to their destinations or taking alternative routes via Darjeeling, Kurseong or Mirik, police said.  Drivers are also taking the route via Kalimpong-Lava-Gurubathan and Damdim and entering Siliguri throug",rain,India,IN,Sikkim,88.42572376,27.05374234,36.35,54.71,109.87,198.02,36.35,229.0,28.07860733151429,1.0,Rd29-1a,Rd,1
2013-07-21 00:00:00,Synthetic negative example,No recorded landslide at this location on 2013-07-21,none,India,IN,Assam,92.7264,24.5204,4.2,22.3,69.6,131.8,16.0,42.0,1.3764031215077237,1.0,Gd25-2a,Gd,0
2023-07-04 00:00:00,Synthetic negative example,No recorded landslide at this location on 2023-07-04,none,India,IN,Assam,91.7697,26.1619,6.3,52.2,106.6,275.9,23.6,55.0,1.852254273911334,,Af48-2ab,Af,0
2014-09-21 00:00:00,National Highway 51,"South West Garo Hills deputy commissioner Ram Singh said the seven landslides that occurred between Rari and Jengjal, have cut off road communication to all the districts in the Garo Hills region. Several hundred vehicles have been stranded. There is no railway or air connectivity to any place in western Meghalaya. - See more at: http://indianexpress.com/article/india/india-others/pregnant-woman-among-nine-killed-in-shillong-landslide/#sthash.BxXeFv7G.dpuf",continuous_rain,India,IN,Meghalaya,90.3852,25.7354,58.74,149.12,181.87,233.65,58.74,338.0,5.210697816005832,25.0,Nd2-2b,Nd,1
2015-09-01 00:00:00,Maligaon,"The incessant rains that lashed Guwahati and its adjoining areas are likely to result in landslide soon. Local residents in Amingaon, Thirteenth Mile, Nineth Mile, Maligaon areas fear the tragic rerun of landslide incidents in near future. The district administration has yet to keep the denizens on alert in view of the incessant rains to be followed by massive landslide. Notably, a woman and her 2 year old daughter died a tragic death when a huge rock slipped into the hut where they were sleeping in Amingaon area on Tuesday wee hours.",rain,India,IN,Assam,91.6739,26.1868,8.4,82.12,160.64,275.04,43.38,49.0,2.9622641720368694,1.0,Ao79-a,Ao,1
2011-07-07 00:00:00,Synthetic negative example,No recorded landslide at this location on 2011-07-07,none,India,IN,Nagaland,94.1497,25.8266,6.3,35.9,95.9,259.4,19.8,1394.0,29.25896401491808,5.0,Ao76-2/3c,Ao,0
2014-06-15 00:00:00,Synthetic negative example,No recorded landslide at this location on 2014-06-15,none,India,IN,Assam,91.7986,26.1699,6.5,10.7,71.8,144.5,42.1,144.0,1.386771132207247,25.0,Af48-2ab,Af,0
2018-08-12 00:00:00,Synthetic negative example,No recorded landslide at this location on 2018-08-12,none,India,IN,Nagaland,94.5512,26.3335,6.3,14.4,103.3,284.2,32.0,1372.0,7.704690069377325,1.0,Ao76-2/3c,Ao,0
2018-07-23 00:00:00,Synthetic negative example,No recorded landslide at this location on 2018-07-23,none,India,IN,Arunachal Pradesh,92.35,27.4,43.8,67.8,100.6,281.3,43.8,2622.0,27.60616139709439,50.0,Ao80-2bc,Ao,0
2018-08-07 00:00:00,Synthetic negative example,No recorded landslide at this location on 2018-08-07,none,India,IN,Arunachal Pradesh,96.1509,28.8254,12.5,28.5,111.3,242.2,35.9,3640.0,29.62275080740819,,I-Af-Bd-2c,I,0
2023-08-19 00:00:00,Synthetic negative example,No recorded landslide at this location on 2023-08-19,none,India,IN,Sikkim,88.6083,27.3341,3.6,19.2,204.4,304.7,172.6,1449.0,24.49385858982577,5.0,Bd32-2bc,Bd,0
2023-06-09 00:00:00,Synthetic negative example,No recorded landslide at this location on 2023-06-09,none,India,IN,Sikkim,88.35,27.1667,5.7,8.3,11.2,30.5,5.7,1154.0,24.48993370133901,50.0,Rd29-1a,Rd,0
2016-08-13 00:00:00,Synthetic negative example,No recorded landslide at this location on 2016-08-13,none,India,IN,Manipur,94.6024,25.426,5.7,19.8,46.7,95.8,18.0,1332.0,11.959364186636996,5.0,Bh16-2/3c,Bh,0
2019-09-03 00:00:00,Synthetic negative example,No recorded landslide at this location on 2019-09-03,none,India,IN,Nagaland,94.1162,25.4379,6.6,14.399999999999999,22.1,44.6,6.6,1497.0,16.038678192026104,50.0,Ao76-2/3c,Ao,0
2023-07-26 00:00:00,Synthetic negative example,No recorded landslide at this location on 2023-07-26,none,India,IN,Nagaland,94.1099,25.6682,67.0,148.7,227.5,405.4,67.0,1428.0,12.471496205387888,50.0,Ao76-2/3c,Ao,0
2018-09-08 00:00:00,Synthetic negative example,No recorded landslide at this location on 2018-09-08,none,India,IN,Assam,92.3567,25.0951,3.6,19.099999999999998,119.0,263.5,42.8,233.0,23.072954772058488,50.0,Ge53-3a,Ge,0
2017-07-23 00:00:00,Synthetic negative example,No recorded landslide at this location on 2017-07-23,none,India,IN,Arunachal Pradesh,93.804,27.3034,2.5,19.5,31.0,131.4,15.2,724.0,48.952197016329734,5.0,Nd53-3bc,Nd,0
2015-08-26 00:00:00,Sailam village,"A few casualties have been reported, including a driver in his 20s who later died in a hospital after the vehicle he was driving was buried by a landslide near Sailam village, about 75 kms south of Aizawl, this past weekend.",continuous_rain,India,IN,Mizoram,92.7878,23.3572,2.74,4.43,57.97,225.14,24.72,1370.0,9.18427544441587,5.0,Bd61-2c,Bd,1
2013-09-20 00:00:00,Synthetic negative example,No recorded landslide at this location on 2013-09-20,none,India,IN,Assam,93.123,25.1718,9.6,19.0,54.8,108.1,16.0,718.0,13.239755820989554,10.0,Ao76-2/3c,Ao,0
2012-06-02 00:00:00,Synthetic negative example,No recorded landslide at this location on 2012-06-02,none,India,IN,Assam,91.6469,26.1468,19.2,60.8,95.0,131.5,29.4,57.0,8.894608374531636,5.0,Ao79-a,Ao,0
2010-07-14 00:00:00,Synthetic negative example,No recorded landslide at this location on 2010-07-14,none,India,IN,Manipur,93.5142,24.9818,1.6,20.1,52.4,96.5,23.7,1249.0,3.700645055238003,50.0,Bh16-2/3c,Bh,0
2022-08-28 00:00:00,Synthetic negative example,No recorded landslide at this location on 2022-08-28,none,India,IN,Sikkim,88.2891,27.2676,14.9,48.6,66.8,145.8,33.4,604.0,48.99498819683531,10.0,Bd32-2bc,Bd,0
2014-08-16 00:00:00,Synthetic negative example,No recorded landslide at this location on 2014-08-16,none,India,IN,Assam,92.4943,24.4638,29.8,47.5,51.2,121.8,29.8,94.0,12.933283004058028,10.0,Bd61-2c,Bd,0
2013-08-15 00:00:00,"Koide Government High School, Senapati, Manipur","The heavy downpour in Senapati during the past weeks has caused landslides and flood like situation in low land areas in many parts of the district. Besides the National Highway, State highway and Inter Village Roads were badly affected by the downpour. Meanwhile, a press note issued by the Headmaster of Koide Government High School stated that vast portion of school compound in its Southern side has been washed away due to heavy downpour in recent past. It stated that approximately 118 ft in length and 20 ft in height portion of land was washed away. The villagers sought the immediate action of the concerned department to save the lone school building in the village from further collapse and damage, maintained the press note.",downpour,India,IN,Nagaland,94.1884,25.3833,4.08,74.99,91.33,166.69,36.93,1679.0,28.085541778829267,5.0,Ao76-2/3c,Ao,1
2014-06-04 00:00:00,Synthetic negative example,No recorded landslide at this location on 2014-06-04,none,India,IN,Mizoram,92.6921,24.1293,0.8,6.5,27.4,61.699999999999996,10.9,822.0,12.81474088364528,50.0,Bd61-2c,Bd,0
2014-07-14 00:00:00,Synthetic negative example,No recorded landslide at this location on 2014-07-14,none,India,IN,Meghalaya,92.3807,25.1416,17.9,36.0,59.7,169.5,18.5,158.0,10.756185231515634,5.0,Ge53-3a,Ge,0
2019-06-05 00:00:00,Synthetic negative example,No recorded landslide at this location on 2019-06-05,none,India,IN,Arunachal Pradesh,93.6287,27.0998,2.2,33.199999999999996,38.3,164.8,23.9,406.0,7.160045497826495,25.0,Nd53-3bc,Nd,0
2011-06-16 00:00:00,Synthetic negative example,No recorded landslide at this location on 2011-06-16,none,India,IN,Meghalaya,91.88,25.38,11.0,37.6,74.7,130.9,20.1,1305.0,40.39713922078188,50.0,Ao78-3c,Ao,0
2010-10-08 00:00:00,"Phek, Manipur","Also in Phek, due to incessant rains over the last few weeks apart from the paddy fields, landslides/mudslides occurred at different places of the district head quarter town leading to the damage of houses and properties of the denizens. Several parts of the town face dangerous apprehensions if the rains continue in the same manner. The natural calamity scheme which prove futile to the genuine applicants for the last few years reminds the public leaders of the aggrieved farmers. ",downpour,India,IN,Manipur,94.4703,25.6633,52.1,92.98,96.35,126.23,52.1,1447.0,8.21793936850887,5.0,Ao76-2/3c,Ao,1
2017-07-05 00:00:00,Synthetic negative example,No recorded landslide at this location on 2017-07-05,none,India,IN,Manipur,93.9854,25.5007,7.2,36.6,93.3,252.4,36.4,1429.0,19.350128854289956,5.0,Bh16-2/3c,Bh,0
2015-08-02 00:00:00,Synthetic negative example,No recorded landslide at this location on 2015-08-02,none,India,IN,Manipur,93.9877,25.0604,6.7,155.2,267.6,356.0,90.8,1519.0,37.35514278400912,50.0,Ao76-2/3c,Ao,0
2021-06-03 00:00:00,Synthetic negative example,No recorded landslide at this location on 2021-06-03,none,India,IN,Assam,93.4333,24.75,31.7,170.0,203.5,230.0,98.4,467.0,22.45952250962254,25.0,Bh16-2/3c,Bh,0
2009-10-05 00:00:00,"Chhinga Veng, Aizawl","Three persons, including a five-year-old girl, were killed and ten others injured when a massive landslide triggered by rains swept away a building at Chhinga Veng locality here, police said. Besides a five-year-old girl, her grandmother and a 23-year-old woman were also killed when the building, occupied by four families, collapsed and swept away by the landslide, they said.",downpour,India,IN,Mizoram,92.72124394,23.73478778,16.64,63.8,74.72,104.01,31.84,980.0,23.248272553867388,5.0,Bd61-2c,Bd,1
2014-09-22 00:00:00,Pamohi,"On the other hand, several incidents of landslides were reported from Dhirenpara, Koinadhara, Gorhchuk, Noonmati and Pamohi.",rain,India,IN,Assam,91.6849,26.1001,126.76,191.59,231.7,266.59,126.76,84.0,24.925661978622223,5.0,Ao77-2a,Ao,1
2023-06-17 00:00:00,Synthetic negative example,No recorded landslide at this location on 2023-06-17,none,India,IN,Nagaland,94.4922,26.1699,19.2,35.1,108.60000000000001,219.9,44.6,1161.0,42.54038516410769,1.0,Ao76-2/3c,Ao,0
2017-07-04 00:00:00,Synthetic negative example,No recorded landslide at this location on 2017-07-04,none,India,IN,Meghalaya,91.8506,25.5576,42.6,132.5,205.2,295.0,61.3,1682.0,4.807840935153697,,Ao74-2b,Ao,0
2013-08-11 23:00:00,Kangtsung Village,"MLA and Chairman, Nagaland Pollution Control, Amenba Yaden Saturday visited the landslide area at Kangtsung village and its surrounding areas under Tuli in Mokokchung district. Major landslides had completely cut off road connectivity of Kangtsung and Anaki areas of Tuli Sub-division, Mokokchung district with the rest of the state. Kangtsung Village Council and all the villagers expressed gratitude to the MLA and Chairman, Nagaland Pollution Control for showing his concern. The council also thanked the concerned department officials for their visit and requested to take necessary steps to restore the roads at the earliest. At the same time, the village council at its own expenses had pressed into service two JCBs and a Dumper, since Monday to clear the road so that light vehicles and pedestrians could pass. Out of the 40-50, 8 to 10 major landslides caused immense distress to the villagers since August 11. Rain triggered landslides began hitting the area on August 11 though no loss of",downpour,India,IN,Assam,94.693,26.7103,6.1,12.29,114.0,166.24,41.52,687.0,12.53647418327811,10.0,Ao76-2/3c,Ao,1
2021-07-16 00:00:00,Synthetic negative example,No recorded landslide at this location on 2021-07-16,none,India,IN,Assam,94.0,27.163,9.4,25.1,59.9,177.3,17.3,93.0,2.0816688582685057,50.0,Be82-a,Be,0
2014-08-05 00:00:00,Synthetic negative example,No recorded landslide at this location on 2014-08-05,none,India,IN,Mizoram,92.7175,23.7281,3.4,15.3,50.1,145.2,11.1,1075.0,8.496937956006335,25.0,Bd61-2c,Bd,0
2012-09-19 00:00:00, Arunachal Pradesh ,"Landslides blocked the main road culvert (PWD) near the beat office causing soil erosion from lower portion of the compound. Beat officer Bapak Koyu said if such rain continues, government quarters and office buildings may get washed away. He added that the staff, along with office files and documents, have been shifted to a safe place for the time being. Stating that the matter has been intimated to the higher authorities, Koyu urged for hiring one JCB immediately to divert the nullah passing through the forest compound.",downpour,India,IN,Arunachal Pradesh,95.2253,27.8458,62.91,108.4,203.85,348.6,62.91,131.0,0.926369172997235,1.0,Ao79-a,Ao,1
2019-06-23 00:00:00,Synthetic negative example,No recorded landslide at this location on 2019-06-23,none,India,IN,Assam,93.1658,25.2269,0.2,18.4,29.0,88.7,11.6,392.0,2.9593941376249964,25.0,Ao76-2/3c,Ao,0
2014-08-04 00:00:00,Synthetic negative example,No recorded landslide at this location on 2014-08-04,none,India,IN,Sikkim,88.7648,27.3746,27.0,76.5,122.4,287.2,30.5,3745.0,6.5001072439046315,25.0,I-Bh-U-c,I,0
2021-07-17 00:00:00,Synthetic negative example,No recorded landslide at this location on 2021-07-17,none,India,IN,Mizoram,92.71060943,23.73504471,10.2,19.6,174.5,229.6,120.3,941.0,30.27625293414386,1.0,Bd61-2c,Bd,0
2010-06-17 19:30:00,"Shayoung Ward(?), Longleng, Nagaland","Longleng, June 18 (MExN): Property worth lakh of rupees was destroyed when a thatched house belonging to one Hemshi Phiom was washed away by landslide at Longleng district. The incident occurred at Shayoung Ward around 7.30 pm last night due to monsoon rain. None of the household goods could be saved as it was washed away completely by the landslide. There was no report of human causality.",downpour,India,IN,Nagaland,94.8833,26.4333,2.62,54.18,97.49,227.54,30.83,554.0,27.021028298552192,25.0,Ao76-2/3c,Ao,1
2020-07-24 00:00:00,Synthetic negative example,No recorded landslide at this location on 2020-07-24,none,India,IN,Nagaland,94.8422,26.148,33.7,96.9,202.2,431.6,47.7,1506.0,33.88948141819591,10.0,Ao76-2/3c,Ao,0
2016-06-14 00:00:00,Synthetic negative example,No recorded landslide at this location on 2016-06-14,none,India,IN,Mizoram,92.6755,24.2315,4.2,78.60000000000001,200.0,239.70000000000002,60.2,672.0,5.527812889706318,50.0,Bd61-2c,Bd,0
2012-09-22 00:00:00,Synthetic negative example,No recorded landslide at this location on 2012-09-22,none,India,IN,Arunachal Pradesh,93.6086,27.0869,7.2,30.0,97.3,228.8,30.8,316.0,9.327683683775282,10.0,Be82-a,Be,0
2014-09-20 00:00:00,Synthetic negative example,No recorded landslide at this location on 2014-09-20,none,India,IN,Assam,93.0038,26.5836,63.3,132.5,170.8,326.5,63.3,69.0,1.852254273911334,50.0,Af48-2ab,Af,0
2019-06-01 00:00:00,Synthetic negative example,No recorded landslide at this location on 2019-06-01,none,India,IN,Manipur,94.0644,24.4072,14.9,16.400000000000002,26.400000000000002,54.9,14.9,1169.0,30.250220321793236,5.0,Ao76-2/3c,Ao,0
2011-08-16 08:00:00,"Garo Hills, Tura","torrential rains from seasonal monsoon, fatalities occurred when landslides buried houses, roads and bridges severely damaged, extensive damage to property and livestock",downpour,India,IN,Meghalaya,90.2167,25.5144,136.4,164.09,246.72,502.85,136.4,316.0,13.589593958391731,,Nd2-2b,Nd,1
2019-06-03 00:00:00,Synthetic negative example,No recorded landslide at this location on 2019-06-03,none,India,IN,Meghalaya,91.2,25.8833,7.3,14.6,56.300000000000004,142.7,23.1,252.0,26.701404884610746,50.0,Nd2-2b,Nd,0
2009-08-20 00:00:00,Lumding-Badarpur section in North Cachar Hills district,"The rail services between rest of India and southern Assam, Tripura, Mizoram and Manipur have been suspended since Aug 20 following extensive landslides on the Lumding-Badarpur section in North Cachar Hills district",downpour,India,IN,Assam,93.1645,25.5215,12.55,40.34,100.43,157.1,29.93,278.0,3.2128253404789087,25.0,Ao76-2/3c,Ao,1
2015-07-22 00:00:00,Lakhipur,"Five persons of a family were buried alive when a huge hillock collapsed on their house in Cachar district on Wednesday. The incident took place in the wee hours at Lakhipur are when a huge hillock slipped into the house where Zubeda Khatun along with her four children lived in.  “It came to light at around 10 in the morning as the local residents had to keep themselves confined to their homes because of the incessant rains,” a local resident told Assam Times over telephone.",continuous_rain,India,IN,Assam,92.9974,24.7979,18.11,52.6,152.6,250.76,26.0,25.0,0.926369172997235,5.0,Ge53-3a,Ge,1
2022-07-26 00:00:00,Synthetic negative example,No recorded landslide at this location on 2022-07-26,none,India,IN,Arunachal Pradesh,91.85672387,27.5798729,1.9,6.9,43.9,92.60000000000001,20.1,2745.0,23.60412220046119,1.0,Ao80-2bc,Ao,0
2020-08-14 00:00:00,Synthetic negative example,No recorded landslide at this location on 2020-08-14,none,India,IN,Manipur,94.6024,25.426,22.2,33.1,53.6,89.9,22.2,1332.0,11.959364186636996,5.0,Bh16-2/3c,Bh,0
2021-09-27 00:00:00,Synthetic negative example,No recorded landslide at this location on 2021-09-27,none,India,IN,Meghalaya,91.27,25.52,2.9,5.1,65.3,111.0,43.6,1346.0,10.988566845299832,,Ao75-2b,Ao,0
2013-06-17 00:00:00,Synthetic negative example,No recorded landslide at this location on 2013-06-17,none,India,IN,Assam,91.25,26.3333,1.2,8.1,21.0,95.3,8.2,41.0,1.3878521111919373,50.0,Ao79-a,Ao,0
2020-08-14 00:00:00,Synthetic negative example,No recorded landslide at this location on 2020-08-14,none,India,IN,Meghalaya,92.2121,25.463,10.6,14.6,22.3,48.7,10.6,1379.0,2.1170938186387036,5.0,Ao74-2b,Ao,0
2019-06-23 00:00:00,Synthetic negative example,No recorded landslide at this location on 2019-06-23,none,India,IN,Nagaland,94.7499,26.0977,3.1,24.3,92.6,210.4,25.5,1550.0,3.0918835620363234,10.0,Ao76-2/3c,Ao,0
2021-09-08 00:00:00,Synthetic negative example,No recorded landslide at this location on 2021-09-08,none,India,IN,Meghalaya,90.2023,25.5145,2.3,7.9,16.2,58.1,3.7,313.0,11.56504348955916,1.0,Nd2-2b,Nd,0
2013-06-11 00:00:00,Synthetic negative example,No recorded landslide at this location on 2013-06-11,none,India,IN,Manipur,93.5444,24.8142,0.0,23.8,100.30000000000001,130.3,27.8,519.0,34.77802218832971,50.0,Bh16-2/3c,Bh,0
2022-08-14 00:00:00,Synthetic negative example,No recorded landslide at this location on 2022-08-14,none,India,IN,Sikkim,88.5287,27.1761,18.4,42.6,58.6,164.7,24.0,296.0,10.768510295209571,25.0,Bd32-2bc,Bd,0
2013-08-16 00:00:00,"Yakshu, Nagaland","The Deputy Commissioner Mon, Angau I Thou, IAS accompanied by ADC Tobu, SDO Civil Mon, DPRO and DBs visited the major landslide area near Yakshu field, which occurred on August 16 last and cut off the Tobu area from the district Hq. The mudslide had damaged the Telangso Hydro Project Channel, resulting in non-functioning of the hydro project. The DC Mon interacted with the leaders of Tobu at Telangso Hydro Project rest house. She expressed her appreciation to the people of the area for taking the initiatives in bringing essential commodities through alternative route via Longleng district without any complaint. She also urged upon the people of the area to continue to extend their cooperation in maintaining peace and tranquility in the area for development. She also informed that road to Monyakshu headquarter is via Chen area and trucks carrying essential commodity are plying normally. On the inquiry of the DC, it was learnt that the road would be cleared only after retrieving the JCB",rain,India,IN,Nagaland,94.9731,26.4205,39.28,53.14,98.45,217.87,39.28,690.0,25.176293155000685,5.0,Bh16-2/3c,Bh,1
2020-08-03 00:00:00,Synthetic negative example,No recorded landslide at this location on 2020-08-03,none,India,IN,Nagaland,94.4922,26.1699,0.8,6.1,49.4,154.9,19.6,1161.0,42.54038516410769,1.0,Ao76-2/3c,Ao,0
2010-07-26 00:00:00,Synthetic negative example,No recorded landslide at this location on 2010-07-26,none,India,IN,Assam,93.123,25.1718,7.4,31.9,61.0,111.6,15.0,718.0,13.239755820989554,10.0,Ao76-2/3c,Ao,0
2012-09-04 00:00:00,Synthetic negative example,No recorded landslide at this location on 2012-09-04,none,India,IN,Nagaland,94.0441,25.318,45.4,63.6,87.0,123.4,45.4,993.0,6.125906246428548,50.0,Ao76-2/3c,Ao,0
2017-09-01 00:00:00,Synthetic negative example,No recorded landslide at this location on 2017-09-01,none,India,IN,Sikkim,88.42280921,26.99195749,30.1,48.7,153.7,193.9,63.5,268.0,25.893203347040103,5.0,Rd29-1a,Rd,0
2023-06-10 00:00:00,Synthetic negative example,No recorded landslide at this location on 2023-06-10,none,India,IN,Assam,91.6739,26.1868,79.9,181.6,206.8,208.1,79.9,49.0,2.9622641720368694,1.0,Ao79-a,Ao,0
2015-08-01 00:00:00,between Maku village and Kamjong sub division,"Meanwhile, Kamjong- Ukhrul BRTF road connecting 30 villages under Kamjong block has remained cut off for the past three days following heavy landslides at various locations in between Maku village and Kamjong sub division spanning a stretch of abour 9 kilometres.",continuous_rain,India,IN,Manipur,94.4759,24.9111,4.9,104.34,121.77,213.52,79.86,1827.0,25.70499440133583,10.0,Bh16-2/3c,Bh,1
2020-07-18 00:00:00,Synthetic negative example,No recorded landslide at this location on 2020-07-18,none,India,IN,Assam,93.028,25.1553,4.8,7.6,24.3,95.1,12.6,573.0,23.25770246880801,25.0,Ao76-2/3c,Ao,0
2021-09-13 00:00:00,Synthetic negative example,No recorded landslide at this location on 2021-09-13,none,India,IN,Sikkim,88.6428,27.3543,20.4,55.9,146.9,260.8,51.9,2116.0,16.813128021329533,5.0,Bd32-2bc,Bd,0
2015-08-01 00:00:00,"Tuitung village, Khengjoi","Several houses of Hollenjang, Wayang and Tuitung village under Khengjoi were also swept away by the landslide. The total number of casualties from these areas, if any, are not known so far.",rain,India,IN,Manipur,94.1434,23.899,2.09,71.58,85.55,145.97,50.65,259.0,13.342372695937204,5.0,Bf17-2c,Bf,1
2013-06-15 00:00:00,Synthetic negative example,No recorded landslide at this location on 2013-06-15,none,India,IN,Assam,93.4221,24.7505,7.9,21.6,45.4,127.30000000000001,23.1,784.0,10.96796618678514,5.0,Bh16-2/3c,Bh,0
2019-07-21 00:00:00,Synthetic negative example,No recorded landslide at this location on 2019-07-21,none,India,IN,Assam,93.4341,24.7625,9.7,55.099999999999994,69.69999999999999,324.2,34.8,657.0,36.59719885359989,10.0,Bh16-2/3c,Bh,0
2015-08-01 00:00:00,Ukhrul town Circular road from Rayotang to Viewland Zone II,"In separate similar incidents, due to sinking of Ukhrul town Circular road from Rayotang to Viewland Zone II, a newly constructed Meitei Baptist Church building, including pastor quarter and kitchen have been destroyed, while heavy downpour that lashed the district over the last 48 hours has left some three dwelling houses damaged at Dungrei Junction.",continuous_rain,India,IN,Manipur,94.3591,25.1122,4.9,104.34,121.77,213.52,79.86,1848.0,17.243893132265686,10.0,Bh16-2/3c,Bh,1
2017-07-15 00:00:00,Synthetic negative example,No recorded landslide at this location on 2017-07-15,none,India,IN,Manipur,94.3551,24.819,24.0,52.0,117.89999999999999,287.0,24.0,1597.0,26.68126632136219,10.0,Bh16-2/3c,Bh,0
2007-05-23 00:00:00,"Pangthang, on road b/t Gangtok and North Sikkim",along highway,rain,India,IN,Sikkim,88.6069,27.3383,0.09,2.4,28.81,51.69,16.77,1514.0,14.993125541982852,50.0,Bd32-2bc,Bd,1
2013-05-07 00:00:00,"Kolasib, Saiha, Mizoram,","A large number of villages in Mizoram have become inaccessible after landslides, triggered by heavy and incessant pre-monsoon rains that have been lashing the state since Saturday, have blocked the roads, official sources said on Wednesday. The landslides blocked the Champai road in Saiha district which connects the capital town with the Mizoram-Myanmar border.",rain,India,IN,Mizoram,92.6755,24.2315,55.11,132.57,243.11,277.92,55.11,672.0,5.527812889706318,50.0,Bd61-2c,Bd,1
2015-09-05 00:00:00,Synthetic negative example,No recorded landslide at this location on 2015-09-05,none,India,IN,Manipur,93.9877,25.0604,1.2,7.0,79.6,130.5,34.9,1519.0,37.35514278400912,50.0,Ao76-2/3c,Ao,0
2017-08-03 00:00:00,Synthetic negative example,No recorded landslide at this location on 2017-08-03,none,India,IN,Assam,91.7351,26.149,24.6,80.9,107.3,179.6,47.3,52.0,1.852254273911334,1.0,Ao79-a,Ao,0
2015-09-23 15:00:00,"Shillong, Meghalaya, India","Two women were buried alive under a massive pile of debris following a landslide at Lamavilla area in Shillong, Meghalaya on Wednesday afternoon triggered by heavy rainfall over the past few days.  The incident occurred when a retaining wall collapsed onto the houses below. The deceased women have been identified as Meenu Thapa (40’s) and Karuna Shreshta (25). The deceased were tenants of one Bina Lama. A five-year-old child Aditya Shrestha sustained serious injuries and was rushed to the hospital.  Soon after the news of the landslide, a team from the State Disaster Response Force rushed to the spot and started relief works. Incidentally, Wednesday’s landslide comes exactly a year to the day when eight persons including a pregnant woman were buried alive following a massive landslide triggered by incessant rainfall in Mawbah locality in Shillong.  When contacted, East Khasi Hills Deputy Commissioner P.S. Dkhar said he has asked the Meghalaya Urban Development Authority to conduct an i",downpour,India,IN,Meghalaya,91.893,25.583,48.8,118.09,140.11,238.3,48.8,1445.0,7.211180224347258,5.0,Ao74-2b,Ao,1
2012-08-25 00:00:00,Synthetic negative example,No recorded landslide at this location on 2012-08-25,none,India,IN,Assam,92.9914,25.5242,1.4,21.4,86.3,96.9,63.1,156.0,16.865567463034814,50.0,Ao76-2/3c,Ao,0
2015-07-22 00:00:00,NH-2 between Senapati and Mao,"Reports from other locations also say that minor landslides, potholes, water-logging have been spotted along the NH-2 stretch between Senapati and Mao.",continuous_rain,India,IN,Manipur,94.0926,25.3908,16.94,48.02,130.7,171.53,34.89,1307.0,14.54418447986959,10.0,Ao76-2/3c,Ao,1
2014-07-01 00:00:00,Synthetic negative example,No recorded landslide at this location on 2014-07-01,none,India,IN,Manipur,94.1078,24.1419,13.5,34.9,60.1,192.3,13.5,1171.0,33.37106500187469,5.0,Bh16-2/3c,Bh,0
2010-05-11 09:00:00,"National highway 44 at Sunapur and Tongseng in Jaintia Hills district, eastern Meghalaya","Road links to the northeastern states of Tripura, Mizoram and parts of Manipur and southern Assam remained cut off from the rest of India for the second day Wednesday following massive landslides at a major highway in Meghalaya.  The National Highway No 44 at Sunapur and Tongseng in Jaintia Hills district in eastern Meghalaya, bordering Assam, has been blocked since Tuesday morning after heavy rains triggered landslides with huge boulders and trees covering the road.  Sunapur and Tongseng, about 150 km from the Meghalaya capital Shillong, is a landslide prone area and is linked with National Highway No 40 connecting Shillong and Guwahati in Assam, the gateway to mainland India.",downpour,India,IN,Meghalaya,92.2897,25.3433,12.85,28.61,56.39,112.04,13.57,1201.0,1.0249975202040136,25.0,Ao74-2b,Ao,1
2020-07-04 00:00:00,Synthetic negative example,No recorded landslide at this location on 2020-07-04,none,India,IN,Assam,93.3613,25.5125,0.3,13.899999999999999,39.1,86.0,17.0,317.0,8.604664913794034,,Af47-2b,Af,0
2013-07-13 00:00:00,Synthetic negative example,No recorded landslide at this location on 2013-07-13,none,India,IN,Arunachal Pradesh,96.9262,27.8835,29.9,59.1,102.8,277.4,29.9,976.0,39.35204569756175,50.0,I-Af-Bd-2c,I,0
2015-08-14 00:00:00,Synthetic negative example,No recorded landslide at this location on 2015-08-14,none,India,IN,Nagaland,94.803,26.0814,6.4,17.0,63.5,127.8,20.8,944.0,36.44619065843627,25.0,Ao76-2/3c,Ao,0
2011-07-07 00:00:00,Synthetic negative example,No recorded landslide at this location on 2011-07-07,none,India,IN,Assam,92.3576,24.8669,18.7,37.2,97.7,277.6,34.5,20.0,2.0413777681804106,1.0,Ge53-3a,Ge,0
2019-08-11 00:00:00,Synthetic negative example,No recorded landslide at this location on 2019-08-11,none,India,IN,Assam,93.5027,24.9786,11.0,25.5,51.4,260.5,14.8,1312.0,18.801212904229484,10.0,Bh16-2/3c,Bh,0
2010-10-08 00:00:00,"Nungba, Tamenglong, Manipur","The traffic along the 220 km Imphal-Jiribam section of the National Highway 53 has also been disturbed due to landslide at Nungba in Tamenglong district. Owing to the landslide, over 200 loaded trucks heading towards Imphal from Jiribam was stranded, police said.",downpour,India,IN,Assam,93.4108,24.7679,86.18,138.2,141.73,173.81,86.18,508.0,24.05432434868892,25.0,Bh16-2/3c,Bh,1
2015-08-02 00:00:00,Synthetic negative example,No recorded landslide at this location on 2015-08-02,none,India,IN,Manipur,94.6024,25.426,8.0,49.3,86.8,226.1,33.4,1332.0,11.959364186636996,5.0,Bh16-2/3c,Bh,0
2015-06-16 06:15:00,"Nakham Bazaar, Tura, Meghalaya",Huge tons of mud and boulders came crashing down from the above cliffs completely destroying the home.,downpour,India,IN,Meghalaya,90.215,25.5114,27.16,62.64,230.34,245.52,61.76,306.0,8.213794389737659,1.0,Nd2-2b,Nd,1
2010-04-17 15:00:00,"Natl. Highway 31-A at Pani House(?), Gangtok","Much ahead of the Monsoon, Gangtok is already reeling under the ipact of incessant rains and resultant landslides.  The Gangtok traffic came to a stand still when a major landslide hit the road at Pani House this afternoon. The highway was blocked for several hours when a portion of the wall above Pani House came crashing down leaving hundreds of vehicle stranded off in the National Highway 31- A. It took almost an hour for Deorali OP Police and the local people to clear the debris for traffic.  However, no human causalities were reported except for the minor damage of a Mahindra Bolero which was parked below the landslide area. Besides, the rainwater entered into one of the hotels located at Pani House leaving the owner and the staff panic-stricken.",downpour,India,IN,Sikkim,88.6083,27.3341,0.26,1.83,3.59,4.09,1.22,1449.0,24.49385858982577,5.0,Bd32-2bc,Bd,1
2010-08-25 00:00:00,Synthetic negative example,No recorded landslide at this location on 2010-08-25,none,India,IN,Mizoram,92.7463,23.7327,10.6,21.8,35.3,107.5,10.6,839.0,23.47891185858705,5.0,Bd61-2c,Bd,0
2016-07-18 00:00:00,Synthetic negative example,No recorded landslide at this location on 2016-07-18,none,India,IN,Assam,91.7351,26.1548,16.3,88.7,145.4,296.6,44.8,56.0,1.852254273911334,,Ao79-a,Ao,0
2022-06-04 00:00:00,Synthetic negative example,No recorded landslide at this location on 2022-06-04,none,India,IN,Manipur,94.0926,25.3908,8.5,29.1,42.0,63.199999999999996,12.5,1307.0,14.54418447986959,10.0,Ao76-2/3c,Ao,0
2015-08-26 00:00:00,Synthetic negative example,No recorded landslide at this location on 2015-08-26,none,India,IN,Manipur,94.4182,24.8628,7.9,48.599999999999994,111.2,144.5,37.8,910.0,36.03357894696324,50.0,Bh16-2/3c,Bh,0
2010-09-15 00:00:00,Synthetic negative example,No recorded landslide at this location on 2010-09-15,none,India,IN,Sikkim,88.2426,27.3425,9.6,28.1,113.1,262.0,32.0,1384.0,28.364376855574704,50.0,Bd32-2bc,Bd,0
2016-06-24 00:00:00,Synthetic negative example,No recorded landslide at this location on 2016-06-24,none,India,IN,Mizoram,93.3783,23.5397,0.2,4.0,23.5,116.9,15.7,1564.0,10.138358485391878,1.0,Bh16-2/3c,Bh,0
2014-08-19 00:00:00,Synthetic negative example,No recorded landslide at this location on 2014-08-19,none,India,IN,Arunachal Pradesh,93.6287,27.0998,6.3,24.9,374.3,447.5,141.4,406.0,7.160045497826495,25.0,Nd53-3bc,Nd,0
2015-08-22 00:00:00,Synthetic negative example,No recorded landslide at this location on 2015-08-22,none,India,IN,Assam,91.8074,26.1963,22.4,98.3,175.1,309.8,60.9,172.0,12.858314085836204,5.0,Ao79-a,Ao,0
2010-09-13 00:00:00,Synthetic negative example,No recorded landslide at this location on 2010-09-13,none,India,IN,Meghalaya,91.2698,25.4916,8.7,29.2,71.9,124.6,13.4,1493.0,11.383724956082276,50.0,Ao75-2b,Ao,0
2010-10-09 00:00:00,"NH-39 near Khongnem(?) village, between Imphal and Dimapur, Manipur",Landslide has also been reported at a spot near Khongnem village while there are at least three landslides at Karong area.,downpour,India,IN,Nagaland,93.8673,25.5265,26.82,107.81,120.26,142.24,53.95,1369.0,27.026628812346573,50.0,Bh16-2/3c,Bh,1
2011-08-02 00:00:00,Synthetic negative example,No recorded landslide at this location on 2011-08-02,none,India,IN,Nagaland,95.029,26.72,9.2,38.1,83.3,212.4,26.6,689.0,8.43238623760218,5.0,Ao76-2/3c,Ao,0
2015-09-07 00:00:00,Synthetic negative example,No recorded landslide at this location on 2015-09-07,none,India,IN,Assam,91.7998,26.1985,3.0,18.0,138.5,354.5,35.3,82.0,10.286118871948458,5.0,Ao79-a,Ao,0
2015-09-06 00:00:00,Synthetic negative example,No recorded landslide at this location on 2015-09-06,none,India,IN,Sikkim,88.3652,27.167,24.1,103.2,233.1,591.6,76.7,1483.0,23.74809153558515,10.0,Rd29-1a,Rd,0
2018-06-26 00:00:00,Synthetic negative example,No recorded landslide at this location on 2018-06-26,none,India,IN,Nagaland,94.5282,26.0101,8.6,42.7,57.6,153.3,18.3,1706.0,14.964338094507506,5.0,Ao76-2/3c,Ao,0
2010-08-14 00:00:00,Synthetic negative example,No recorded landslide at this location on 2010-08-14,none,India,IN,Assam,91.8383,26.1309,13.2,38.8,54.8,163.4,13.2,105.0,8.517835654237123,5.0,Nd2-2b,Nd,0
2021-06-13 00:00:00,Synthetic negative example,No recorded landslide at this location on 2021-06-13,none,India,IN,Arunachal Pradesh,94.7596,28.1737,18.8,44.2,163.6,377.6,94.4,568.0,22.113876912814764,,Ao80-2bc,Ao,0
2022-06-14 00:00:00,Synthetic negative example,No recorded landslide at this location on 2022-06-14,none,India,IN,Sikkim,88.2816,27.2872,7.8,35.300000000000004,119.8,170.4,28.7,572.0,20.504325237480952,50.0,Bd32-2bc,Bd,0
2011-07-06 00:00:00,Synthetic negative example,No recorded landslide at this location on 2011-07-06,none,India,IN,Assam,91.7082,26.1044,5.4,112.0,213.7,567.3,60.8,50.0,2.119791324560513,5.0,Nd2-2b,Nd,0
2018-07-21 00:00:00,Synthetic negative example,No recorded landslide at this location on 2018-07-21,none,India,IN,Arunachal Pradesh,93.0385,27.36,4.0,7.8,26.9,81.1,7.8,402.0,6.4993257467495305,5.0,Ao80-2bc,Ao,0
2018-08-18 00:00:00,Synthetic negative example,No recorded landslide at this location on 2018-08-18,none,India,IN,Manipur,94.4481,25.1941,4.3,36.5,137.79999999999998,209.9,54.3,1720.0,13.629654547724757,25.0,Bh16-2/3c,Bh,0
2023-09-05 00:00:00,Synthetic negative example,No recorded landslide at this location on 2023-09-05,none,India,IN,Manipur,93.9161,24.7339,0.4,0.7,28.1,99.5,8.8,879.0,14.24689258589194,5.0,Ao76-2/3c,Ao,0
2012-08-07 00:00:00,Synthetic negative example,No recorded landslide at this location on 2012-08-07,none,India,IN,Arunachal Pradesh,92.8,27.7,42.6,64.6,179.20000000000002,358.4,53.2,2445.0,17.488372713621818,5.0,Ao80-2bc,Ao,0
2014-08-14 00:00:00,Synthetic negative example,No recorded landslide at this location on 2014-08-14,none,India,IN,Nagaland,94.0462,25.3179,14.5,30.0,47.6,105.4,14.5,998.0,23.248847186308105,5.0,Ao76-2/3c,Ao,0
2023-07-04 00:00:00,Synthetic negative example,No recorded landslide at this location on 2023-07-04,none,India,IN,Sikkim,88.708,27.3721,10.5,59.9,125.2,277.3,35.5,3159.0,38.00689623991378,25.0,Bd32-2bc,Bd,0
2010-08-12 00:00:00,Synthetic negative example,No recorded landslide at this location on 2010-08-12,none,India,IN,Sikkim,88.6069,27.3383,9.2,59.8,131.3,415.2,28.4,1514.0,14.993125541982852,50.0,Bd32-2bc,Bd,0
2018-08-10 00:00:00,Synthetic negative example,No recorded landslide at this location on 2018-08-10,none,India,IN,Nagaland,95.0283,26.7215,23.3,42.4,64.7,287.5,23.3,722.0,13.369645277910749,5.0,Ao76-2/3c,Ao,0
2018-06-04 00:00:00,Synthetic negative example,No recorded landslide at this location on 2018-06-04,none,India,IN,Sikkim,88.7648,27.3746,4.9,22.2,50.5,163.3,11.6,3745.0,6.5001072439046315,25.0,I-Bh-U-c,I,0
2018-06-05 00:00:00,Synthetic negative example,No recorded landslide at this location on 2018-06-05,none,India,IN,Tripura,91.7599,23.8986,7.9,16.7,65.5,85.8,26.0,188.0,9.238837475306015,5.0,Bd61-2c,Bd,0
2012-07-04 00:00:00,Synthetic negative example,No recorded landslide at this location on 2012-07-04,none,India,IN,Nagaland,94.1099,25.6682,17.1,55.0,120.9,225.4,23.4,1428.0,12.471496205387888,50.0,Ao76-2/3c,Ao,0
2012-06-01 00:00:00,Synthetic negative example,No recorded landslide at this location on 2012-06-01,none,India,IN,Nagaland,94.1497,25.8266,33.2,62.400000000000006,84.60000000000001,103.4,33.2,1394.0,29.25896401491808,5.0,Ao76-2/3c,Ao,0
2020-09-27 00:00:00,Synthetic negative example,No recorded landslide at this location on 2020-09-27,none,India,IN,Assam,94.0,27.163,14.6,24.7,97.8,134.4,42.0,93.0,2.0816688582685057,50.0,Be82-a,Be,0
2010-08-22 00:00:00,Synthetic negative example,No recorded landslide at this location on 2010-08-22,none,India,IN,Meghalaya,91.8584,25.9703,5.9,35.3,165.1,219.70000000000002,84.2,285.0,11.565823006032677,1.0,Nd2-2b,Nd,0
2010-07-06 00:00:00,"Zunheboto, Nagaland","Dimapur| July 12  : Yet another monsoon season in Nagaland and one has to batter bad roads.    This year’s monsoon has been the worse by far.  The scenario is no different inside the towns. A glimpse is all you need to notice the neglected state of roads in Zunheboto town. A fast growing town with increasing migration, the condition of roads in Zunheboto town is in total despair. The town wears the look of potholes, poor drainage system and shabby road repairs. With monsoon, the roads are a mess and there is not a patch of good road to spare in the main town.",monsoon,India,IN,Nagaland,94.5238,26.0093,9.14,35.75,73.22,125.45,17.0,1808.0,20.62758173058563,5.0,Ao76-2/3c,Ao,1
2020-08-07 00:00:00,Synthetic negative example,No recorded landslide at this location on 2020-08-07,none,India,IN,Nagaland,94.1192,25.4993,29.3,69.6,106.10000000000001,251.4,38.0,1944.0,11.543842645525167,25.0,Ao76-2/3c,Ao,0
2015-07-01 00:00:00,Synthetic negative example,No recorded landslide at this location on 2015-07-01,none,India,IN,Assam,91.6906,26.1016,7.5,23.9,68.5,261.7,39.9,112.0,39.5106853976653,5.0,Ao77-2a,Ao,0
2015-07-16 00:00:00,Synthetic negative example,No recorded landslide at this location on 2015-07-16,none,India,IN,Nagaland,94.1079,25.4191,41.5,79.0,121.9,224.3,41.5,1392.0,10.209837985587429,5.0,Ao76-2/3c,Ao,0
2021-09-17 00:00:00,Synthetic negative example,No recorded landslide at this location on 2021-09-17,none,India,IN,Arunachal Pradesh,93.0515,27.8837,35.6,43.9,50.9,113.0,35.6,1585.0,44.95634585071402,10.0,Ao80-2bc,Ao,0
2014-06-05 00:00:00,Synthetic negative example,No recorded landslide at this location on 2014-06-05,none,India,IN,Nagaland,94.6055,26.1498,3.9,12.8,24.0,78.0,6.7,1699.0,30.860938989120513,10.0,Ao76-2/3c,Ao,0
2021-09-25 00:00:00,Synthetic negative example,No recorded landslide at this location on 2021-09-25,none,India,IN,Nagaland,94.564,26.0838,0.9,24.3,71.1,110.5,15.8,1834.0,13.9074099893744,25.0,Ao76-2/3c,Ao,0
2015-08-19 09:00:00,NH-62 at Sibbari,The three days of deluge caused a portion of NH-62 to remain closed for some hours at Sibbari area due to a land slip on Wednesday morning.,continuous_rain,India,IN,Meghalaya,90.5549,25.2193,26.68,58.96,87.68,136.52,26.68,271.0,4.622196164454146,10.0,Nd2-2b,Nd,1
2013-09-12 00:00:00,Synthetic negative example,No recorded landslide at this location on 2013-09-12,none,India,IN,Nagaland,94.8158,26.1984,2.8,24.099999999999998,69.5,140.2,20.3,1884.0,32.421818019787125,1.0,Ao76-2/3c,Ao,0
2012-09-23 00:00:00,Synthetic negative example,No recorded landslide at this location on 2012-09-23,none,India,IN,Assam,91.7599,26.1771,1.8,5.2,30.8,324.5,7.7,82.0,8.895692965992287,5.0,Ao79-a,Ao,0
2019-06-19 00:00:00,Synthetic negative example,No recorded landslide at this location on 2019-06-19,none,India,IN,Nagaland,94.1167,25.616,38.9,103.0,189.4,300.3,49.3,1589.0,29.56631726951452,10.0,Ao76-2/3c,Ao,0
2017-08-06 00:00:00,Synthetic negative example,No recorded landslide at this location on 2017-08-06,none,India,IN,Nagaland,94.3864,26.1147,21.7,49.0,136.4,208.6,36.7,350.0,5.226876247386835,1.0,Ao76-2/3c,Ao,0
2017-09-24 00:00:00,Synthetic negative example,No recorded landslide at this location on 2017-09-24,none,India,IN,Nagaland,94.8133,26.2363,11.2,17.5,61.699999999999996,153.9,21.2,1559.0,14.352001947229548,5.0,Ao76-2/3c,Ao,0
2012-07-10 00:00:00,Synthetic negative example,No recorded landslide at this location on 2012-07-10,none,India,IN,Sikkim,88.35,27.1667,18.1,47.3,369.1,426.90000000000003,154.8,1154.0,24.48993370133901,50.0,Rd29-1a,Rd,0
2011-07-01 00:00:00,Synthetic negative example,No recorded landslide at this location on 2011-07-01,none,India,IN,Arunachal Pradesh,95.4993,26.9986,17.7,116.1,200.79999999999998,253.8,56.5,641.0,31.568430941138818,50.0,Ao76-2/3c,Ao,0
2014-06-12 00:00:00,Synthetic negative example,No recorded landslide at this location on 2014-06-12,none,India,IN,Manipur,94.1913,24.4265,1.7,5.8,18.099999999999998,21.099999999999998,9.7,1309.0,11.243730344787089,25.0,Bh16-2/3c,Bh,0
2014-07-13 00:00:00,Synthetic negative example,No recorded landslide at this location on 2014-07-13,none,India,IN,Assam,92.8573,25.1175,5.6,9.9,38.4,110.2,18.7,151.0,8.522096262869733,5.0,Ao76-2/3c,Ao,0
2014-06-02 00:00:00,Synthetic negative example,No recorded landslide at this location on 2014-06-02,none,India,IN,Sikkim,88.6115,27.1954,1.3,1.9,245.0,275.7,185.4,471.0,7.161187087203872,5.0,Bd32-2bc,Bd,0
2020-08-05 00:00:00,Synthetic negative example,No recorded landslide at this location on 2020-08-05,none,India,IN,Manipur,94.3415,25.0634,10.4,51.7,90.3,204.29999999999998,22.8,1763.0,27.550445354076174,10.0,Bh16-2/3c,Bh,0
2020-09-01 00:00:00,Synthetic negative example,No recorded landslide at this location on 2020-09-01,none,India,IN,Manipur,93.9827,25.4538,21.0,31.3,41.4,88.3,21.0,1778.0,24.17357170238777,5.0,Bh16-2/3c,Bh,0
2013-08-27 00:00:00,Synthetic negative example,No recorded landslide at this location on 2013-08-27,none,India,IN,Arunachal Pradesh,92.8,27.7,41.5,57.4,84.5,136.8,41.5,2445.0,17.488372713621818,5.0,Ao80-2bc,Ao,0
2015-07-15 08:00:00,Type-IV Colony of Seppa in East Kameng,"Torrential rains in the past 24 hours have caused heavy landslides in various areas of the district headquarters damaging several houses, roads, culverts, pipelines and electricity poles.  three victims - a couple and their three-year-old son killed on the spot",monsoon,India,IN,Arunachal Pradesh,93.0385,27.36,40.53,70.31,77.28,144.26,40.53,402.0,6.4993257467495305,5.0,Ao80-2bc,Ao,1
2023-07-03 00:00:00,Synthetic negative example,No recorded landslide at this location on 2023-07-03,none,India,IN,Assam,91.6849,26.1001,21.2,67.1,123.9,285.8,27.3,84.0,24.925661978622223,5.0,Ao77-2a,Ao,0
2020-09-21 00:00:00,Synthetic negative example,No recorded landslide at this location on 2020-09-21,none,India,IN,Nagaland,94.7844,25.8702,25.1,25.700000000000003,74.8,141.5,31.7,1140.0,7.675353195263384,1.0,Ao76-2/3c,Ao,0
2014-07-20 00:00:00,Synthetic negative example,No recorded landslide at this location on 2014-07-20,none,India,IN,Arunachal Pradesh,91.8644,27.5748,44.6,81.9,168.7,277.5,44.6,2687.0,11.67372935280908,5.0,Ao80-2bc,Ao,0
2015-07-14 00:00:00,Synthetic negative example,No recorded landslide at this location on 2015-07-14,none,India,IN,Sikkim,88.6458,27.1748,16.8,31.8,146.5,435.7,34.4,944.0,16.7960962530793,25.0,Bd32-2bc,Bd,0
2022-09-15 00:00:00,Synthetic negative example,No recorded landslide at this location on 2022-09-15,none,India,IN,Sikkim,88.7323,27.3736,9.0,22.3,69.3,191.0,15.4,3421.0,30.731772287991458,25.0,I-Bh-U-c,I,0
2021-06-09 00:00:00,Synthetic negative example,No recorded landslide at this location on 2021-06-09,none,India,IN,Nagaland,94.7499,26.0977,15.1,30.1,41.4,118.5,15.1,1550.0,3.0918835620363234,10.0,Ao76-2/3c,Ao,0
2018-09-05 00:00:00,Synthetic negative example,No recorded landslide at this location on 2018-09-05,none,India,IN,Assam,91.802,26.1966,10.1,19.5,104.8,279.2,36.1,105.0,10.085476299962467,5.0,Ao79-a,Ao,0
2010-10-09 00:00:00,"NH-39 at Tobio village(?), 7 km form Tadubi, Manipur","Owing to landslides, triggered by incessant rainfall, at various points along the National highway vehicular movement on the ImphalDimapur section has come to a grinding halt today.  An informed source said that a massive landslide had washed away substantial portion of the highway at Tobio village, which is about 7 kilometres from Tadubi.  Even though there are reports about clearance of the debris and repairing of the road link at about 4.30 pm today heavy vehicle ceased plying on the route for the day.",downpour,India,IN,Nagaland,94.1399,25.4788,23.12,99.99,119.47,142.62,52.1,1640.0,14.637633427177526,10.0,Ao76-2/3c,Ao,1
2015-08-01 00:00:00,"Wayang, Khengjoi","Several houses of Hollenjang, Wayang and Tuitung village under Khengjoi were also swept away by the landslide. The total number of casualties from these areas, if any, are not known so far.",rain,India,IN,Manipur,94.0906,23.9278,2.09,71.58,85.55,145.97,50.65,935.0,13.089378757745736,5.0,Bf17-2c,Bf,1
2017-06-04 00:00:00,Synthetic negative example,No recorded landslide at this location on 2017-06-04,none,India,IN,Sikkim,88.38,27.1499,9.2,23.6,61.2,161.5,17.0,1105.0,30.203926293037487,25.0,Rd29-1a,Rd,0
2010-11-22 00:00:00,"Tawang Monastery, Arunachal Pradesh","The famous Tawang Monastery in Arunachal Pradesh is under imminent threat of collapse following massive landslides around it.  The 330-year-old monastery, also known as Gaden Namgyal Lhatse, which stands on the spur of a hill about 10,000 feet above sea level, is witnessingmassive landslide around it since Monday, officials said.  The landslide had already damaged the plantation and some electric posts around the monastery located in Twang-chu valley of Tawang district, they said.",unknown,India,IN,Arunachal Pradesh,91.85672387,27.5798729,0.0,1.5,2.56,2.56,1.42,2745.0,23.60412220046119,1.0,Ao80-2bc,Ao,1
2022-06-24 00:00:00,Synthetic negative example,No recorded landslide at this location on 2022-06-24,none,India,IN,Manipur,93.8474,25.1555,9.3,37.9,116.3,189.7,53.3,1377.0,42.926248921460264,25.0,Bh16-2/3c,Bh,0
2011-07-11 09:00:00,"NH-61, 1 km before reaching Botsa","Kohima | July 11 : The incessant rainfall last night resulted in a massive landslide this early morning at NH-61, 1 Km before reaching Botsa. Sources said vehicles were stand off for a long time till the road was cleared. PWD department on receiving information entrusted the local contractors to clear off the road since the department does not have enough and good machineries and with the efforts of the local contractor’s road was reportedly opened by 11.15 am. Executive engineer PWD disclosed that they had a meeting and decided to take temporary measures where the machineries belonging to the contractors will be deployed for sometime.",downpour,India,IN,Nagaland,94.1095,25.6703,0.1,1.79,14.8,89.44,5.47,1445.0,21.554870104453816,25.0,Ao76-2/3c,Ao,1
2021-07-10 00:00:00,Synthetic negative example,No recorded landslide at this location on 2021-07-10,none,India,IN,Assam,91.7042,26.1666,5.8,47.9,134.6,201.6,63.3,235.0,17.151823509523624,1.0,Ao79-a,Ao,0
2013-06-01 00:00:00,Upper Subansiri,"The Daporijo district headquarters is cut off from other circle headquarters of UpperSubansiri for the last two months due to landslides. Massive landslides triggered by heavy rainfall have blocked roads at numerous points, cutting off more than 60 villages under Gusar and Giba circles. There is acute shortage of essential items in the two circles, a source said here on Saturday. A samiti member of Tator Tani-V under Gusar Anchal block said about 3,000 people of the entire Tator Bango area have been affected by the choking of the lone PWD road. The authorities could not clear the road due to shortage of men and machinery, he said.",downpour,India,IN,Arunachal Pradesh,94.25,27.8776,10.89,21.72,51.05,85.68,12.63,945.0,42.26732210621416,50.0,Ao80-2bc,Ao,1
2017-06-16 00:00:00,Synthetic negative example,No recorded landslide at this location on 2017-06-16,none,India,IN,Assam,91.763,26.1965,51.9,61.3,181.7,204.2,68.7,93.0,2.7771727466475022,1.0,Ao79-a,Ao,0
2014-09-15 00:00:00,Synthetic negative example,No recorded landslide at this location on 2014-09-15,none,India,IN,Nagaland,94.8158,26.1984,10.1,27.7,44.1,128.3,11.2,1884.0,32.421818019787125,1.0,Ao76-2/3c,Ao,0
2013-06-28 00:00:00,Synthetic negative example,No recorded landslide at this location on 2013-06-28,none,India,IN,Assam,89.9032,25.7238,9.7,28.5,69.6,112.3,27.0,33.0,14.316083944889312,5.0,Je38-2a,Je,0
2010-09-23 00:00:00,Synthetic negative example,No recorded landslide at this location on 2010-09-23,none,India,IN,Mizoram,92.899,22.533,17.0,33.4,83.2,169.3,19.2,801.0,15.868646633497285,25.0,Bh16-2/3c,Bh,0
2011-08-06 00:00:00,Synthetic negative example,No recorded landslide at this location on 2011-08-06,none,India,IN,Manipur,94.3136,25.0118,15.0,36.1,63.5,99.2,15.0,1391.0,3.200508507855546,25.0,Bh16-2/3c,Bh,0
2014-06-11 00:00:00,Synthetic negative example,No recorded landslide at this location on 2014-06-11,none,India,IN,Arunachal Pradesh,93.0385,27.36,49.1,108.7,216.5,275.4,49.1,402.0,6.4993257467495305,5.0,Ao80-2bc,Ao,0
2015-06-28 00:00:00,Synthetic negative example,No recorded landslide at this location on 2015-06-28,none,India,IN,Nagaland,94.803,26.0814,10.0,19.2,73.9,117.8,27.3,944.0,36.44619065843627,25.0,Ao76-2/3c,Ao,0
2015-07-06 00:00:00,Synthetic negative example,No recorded landslide at this location on 2015-07-06,none,India,IN,Nagaland,94.5121,26.3186,23.0,116.7,134.1,271.6,78.0,1250.0,14.80546141353928,5.0,Ao76-2/3c,Ao,0
2015-09-14 01:30:00,"Aizawl, Mizoram, India","Earlier around 1:30am, landslide damaged 39 graves at Republic Veng locality in the heart of the city. The landslide also blocked internal road of the locality. With this, landslides have damaged a total of 311 graves in four localities in Aizawl.",downpour,India,IN,Mizoram,92.7187,23.7313,13.58,44.56,78.75,137.25,17.41,1024.0,15.805360539732332,5.0,Bd61-2c,Bd,1
2016-05-18 08:00:00,"Bilaipur, Hailakandi district, Assam, India","One of two landslides in Bilaipur triggered by the same rainfall event. Ten people were killed in landslides in Karimganj and Hailakandi districts in Barak Valley in Assam on Wednesday following incessant rains. In neighbouring Hailakandi district, two incidents of landslide killed four persons at Bilaipur and a six-year old boy at Ramchandi area, police officials said. The debris fell on two houses where the victims were sleeping early in the morning, they said. NDRF and police have been engaged in rescue and relief operations.",continuous_rain,India,IN,Assam,92.7239,24.5202,75.63,179.71,267.55,301.52,75.63,40.0,0.0,1.0,Gd25-2a,Gd,1
2012-08-21 00:00:00,Synthetic negative example,No recorded landslide at this location on 2012-08-21,none,India,IN,Nagaland,93.9413,25.7658,29.6,91.9,144.6,243.4,48.2,808.0,44.2276920510005,50.0,Ao76-2/3c,Ao,0
2011-07-16 00:00:00,Synthetic negative example,No recorded landslide at this location on 2011-07-16,none,India,IN,Nagaland,94.9921,26.8716,19.9,75.1,180.1,223.7,39.7,283.0,10.501444158270422,25.0,Af48-2ab,Af,0
2015-07-22 00:00:00,Synthetic negative example,No recorded landslide at this location on 2015-07-22,none,India,IN,Assam,93.5063,24.9829,59.4,104.6,209.0,255.3,59.4,1305.0,31.44272371697256,5.0,Bh16-2/3c,Bh,0
2021-09-20 00:00:00,Synthetic negative example,No recorded landslide at this location on 2021-09-20,none,India,IN,Assam,91.7042,26.1666,2.9,15.799999999999999,74.6,165.1,40.3,235.0,17.151823509523624,1.0,Ao79-a,Ao,0
2007-07-27 00:00:00,Tura,closest to predicated location of Shillong (138.89 km),rain,India,IN,Meghalaya,90.232,25.5212,34.65,104.6,170.2,349.74,35.04,580.0,20.309247989722795,10.0,Nd2-2b,Nd,1
2019-06-04 00:00:00,Synthetic negative example,No recorded landslide at this location on 2019-06-04,none,India,IN,Nagaland,95.0281,26.7225,10.0,36.9,46.6,78.5,23.9,699.0,8.28618530638979,5.0,Ao76-2/3c,Ao,0
2015-08-28 01:45:00,"Mizoram, India","A downpour was drenching the old building at 1.45am on August 28 when what seemed to be a tremor struck. Several glass panes on windows lining the western wall cracked and broke, as did parts of the concrete wall of the control room of the 132KV power sub-station at Zuangtui, on Aizawl’s eastern outskirts.",downpour,India,IN,Mizoram,92.8112,23.4495,10.53,17.0,32.21,222.35,10.53,869.0,31.16083503860741,25.0,Bh16-2/3c,Bh,1
2019-07-06 00:00:00,Synthetic negative example,No recorded landslide at this location on 2019-07-06,none,India,IN,Nagaland,94.9731,26.4205,23.0,52.400000000000006,95.5,143.0,23.0,690.0,25.176293155000685,5.0,Bh16-2/3c,Bh,0
2015-07-27 00:00:00,Synthetic negative example,No recorded landslide at this location on 2015-07-27,none,India,IN,Assam,93.4093,25.0672,25.4,28.099999999999998,143.6,295.6,59.4,459.0,17.05316578885703,25.0,Bh16-2/3c,Bh,0
2020-07-18 00:00:00,Synthetic negative example,No recorded landslide at this location on 2020-07-18,none,India,IN,Sikkim,88.2891,27.2676,30.6,111.7,222.5,658.9,54.1,604.0,48.99498819683531,10.0,Bd32-2bc,Bd,0
2007-08-26 00:00:00,National Highway No 44 at Sonarpur in Meghalaya,"blocked road for several days, 2 days continuous rain, event occurred at 3:30pm",rain,India,IN,Meghalaya,91.8506,25.5576,40.07,55.66,69.77,169.62,40.07,1682.0,4.807840935153697,,Ao74-2b,Ao,1
2022-08-05 00:00:00,Synthetic negative example,No recorded landslide at this location on 2022-08-05,none,India,IN,Meghalaya,91.893,25.583,6.1,12.799999999999999,34.1,115.0,9.8,1445.0,7.211180224347258,5.0,Ao74-2b,Ao,0
2011-08-12 00:00:00,East Kameng district in Arunachal Pradesh bordering China,"Shillong, Aug 12 (IANS) Indian Air Force helicopters Friday airdropped food packets to thousands of marooned people in the East Kameng district in Arunachal Pradesh bordering China.  People residing in the East Kameng district were cut-off from the mainland due to disruption in road communication after landslides that followed incessant rains in the region.  ‘We have airdropped emergency rations in several areas where people were facing critical shortages of food supplies in the district,’ IAF spokesman Ranjeeb Sahoo said.  The Arunachal Pradesh government had requisitioned IAF helicopters to drop emergency rations at Seppa, Chyangtajo, Bameng and Khanewa where people faced critical shortage of food supplies.  Sahoo said IAF helicopters from units under the Eastern Air Command were activated from Tezpur, Guwahati, Kumbhigram and Mohanbari to undertake the mission.  Relief operations continue in full swing and about five tonnes of supplies have been air lifted to the affected areas so f",rain,India,IN,Arunachal Pradesh,92.2833,27.44,6.41,9.64,28.55,79.75,13.03,2613.0,1.0437789193849585,50.0,Ao80-2bc,Ao,1
2015-06-13 00:00:00,Synthetic negative example,No recorded landslide at this location on 2015-06-13,none,India,IN,Assam,93.1658,25.2269,4.6,74.6,97.8,157.4,47.5,392.0,2.9593941376249964,25.0,Ao76-2/3c,Ao,0
2020-09-21 00:00:00,Synthetic negative example,No recorded landslide at this location on 2020-09-21,none,India,IN,Arunachal Pradesh,94.9612,28.235,10.7,10.7,274.2,576.6,95.9,312.0,43.508931111637935,50.0,Ao80-2bc,Ao,0
2014-06-28 00:00:00,Synthetic negative example,No recorded landslide at this location on 2014-06-28,none,India,IN,Meghalaya,91.8695,26.048,11.9,57.1,164.9,391.3,53.5,72.0,12.284413866136306,1.0,Nd2-2b,Nd,0
2014-06-08 00:00:00,Synthetic negative example,No recorded landslide at this location on 2014-06-08,none,India,IN,Meghalaya,90.5763,25.8143,13.3,35.7,41.5,117.7,13.3,59.0,2.2560210150566906,,Nd2-2b,Nd,0
2022-08-03 00:00:00,Synthetic negative example,No recorded landslide at this location on 2022-08-03,none,India,IN,Meghalaya,91.8587,25.9702,34.3,75.2,121.6,246.6,34.3,282.0,9.707649981037308,5.0,Nd2-2b,Nd,0
2010-08-14 00:00:00,"Kiphire-Tuensang rd, Nagaland","People cross a portion of the landslide area, along the National Highway 39, below Kohima, on Saturday, August 21, 2010. The calamities which affect the National Highway 39 started from August 7 after continuous heavy rainfall in the hilly state of Nagaland.   Almost all roads in Tuensang district including those connecting the district headquarters have become unpliable for both the Nagaland State Transport (NST) buses and private vehicles. Some of the roads worst hit by landslides and land-sinking are Tuensang-Shamatore road, Noklak-Tuensang road, Kiphire-Tuensang road and Tuensang-Mokokchung road. (Very unclear about the date, anytime between August 7th and August 21st)",downpour,India,IN,Nagaland,94.803,26.0814,11.86,53.09,65.68,97.18,26.51,944.0,36.44619065843627,25.0,Ao76-2/3c,Ao,1
2012-07-04 00:00:00,Synthetic negative example,No recorded landslide at this location on 2012-07-04,none,India,IN,Mizoram,92.8112,23.4495,1.2,28.2,65.5,218.5,22.7,869.0,31.16083503860741,25.0,Bh16-2/3c,Bh,0
2011-07-19 00:00:00,"Itanagar (one near Pachali power house, one near Heema Hospital, and one nearRomik Colony at P Sector)","Three killed in landslides PTI | 02:07 PM,Jul 19,2011  Itanagar, July 19 (PTI) Three persons including two minors were buried alive, while several others were seriously injured this morning when massive landslides triggered by torrential rain washed away several dwellings in and around the state capital, police sources said. A three-year-old girl died when landslide hit her house near Pachali power house while a 4 year boy died when his house caved in near Heema Hospital and one person was buried alive at Romik Colony at P Sector here this morning, city Superintendent of Police Chuku Appa said. Several injured people were admitted to hospitals here while conditions of a few are stated to be critical, the SP added. Incessant rain during the past couple of days triggered massive landslips today in several points along the NH 52 (A) disrupting surface communication between Itanagar to Banderdewa and Itanagar to Hollongi. The state PWD along with Border Road Task Force (BRTF) cleared all t",downpour,India,IN,Arunachal Pradesh,93.6884,27.1032,58.61,136.8,253.15,286.71,69.35,145.0,0.926369172997235,10.0,Be82-a,Be,1
2015-08-01 00:00:00,between Moltuk to New Songjang village,one landslide between Moltuk to New Songjang village,continuous_rain,India,IN,Manipur,94.1078,24.1419,2.09,71.58,85.55,145.97,50.65,1171.0,33.37106500187469,5.0,Bh16-2/3c,Bh,1
2019-08-12 00:00:00,Synthetic negative example,No recorded landslide at this location on 2019-08-12,none,India,IN,Assam,91.7356,26.1475,6.5,14.5,17.5,120.0,6.5,52.0,0.0,5.0,Ao79-a,Ao,0
2016-07-07 00:00:00,Synthetic negative example,No recorded landslide at this location on 2016-07-07,none,India,IN,Assam,91.7351,26.149,11.3,51.0,199.0,302.4,88.1,52.0,1.852254273911334,1.0,Ao79-a,Ao,0
2014-06-23 00:00:00,Synthetic negative example,No recorded landslide at this location on 2014-06-23,none,India,IN,Nagaland,94.5466,26.0319,17.9,76.6,220.60000000000002,303.7,46.7,1554.0,40.77036050242681,5.0,Ao76-2/3c,Ao,0
2012-08-10 00:00:00,Synthetic negative example,No recorded landslide at this location on 2012-08-10,none,India,IN,Mizoram,92.8416,22.7176,20.4,52.7,83.3,152.1,20.4,728.0,24.51559955702803,25.0,Bh16-2/3c,Bh,0
2020-09-07 00:00:00,Synthetic negative example,No recorded landslide at this location on 2020-09-07,none,India,IN,Nagaland,94.7861,25.8877,7.0,18.1,59.1,110.10000000000001,34.2,1166.0,7.440685346262844,5.0,Ao76-2/3c,Ao,0
2021-09-02 00:00:00,Synthetic negative example,No recorded landslide at this location on 2021-09-02,none,India,IN,Nagaland,94.1192,25.4993,12.4,53.5,104.60000000000001,220.6,27.8,1944.0,11.543842645525167,25.0,Ao76-2/3c,Ao,0
2017-06-27 00:00:00,Synthetic negative example,No recorded landslide at this location on 2017-06-27,none,India,IN,Meghalaya,92.2845,25.3612,11.6,29.2,101.4,678.1,39.2,1222.0,3.586080799213583,25.0,Ao74-2b,Ao,0
2018-06-26 00:00:00,Synthetic negative example,No recorded landslide at this location on 2018-06-26,none,India,IN,Nagaland,94.8833,26.4333,29.7,80.39999999999999,98.8,188.5,41.3,554.0,27.021028298552192,25.0,Ao76-2/3c,Ao,0
2015-07-31 23:00:00,Naga Gate along the Ukhrul-Imphal route,"Reports reaching here have said that massive landslides that occurred last night at several points like New Haven, Finch Corner, Nungshang Kong and Naga Gate along the Ukhrul-Imphal route have brought vehicular movements to a standstill since early morning on Saturday.",continuous_rain,India,IN,Manipur,94.3415,25.0634,79.86,103.04,118.66,224.46,79.86,1763.0,27.550445354076174,10.0,Bh16-2/3c,Bh,1
2015-09-05 00:00:00,Byrnihat,"Another landslide occurred in the 17th Mile area of Byrnihat today, blocking the four lanes of the Guwahati-Shillong Road (NH-40). The road on one side will be cleared by midnight, informed NHAI personnel. Clearance of the other side will be possible only tomorrow.",unknown,India,IN,Meghalaya,91.8695,26.048,3.69,63.5,156.6,245.34,37.65,72.0,12.284413866136306,1.0,Nd2-2b,Nd,1
2018-07-27 00:00:00,Synthetic negative example,No recorded landslide at this location on 2018-07-27,none,India,IN,Arunachal Pradesh,95.1645,28.1193,13.4,31.6,110.7,184.9,36.8,777.0,38.50868136980543,5.0,Ao80-2bc,Ao,0
2022-08-03 00:00:00,Synthetic negative example,No recorded landslide at this location on 2022-08-03,none,India,IN,Meghalaya,92.3807,25.1416,13.2,17.099999999999998,83.7,179.0,51.0,158.0,10.756185231515634,5.0,Ge53-3a,Ge,0
2023-07-11 00:00:00,Synthetic negative example,No recorded landslide at this location on 2023-07-11,none,India,IN,Arunachal Pradesh,95.4112,28.3036,46.0,56.3,118.2,231.79999999999998,46.0,1828.0,39.11774685252796,,Ao80-2bc,Ao,0
2010-09-16 00:00:00,"Aizawl-Lengpui rd 3km from Aizawl, Mizoram, Manipur","Sep 19, 2010  Meanwhile, Aizawl-Lengpui road remained blocked for the third day because of massive landslide about 3 km away from Lengpui. According to information received from the Engineer in charge, intermittent rainfall and falling of rocks hampered the work.  It is expected to be restored for all types of vehicles tomorrow. Meanwhile the National Highway No. 54 also is blocked by heavy landslide near Rangvamual.",downpour,India,IN,Mizoram,92.694,23.7527,7.76,34.33,58.77,124.61,19.48,788.0,30.34177918841917,5.0,Bd61-2c,Bd,1
2019-06-12 00:00:00,Synthetic negative example,No recorded landslide at this location on 2019-06-12,none,India,IN,Nagaland,94.1139,25.6269,17.6,86.7,110.9,193.5,40.7,1566.0,13.286694596501158,10.0,Ao76-2/3c,Ao,0
2015-06-15 00:00:00,Synthetic negative example,No recorded landslide at this location on 2015-06-15,none,India,IN,Nagaland,94.7861,25.8877,9.1,27.5,64.5,79.7,15.8,1166.0,7.440685346262844,5.0,Ao76-2/3c,Ao,0
2021-08-23 00:00:00,Synthetic negative example,No recorded landslide at this location on 2021-08-23,none,India,IN,Arunachal Pradesh,95.1645,28.1193,31.8,101.7,266.7,613.4,53.3,777.0,38.50868136980543,5.0,Ao80-2bc,Ao,0
2015-08-19 00:00:00,National Highway 44,"The landslide disrupted traffic on National Highway 44, which connects Assam, Mizoram and Tripura.",rain,India,IN,Meghalaya,92.3825,25.2568,35.06,81.02,115.26,200.41,35.06,798.0,8.522642338386635,25.0,Ao74-2b,Ao,1
2010-08-19 06:30:00,"Tuensang-Kohima rd, 3 km outside Tuensang, Nagaland","Even in Tuensang town, a couple of roads have to be cleared daily due to mudslides. On Thursday morning, the Kohima-bound NST bus left Tuensang station around 9.30 am, three hours behind schedule due to mudslides near GREF camp, some 3km from the station.   People cross a portion of the landslide area, along the National Highway 39, below Kohima, on Saturday, August 21, 2010. The calamities which affect the National Highway 39 started from August 7 after continuous heavy rainfall in the hilly state of Nagaland.",downpour,India,IN,Nagaland,94.8158,26.1984,13.74,29.82,94.99,131.16,26.51,1884.0,32.421818019787125,1.0,Ao76-2/3c,Ao,1
2007-09-18 00:00:00,Geyzing-Jorethang road and Naya Bazar-Legship road,along multiple roads in province,rain,India,IN,Sikkim,88.2816,27.2872,2.0,5.16,51.6,123.88,16.42,572.0,20.504325237480952,50.0,Bd32-2bc,Bd,1
2018-08-14 00:00:00,Synthetic negative example,No recorded landslide at this location on 2018-08-14,none,India,IN,Arunachal Pradesh,93.816,27.0987,0.1,30.6,158.20000000000002,202.70000000000002,110.2,214.0,14.236549622926058,5.0,Be82-a,Be,0
2017-06-05 00:00:00,Synthetic negative example,No recorded landslide at this location on 2017-06-05,none,India,IN,Mizoram,92.74128531,23.75406693,1.2,60.199999999999996,148.5,201.0,58.4,959.0,22.717560039379222,1.0,Bd61-2c,Bd,0
2011-09-17 00:00:00,Synthetic negative example,No recorded landslide at this location on 2011-09-17,none,India,IN,Nagaland,93.8673,25.5265,7.4,40.8,85.6,233.3,20.4,1369.0,27.026628812346573,50.0,Bh16-2/3c,Bh,0
2015-07-22 00:00:00,Yangkhullen-Tamphung road till Nagaland border,"Torrential rain in the last many days has created havoc in many places of Senapati district. Sources specified of major landslides in different locations including 15 kms from Maram, 22 kms to 30 kms between Sangkhumai and Willong, Willong-Yangkhullen stretch and Yangkhullen-Tamphung road till Nagaland border.",continuous_rain,India,IN,Manipur,93.8794,25.5098,10.3,41.39,117.9,163.55,33.49,1646.0,15.451697691723982,10.0,Bh16-2/3c,Bh,1
2023-07-01 00:00:00,Synthetic negative example,No recorded landslide at this location on 2023-07-01,none,India,IN,Assam,93.0083,25.1796,0.4,12.399999999999999,31.0,40.6,12.1,688.0,6.536941433448177,5.0,Ao76-2/3c,Ao,0
2010-10-09 00:00:00,"Lower Pezielietsie(Tinpati), Kohima, Manipur","Landslides caused by heavy rain damaged several houses and shops in Lower Pezielietsie in Kohima Saturday, rendering several families homeless. A Maruti van was washed away and damaged after it was buried in the debris, reports from Kohima said. ",downpour,India,IN,Nagaland,94.1076,25.682,23.12,99.99,119.47,142.62,52.1,1439.0,4.9508487656938565,1.0,Ao76-2/3c,Ao,1
2022-08-04 00:00:00,Synthetic negative example,No recorded landslide at this location on 2022-08-04,none,India,IN,Arunachal Pradesh,93.0385,27.36,0.8,7.1,85.0,131.0,28.8,402.0,6.4993257467495305,5.0,Ao80-2bc,Ao,0
2018-06-17 00:00:00,Synthetic negative example,No recorded landslide at this location on 2018-06-17,none,India,IN,Nagaland,94.803,26.0814,5.7,18.7,217.8,270.4,85.4,944.0,36.44619065843627,25.0,Ao76-2/3c,Ao,0
2017-09-07 00:00:00,Synthetic negative example,No recorded landslide at this location on 2017-09-07,none,India,IN,Mizoram,92.7878,23.3572,5.9,27.0,82.0,223.9,19.3,1370.0,9.18427544441587,5.0,Bd61-2c,Bd,0
2013-07-01 00:00:00,Synthetic negative example,No recorded landslide at this location on 2013-07-01,none,India,IN,Assam,92.8411,24.9849,6.9,33.2,113.2,210.5,24.5,262.0,19.51816573573522,50.0,Ge53-3a,Ge,0
2013-09-21 00:00:00,Synthetic negative example,No recorded landslide at this location on 2013-09-21,none,India,IN,Assam,91.6906,26.1016,3.7,20.1,63.0,120.3,30.3,112.0,39.5106853976653,5.0,Ao77-2a,Ao,0
2012-09-28 00:00:00,Synthetic negative example,No recorded landslide at this location on 2012-09-28,none,India,IN,Arunachal Pradesh,94.7596,28.1737,1.9,4.1,213.7,542.5,92.6,568.0,22.113876912814764,,Ao80-2bc,Ao,0
2016-06-03 00:00:00,Synthetic negative example,No recorded landslide at this location on 2016-06-03,none,India,IN,Assam,92.562,24.6108,2.6,9.9,38.6,199.0,11.0,30.0,4.921340582296557,5.0,Ge53-3a,Ge,0
2022-08-16 00:00:00,Synthetic negative example,No recorded landslide at this location on 2022-08-16,none,India,IN,Nagaland,94.108,25.4192,0.2,3.1,24.8,45.9,9.2,1388.0,14.27107053574802,10.0,Ao76-2/3c,Ao,0
2013-07-12 00:00:00,"National Highway 29 Near Phesama Village, Nagaland","A large number of vehicles were stranded on National Highway-29 near Phesama village in Nagaland following landslides triggered by rain, official sources said on Saturday. The highway connecting Nagaland and Manipur was badly damaged along a 200m stretch in rains last night, Commanding Officer of Border Roads Organisation, Kohima, Col Tejpal Singh, said. The 15 Border Road Task Force worked hard to clear the road for passage of only light vehicles this afternoon. The landslide also affected around 40-50 paddy fields situated below the road, President of Southern Angami Youth Organisation (SAYO), Kekhruhol Mekro, said.",downpour,India,IN,Nagaland,94.1139,25.6269,18.68,107.07,129.82,199.35,51.78,1566.0,13.286694596501158,10.0,Ao76-2/3c,Ao,1
2011-08-11 00:00:00,Synthetic negative example,No recorded landslide at this location on 2011-08-11,none,India,IN,Manipur,93.4251,24.7459,24.5,51.2,156.4,206.0,45.9,764.0,5.048548813150623,10.0,Bh16-2/3c,Bh,0
2020-09-25 00:00:00,Synthetic negative example,No recorded landslide at this location on 2020-09-25,none,India,IN,Assam,93.1265,25.3056,9.2,23.099999999999998,41.199999999999996,54.099999999999994,12.2,309.0,17.86684892489941,5.0,Ao76-2/3c,Ao,0
2017-09-27 00:00:00,Synthetic negative example,No recorded landslide at this location on 2017-09-27,none,India,IN,Mizoram,92.72124394,23.73478778,18.3,29.1,49.5,137.3,18.3,980.0,23.248272553867388,5.0,Bd61-2c,Bd,0
2011-09-10 00:00:00,Synthetic negative example,No recorded landslide at this location on 2011-09-10,none,India,IN,Nagaland,94.5163,26.0137,4.6,44.0,95.9,120.2,28.1,1723.0,11.387211682153785,25.0,Ao76-2/3c,Ao,0
2013-06-02 00:00:00,Synthetic negative example,No recorded landslide at this location on 2013-06-02,none,India,IN,Sikkim,88.6586,27.6163,15.5,85.3,194.1,268.0,60.8,1842.0,31.364113895216203,1.0,Bd32-2bc,Bd,0
2023-09-18 00:00:00,Synthetic negative example,No recorded landslide at this location on 2023-09-18,none,India,IN,Mizoram,92.6724,24.042,23.8,48.2,91.7,179.5,28.5,808.0,6.133310012526581,10.0,Bd61-2c,Bd,0
2019-08-12 00:00:00,Synthetic negative example,No recorded landslide at this location on 2019-08-12,none,India,IN,Nagaland,94.1497,25.8266,1.0,20.8,46.9,132.1,20.6,1394.0,29.25896401491808,5.0,Ao76-2/3c,Ao,0
2013-08-16 00:00:00,"Longlem, Nagaland","Two villages- Oting and Longlem under 41 Tizit A/C remained  cut-off from the rest of the district due to heavy mudslide that occurred on August 16 last. The mudslide covered about 60-70 metre stretch of road near Longlem village. It has been reported that the residents of both the villages were facing shortage of essential commodities as their life-line has been blocked by the mudslide for more than 10 days. It may be mentioned that a JCB had reached the major mudslide site on August 20 to clear the road. However, according to a villager, the JCB which had gone for refueling on August 22, before clearing even 1/3 (one third) of the affected road, never returned.",rain,India,IN,Assam,94.9275,26.8727,36.7,45.85,83.15,218.2,36.7,134.0,2.273255293928232,25.0,Af48-2ab,Af,1
2015-06-19 00:00:00,"amei to Kangpokpi via Imphal road, 0.5 km from Tamei, Tamenglang District",Tamei to Kangpokpi via Imphal road remained cut off for the last few days due to huge landslides near a diesel oil pump located some half a kilometer from Tamei Headquarters.  Contractor engaged under NEC road construction at Tamei has been clearing the site for two days,monsoon,India,IN,Manipur,93.686,25.16,1.74,5.62,28.44,103.94,8.69,1016.0,36.10655674778545,1.0,Bh16-2/3c,Bh,1
2011-07-25 00:00:00,Synthetic negative example,No recorded landslide at this location on 2011-07-25,none,India,IN,Assam,91.7351,26.1548,11.3,135.1,261.0,427.7,95.0,56.0,1.852254273911334,,Ao79-a,Ao,0
2014-06-13 00:00:00,Synthetic negative example,No recorded landslide at this location on 2014-06-13,none,India,IN,Nagaland,94.2341227,25.51614662,6.5,17.0,78.7,162.3,28.5,1646.0,20.170835089310476,1.0,Ao76-2/3c,Ao,0
2010-06-13 00:00:00,Synthetic negative example,No recorded landslide at this location on 2010-06-13,none,India,IN,Sikkim,88.6069,27.3383,5.2,38.8,143.9,262.4,39.5,1514.0,14.993125541982852,50.0,Bd32-2bc,Bd,0
2011-05-31 14:30:00,"Gaoilung(Gadailong) village(?), Ward 4(?), Tamenglong, Manipur","June 1, 2011  A major landslide at Tamenglong has reportedly claimed two lives yesterday. According to a source, two members of a family, a brother and a sister were killed in a massive landslide at the Gaoilung village, Tamenlong ward No. 4 yesterday afternoon at around 2:30 pm.  The deceased brother and sisters were identified as one Masamdingliu, 13 and Mathemsonang, 8 children of Dr. Kiulang originally hailing from Dilong village.  According to the source, the siblings were killed while there house was dragged along by the land slide, triggered by torrential rain yesterday.",downpour,India,IN,Manipur,93.5935,24.8286,15.72,45.38,50.95,196.32,16.66,729.0,37.974740545343984,50.0,Bh16-2/3c,Bh,1
2023-08-07 00:00:00,Synthetic negative example,No recorded landslide at this location on 2023-08-07,none,India,IN,Assam,93.123,25.1718,3.9,20.9,34.0,74.8,10.4,718.0,13.239755820989554,10.0,Ao76-2/3c,Ao,0
2021-09-16 00:00:00,Synthetic negative example,No recorded landslide at this location on 2021-09-16,none,India,IN,Manipur,93.9157,24.6869,4.2,7.4,11.8,29.8,4.2,777.0,0.0,50.0,Gh12-2a,Gh,0
2011-07-06 00:00:00,Synthetic negative example,No recorded landslide at this location on 2011-07-06,none,India,IN,Assam,92.3576,24.8669,11.5,20.1,157.4,269.1,78.4,20.0,2.0413777681804106,1.0,Ge53-3a,Ge,0
2014-07-24 00:00:00,Synthetic negative example,No recorded landslide at this location on 2014-07-24,none,India,IN,Assam,91.6849,26.1001,33.7,173.8,213.3,446.6,108.8,84.0,24.925661978622223,5.0,Ao77-2a,Ao,0
2013-04-07 00:00:00,"Dibang Valley, Arunachal Pradesh","A monsoon-like situation, with heavy showers triggering landslides, has been prevailing in Dibang Valley district in Arunachal Pradesh, which is prone to natural calamities like flood. Due to intermittent downpour in the district for the last several days, Anini-Roing road -- the thoroughfare linking the district -- has suffered massive blockade at numerous points bringing surface communication along the route to a grinding halt.The affected areas are Erone, Endulin, Ranli, Hunli and Deopani, official sources said on Sunday.Deputy Commissioner (DC) Tamune Miso, who, along with a team of officials, was on an inspection of various ongoing projects at Etalin, Anelih and Arzoo circles, was stranded at Etalin on Saturday due to snapping of road from both ends following the landslides, the sources said.The DC met the Border Roads Organisation (BRO) officials at wayside camp offices and sought cooperation from the road construction agency for clearing the road blockades.",rain,India,IN,Arunachal Pradesh,96.1509,28.8254,0.08,5.32,14.62,36.3,6.72,3640.0,29.62275080740819,,I-Af-Bd-2c,I,1
2023-06-28 00:00:00,Synthetic negative example,No recorded landslide at this location on 2023-06-28,none,India,IN,Mizoram,92.5217,23.7705,9.8,38.6,62.6,79.5,22.4,73.0,9.728201491806368,5.0,Bd61-2c,Bd,0
2015-06-05 00:00:00,Synthetic negative example,No recorded landslide at this location on 2015-06-05,none,India,IN,Arunachal Pradesh,95.3429,28.9205,19.0,28.4,142.6,374.40000000000003,44.2,4053.0,30.316394624804257,,I-Be-2c,I,0
2011-07-07 00:00:00,Maram (80 km north of Imphal),"Imphal, July 07 2011: More than 100 stranded loaded trucks are waiting their turn to drive down towards Imphal at the landslide hit Maram bazar, 80km north of Imphal, while an equal number of empty trucks lining up on the other side of the NH 39, to move towards Dimapur (Nagaland) .  The movement of the trucks has been severely affected to landslide at Maram since the last few days.  Maram Students Union had already sought help and cooperation from the concerned authorities to properly make the route motorable.  This picture was taken by Karaiba,a resident of Maram Bazar at around 6.10pm today, saying that the trucks started lining up at Maram since morning (7am) onwards.  Presently one JCV has been reportedly put into service to clear the route.  A large portion of NH-39 has sunk between Maram Bazar and Maram Centre beneath the 5 Assam Rifles camp.",rain,India,IN,Nagaland,94.1079,25.4191,2.6,11.26,55.45,151.32,17.38,1392.0,10.209837985587429,5.0,Ao76-2/3c,Ao,1
2012-07-28 00:00:00,Synthetic negative example,No recorded landslide at this location on 2012-07-28,none,India,IN,Nagaland,94.1167,25.616,16.2,45.1,112.1,193.6,31.1,1589.0,29.56631726951452,10.0,Ao76-2/3c,Ao,0
2014-08-24 00:00:00,Synthetic negative example,No recorded landslide at this location on 2014-08-24,none,India,IN,Mizoram,92.7175,23.7281,1.0,3.0,17.900000000000002,77.8,6.2,1075.0,8.496937956006335,25.0,Bd61-2c,Bd,0
2009-09-17 00:00:00,"4th Mile on road between Rongli, Rhenock and Rangpo in East Sikkim.","A massive landslide that occurred in the morning of September 17 at 4th Mile has completely disrupted the traffic movement between Rongli, Rhenock and Rangpo in East Sikkim. The entire stretch has been washed away by the landslide creating trouble for the commuters.",rain,India,IN,Sikkim,88.6115,27.1954,4.39,10.49,13.42,69.31,6.1,471.0,7.161187087203872,5.0,Bd32-2bc,Bd,1
2011-09-23 00:00:00,"Maighuli, Guwahati, Meghalaya","Four persons today got buried alive and 10 others were injured in a landslide at Maighuli, along the Assam-Meghalaya border, police said. Incessant rains triggered the landslip along the hills of Maighuli on the Meghalaya side of the border, Kamrup (metro) SSP Deepak Choudhury said. The victims were sheltered in a cluster of houses along the foothills in the area when a large chunk of earth fell on them.Both the Assam and Meghalaya governments launched rescue operation during which four were found dead, officials said. Ten others were brought out of the debris and admitted to Beltola Army Hospital with injuries, they said.",downpour,India,IN,Assam,91.7351,26.1548,10.55,36.67,79.84,169.18,32.86,56.0,1.852254273911334,,Ao79-a,Ao,1
2020-09-23 00:00:00,Synthetic negative example,No recorded landslide at this location on 2020-09-23,none,India,IN,Manipur,93.9482,24.8063,5.8,74.5,84.7,93.6,55.3,780.0,1.3781307546716215,50.0,Ao76-2/3c,Ao,0
2023-09-11 00:00:00,Synthetic negative example,No recorded landslide at this location on 2023-09-11,none,India,IN,Manipur,94.0489,25.4477,2.5,15.8,22.3,49.0,10.0,1325.0,24.119907126086968,1.0,Ao76-2/3c,Ao,0
2010-07-29 00:00:00,"Maram area in Senapati district, National Highway 39",Manipur’s National Highway 39 has been cut off from the rest of the region after a heavy landslide at Maram area in Senapati district. The Imphal-Mao section of the NH-39 has been cut off due to landslide at Maram bazaar following heavy rainfall in the last few days. The landslide took place on Thursday cutting off the road totally leaving many vehicles stranded on both sides of the stretch.,downpour,India,IN,Nagaland,94.1054,25.4196,17.06,32.41,58.35,101.04,17.06,1400.0,22.47272827882763,5.0,Ao76-2/3c,Ao,1
2020-06-21 00:00:00,Synthetic negative example,No recorded landslide at this location on 2020-06-21,none,India,IN,Assam,91.7986,26.1699,8.0,26.4,151.2,229.8,53.4,144.0,1.386771132207247,25.0,Af48-2ab,Af,0
2011-09-22 00:00:00,Synthetic negative example,No recorded landslide at this location on 2011-09-22,none,India,IN,Nagaland,94.7031,26.0977,11.5,23.7,53.3,101.8,22.0,1703.0,27.369455013928143,25.0,Ao76-2/3c,Ao,0
2013-07-02 00:00:00,Synthetic negative example,No recorded landslide at this location on 2013-07-02,none,India,IN,Mizoram,92.8416,22.7176,13.8,47.3,116.7,178.5,43.3,728.0,24.51559955702803,25.0,Bh16-2/3c,Bh,0
2018-07-19 00:00:00,Synthetic negative example,No recorded landslide at this location on 2018-07-19,none,India,IN,Assam,91.3681,25.9611,0.1,27.2,81.7,160.8,34.8,181.0,5.635158792453883,50.0,Ao77-2a,Ao,0
2010-06-25 00:00:00,Synthetic negative example,No recorded landslide at this location on 2010-06-25,none,India,IN,Nagaland,94.9439,26.3897,24.1,66.6,153.5,283.0,36.2,522.0,5.15715117338214,10.0,Bh16-2/3c,Bh,0
2014-07-08 00:00:00,Synthetic negative example,No recorded landslide at this location on 2014-07-08,none,India,IN,Assam,92.3814,24.6005,0.8,7.6000000000000005,43.3,120.2,12.9,86.0,17.429220646877386,25.0,Ge53-3a,Ge,0
